0,-0.4976,-0.02523
0.001,-0.4976,-0.02523
0.002,-0.4976,-0.02523
0.003,-0.4976,-0.02523
0.004,-0.4976,-0.02523
0.005,-0.4976,-0.02523
0.006,-0.4976,-0.02523
0.007,-0.4976,-0.02523
0.008,-0.4976,-0.02523
0.009,-0.4976,-0.02523
0.01,-0.4976,-0.02523
0.011,-0.4976,-0.02523
0.012,-0.4976,-0.02523
0.013,-0.4976,-0.02523
0.014,-0.4976,-0.02523
0.015,-0.4976,-0.02523
0.016,-0.4976,-0.02523
0.017,-0.4976,-0.02523
0.018,-0.49739,-0.02522
0.019,-0.49739,-0.02522
0.02,-0.49739,-0.02522
0.021,-0.49739,-0.02522
0.022,-0.49739,-0.02522
0.023,-0.49739,-0.02522
0.024,-0.49739,-0.02522
0.025,-0.49739,-0.02522
0.026,-0.49739,-0.02522
0.027,-0.49739,-0.02522
0.028,-0.49739,-0.02522
0.029,-0.49739,-0.02522
0.03,-0.49739,-0.02522
0.031,-0.49739,-0.02522
0.032,-0.49739,-0.02522
0.033,-0.49739,-0.02522
0.034,-0.49739,-0.02522
0.035,-0.49739,-0.02522
0.036,-0.49739,-0.02522
0.037,-0.49739,-0.02522
0.038,-0.49739,-0.02522
0.039,-0.49739,-0.02522
0.04,-0.49739,-0.02522
0.041,-0.49739,-0.02522
0.042,-0.49739,-0.02522
0.043,-0.49739,-0.02522
0.044,-0.49739,-0.02522
0.045,-0.49739,-0.02522
0.046,-0.49739,-0.02522
0.047,-0.49739,-0.02522
0.048,-0.49739,-0.02522
0.049,-0.49739,-0.02522
0.05,-0.49739,-0.02522
0.051,-0.49739,-0.02522
0.052,-0.49739,-0.02522
0.053,-0.49739,-0.02522
0.054,-0.49739,-0.02522
0.055,-0.49739,-0.02522
0.056,-0.49739,-0.02522
0.057,-0.49739,-0.02522
0.058,-0.49739,-0.02522
0.059,-0.49739,-0.02522
0.06,-0.49739,-0.02522
0.061,-0.49739,-0.02522
0.062,-0.49739,-0.02522
0.063,-0.49739,-0.02522
0.064,-0.49739,-0.02522
0.065,-0.49739,-0.02522
0.066,-0.49739,-0.02522
0.067,-0.49739,-0.02522
0.068,-0.49739,-0.02522
0.069,-0.49739,-0.02522
0.07,-0.49739,-0.02522
0.071,-0.49739,-0.02522
0.072,-0.49739,-0.02522
0.073,-0.49739,-0.02522
0.074,-0.49739,-0.02522
0.075,-0.49739,-0.02522
0.076,-0.49739,-0.02522
0.077,-0.49739,-0.02522
0.078,-0.49739,-0.02522
0.079,-0.49739,-0.02522
0.08,-0.49739,-0.02522
0.081,-0.49739,-0.02522
0.082,-0.49739,-0.02522
0.083,-0.49739,-0.02522
0.084,-0.49739,-0.02522
0.085,-0.49739,-0.02522
0.086,-0.49739,-0.02522
0.087,-0.49739,-0.02522
0.088,-0.49739,-0.02522
0.089,-0.49739,-0.02522
0.09,-0.49739,-0.02522
0.091,-0.49739,-0.02522
0.092,-0.49739,-0.02522
0.093,-0.49739,-0.02522
0.094,-0.49739,-0.02522
0.095,-0.49739,-0.02522
0.096,-0.49739,-0.02522
0.097,-0.49739,-0.02522
0.098,-0.49739,-0.02522
0.099,-0.49739,-0.02522
0.1,-0.49739,-0.02522
0.101,-0.49739,-0.02522
0.102,-0.49739,-0.02522
0.103,-0.49739,-0.02522
0.104,-0.49739,-0.02522
0.105,-0.49739,-0.02522
0.106,-0.49739,-0.02522
0.107,-0.49739,-0.02522
0.108,-0.49739,-0.02522
0.109,-0.49739,-0.02522
0.11,-0.49739,-0.02522
0.111,-0.49739,-0.02522
0.112,-0.49739,-0.02522
0.113,-0.49739,-0.02522
0.114,-0.49739,-0.02522
0.115,-0.49739,-0.02522
0.116,-0.49739,-0.02522
0.117,-0.49739,-0.02522
0.118,-0.49739,-0.02522
0.119,-0.49739,-0.02522
0.12,-0.49739,-0.02522
0.121,-0.49739,-0.02522
0.122,-0.49739,-0.02522
0.123,-0.49739,-0.02522
0.124,-0.49739,-0.02522
0.125,-0.49739,-0.02522
0.126,-0.49739,-0.02522
0.127,-0.49739,-0.02522
0.128,-0.49739,-0.02522
0.129,-0.49739,-0.02522
0.13,-0.49739,-0.02522
0.131,-0.49739,-0.02522
0.132,-0.49739,-0.02522
0.133,-0.49739,-0.02522
0.134,-0.49739,-0.02522
0.135,-0.49739,-0.02522
0.136,-0.49739,-0.02522
0.137,-0.49739,-0.02522
0.138,-0.49739,-0.02522
0.139,-0.49739,-0.02522
0.14,-0.49739,-0.02522
0.141,-0.49739,-0.02522
0.142,-0.49739,-0.02522
0.143,-0.49739,-0.02522
0.144,-0.49739,-0.02522
0.145,-0.49739,-0.02522
0.146,-0.49739,-0.02522
0.147,-0.49739,-0.02522
0.148,-0.49739,-0.02522
0.149,-0.49739,-0.02522
0.15,-0.49739,-0.02522
0.151,-0.49739,-0.02522
0.152,-0.49739,-0.02522
0.153,-0.49739,-0.02522
0.154,-0.49739,-0.02522
0.155,-0.49739,-0.02522
0.156,-0.49739,-0.02522
0.157,-0.49739,-0.02522
0.158,-0.49739,-0.02522
0.159,-0.49739,-0.02522
0.16,-0.49739,-0.02522
0.161,-0.49739,-0.02522
0.162,-0.49739,-0.02522
0.163,-0.49739,-0.02522
0.164,-0.49739,-0.02522
0.165,-0.49739,-0.02522
0.166,-0.49739,-0.02522
0.167,-0.49739,-0.02522
0.168,-0.49739,-0.02522
0.169,-0.49739,-0.02522
0.17,-0.49739,-0.02522
0.171,-0.49739,-0.02522
0.172,-0.49739,-0.02522
0.173,-0.49748,-0.02523
0.174,-0.49722,-0.02522
0.175,-0.4966,-0.0252
0.176,-0.49576,-0.02517
0.177,-0.4952,-0.02515
0.178,-0.49574,-0.02517
0.179,-0.49762,-0.02523
0.18,-0.50079,-0.02534
0.181,-0.50433,-0.02547
0.182,-0.50659,-0.02555
0.183,-0.50566,-0.02551
0.184,-0.50044,-0.02532
0.185,-0.49118,-0.02499
0.186,-0.48009,-0.0246
0.187,-0.47114,-0.02428
0.188,-0.46915,-0.02422
0.189,-0.47941,-0.02459
0.19,-0.50488,-0.0255
0.191,-0.54562,-0.02694
0.192,-0.59812,-0.02877
0.193,-0.65557,-0.03071
0.194,-0.71074,-0.0325
0.195,-0.75622,-0.03386
0.196,-0.78644,-0.03459
0.197,-0.79811,-0.03457
0.198,-0.79014,-0.03379
0.199,-0.76482,-0.03236
0.2,-0.72522,-0.03042
0.201,-0.67454,-0.02811
0.202,-0.61532,-0.02556
0.203,-0.54922,-0.02286
0.204,-0.47868,-0.02013
0.205,-0.40543,-0.01743
0.206,-0.33127,-0.01484
0.207,-0.25814,-0.01242
0.208,-0.18793,-0.01025
0.209,-0.12329,-0.00838
0.21,-0.06556,-0.00685
0.211,-0.01574,-0.00567
0.212,0.02558,-0.00483
0.213,0.05834,-0.00431
0.214,0.08224,-0.00409
0.215,0.09832,-0.00411
0.216,0.10755,-0.00434
0.217,0.11088,-0.00472
0.218,0.10952,-0.0052
0.219,0.1039,-0.00576
0.22,0.09592,-0.00632
0.221,0.08676,-0.00686
0.222,0.0772,-0.00733
0.223,0.06797,-0.00771
0.224,0.05883,-0.00799
0.225,0.05073,-0.00814
0.226,0.04395,-0.00814
0.227,0.03844,-0.00799
0.228,0.0341,-0.0077
0.229,0.03026,-0.00729
0.23,0.02711,-0.00676
0.231,0.02459,-0.00613
0.232,0.02257,-0.00544
0.233,0.02099,-0.00472
0.234,0.01972,-0.00402
0.235,0.01889,-0.00336
0.236,0.01867,-0.0028
0.237,0.01922,-0.00236
0.238,0.02063,-0.0021
0.239,0.02308,-0.00203
0.24,0.02652,-0.00216
0.241,0.0309,-0.00251
0.242,0.03608,-0.00307
0.243,0.04182,-0.00383
0.244,0.04787,-0.00477
0.245,0.05378,-0.00585
0.246,0.05913,-0.00703
0.247,0.06348,-0.00828
0.248,0.06644,-0.00954
0.249,0.06769,-0.01077
0.25,0.06704,-0.01193
0.251,0.06438,-0.01298
0.252,0.05976,-0.0139
0.253,0.05339,-0.01465
0.254,0.04557,-0.0152
0.255,0.03678,-0.01555
0.256,0.02753,-0.0157
0.257,0.0184,-0.01564
0.258,0.00999,-0.01538
0.259,0.00284,-0.01491
0.26,-0.00261,-0.01428
0.261,-0.006,-0.0135
0.262,-0.00712,-0.0126
0.263,-0.00589,-0.01162
0.264,-0.0024,-0.01059
0.265,0.00309,-0.00956
0.266,0.01023,-0.00858
0.267,0.01856,-0.00769
0.268,0.02754,-0.00692
0.269,0.03665,-0.00631
0.27,0.04535,-0.00589
0.271,0.05317,-0.00566
0.272,0.0597,-0.00564
0.273,0.0646,-0.00581
0.274,0.06772,-0.00615
0.275,0.06898,-0.00662
0.276,0.06845,-0.00718
0.277,0.06624,-0.00779
0.278,0.06254,-0.0084
0.279,0.05766,-0.00897
0.28,0.05194,-0.00945
0.281,0.04568,-0.0098
0.282,0.03919,-0.01002
0.283,0.03271,-0.01008
0.284,0.02649,-0.01001
0.285,0.02075,-0.00981
0.286,0.01559,-0.0095
0.287,0.01109,-0.00913
0.288,0.00727,-0.00872
0.289,0.00414,-0.00831
0.29,0.00167,-0.00795
0.291,-1.66E-04,-0.00765
0.292,-0.00143,-0.00744
0.293,-0.00219,-0.00733
0.294,-0.00245,-0.00732
0.295,-0.0023,-0.00742
0.296,-0.00178,-0.00761
0.297,-9.38E-04,-0.00786
0.298,1.36E-04,-0.00817
0.299,0.00146,-0.0085
0.3,0.0029,-0.00883
0.301,0.00435,-0.00915
0.302,0.0057,-0.00943
0.303,0.00682,-0.00964
0.304,0.00769,-0.00979
0.305,0.00818,-0.00984
0.306,0.00818,-0.0098
0.307,0.00764,-0.00964
0.308,0.00648,-0.00937
0.309,0.0048,-0.00899
0.31,0.00265,-0.00848
0.311,9.93E-05,-0.00787
0.312,-0.00275,-0.00714
0.313,-0.00581,-0.00634
0.314,-0.00888,-0.00547
0.315,-0.01185,-0.00458
0.316,-0.01459,-0.0037
0.317,-0.01705,-0.00286
0.318,-0.01922,-0.00211
0.319,-0.02106,-0.0015
0.32,-0.02267,-0.00106
0.321,-0.02415,-8.15E-04
0.322,-0.02563,-7.94E-04
0.323,-0.02726,-9.98E-04
0.324,-0.02915,-0.00143
0.325,-0.03145,-0.00206
0.326,-0.03427,-0.00284
0.327,-0.03763,-0.00375
0.328,-0.04147,-0.0047
0.329,-0.04564,-0.00565
0.33,-0.05,-0.00653
0.331,-0.05431,-0.00728
0.332,-0.05829,-0.00785
0.333,-0.06166,-0.0082
0.334,-0.06403,-0.0083
0.335,-0.0652,-0.00814
0.336,-0.06496,-0.00773
0.337,-0.06322,-0.0071
0.338,-0.06,-0.00629
0.339,-0.05535,-0.00533
0.34,-0.04953,-0.00431
0.341,-0.0429,-0.00326
0.342,-0.03588,-0.00226
0.343,-0.02902,-0.00136
0.344,-0.02278,-6.24E-04
0.345,-0.01769,-7.99E-05
0.346,-0.01421,2.41E-04
0.347,-0.0127,3.20E-04
0.348,-0.01346,1.50E-04
0.349,-0.01654,-2.53E-04
0.35,-0.02187,-8.66E-04
0.351,-0.02922,-0.00166
0.352,-0.03827,-0.00258
0.353,-0.04854,-0.00361
0.354,-0.0594,-0.00467
0.355,-0.07023,-0.00572
0.356,-0.0804,-0.00671
0.357,-0.08936,-0.00759
0.358,-0.09664,-0.00834
0.359,-0.10182,-0.00892
0.36,-0.10471,-0.00932
0.361,-0.10528,-0.00953
0.362,-0.10367,-0.00957
0.363,-0.10019,-0.00945
0.364,-0.09521,-0.00921
0.365,-0.08929,-0.00888
0.366,-0.08301,-0.00852
0.367,-0.07698,-0.00816
0.368,-0.07177,-0.00785
0.369,-0.0678,-0.00762
0.37,-0.06546,-0.00751
0.371,-0.06498,-0.00754
0.372,-0.06645,-0.0077
0.373,-0.06982,-0.008
0.374,-0.07476,-0.00841
0.375,-0.08095,-0.0089
0.376,-0.08795,-0.00945
0.377,-0.09532,-0.01
0.378,-0.10261,-0.01053
0.379,-0.10924,-0.01099
0.38,-0.11489,-0.01135
0.381,-0.11928,-0.01161
0.382,-0.12227,-0.01176
0.383,-0.12389,-0.01179
0.384,-0.1242,-0.01172
0.385,-0.12347,-0.01158
0.386,-0.12202,-0.01139
0.387,-0.12027,-0.01119
0.388,-0.11864,-0.01099
0.389,-0.1175,-0.01082
0.39,-0.11724,-0.01069
0.391,-0.11812,-0.01061
0.392,-0.1203,-0.01057
0.393,-0.12379,-0.01056
0.394,-0.12842,-0.01056
0.395,-0.134,-0.01054
0.396,-0.14018,-0.01048
0.397,-0.14656,-0.01037
0.398,-0.15269,-0.01019
0.399,-0.15798,-0.00994
0.4,-0.16204,-0.00962
0.401,-0.16455,-0.00925
0.402,-0.16526,-0.00886
0.403,-0.16411,-0.00848
0.404,-0.16104,-0.00816
0.405,-0.15629,-0.00792
0.406,-0.15022,-0.0078
0.407,-0.14327,-0.00784
0.408,-0.13607,-0.00805
0.409,-0.12916,-0.00845
0.41,-0.12318,-0.00903
0.411,-0.1187,-0.00976
0.412,-0.11621,-0.01063
0.413,-0.1161,-0.01161
0.414,-0.11856,-0.01265
0.415,-0.12366,-0.01371
0.416,-0.13125,-0.01475
0.417,-0.14102,-0.01575
0.418,-0.15248,-0.01666
0.419,-0.16502,-0.01747
0.42,-0.17796,-0.01817
0.421,-0.1906,-0.01875
0.422,-0.2022,-0.01922
0.423,-0.21204,-0.01957
0.424,-0.21955,-0.01982
0.425,-0.22432,-0.01999
0.426,-0.2261,-0.02009
0.427,-0.2248,-0.02014
0.428,-0.22044,-0.02014
0.429,-0.21334,-0.02009
0.43,-0.20396,-0.02001
0.431,-0.19287,-0.0199
0.432,-0.1807,-0.01977
0.433,-0.16808,-0.0196
0.434,-0.15575,-0.0194
0.435,-0.14436,-0.01916
0.436,-0.13447,-0.01891
0.437,-0.12646,-0.01862
0.438,-0.12061,-0.01829
0.439,-0.11705,-0.01794
0.44,-0.11576,-0.01755
0.441,-0.11653,-0.01715
0.442,-0.11906,-0.01672
0.443,-0.12287,-0.01628
0.444,-0.12757,-0.01582
0.445,-0.13258,-0.01535
0.446,-0.13742,-0.01489
0.447,-0.14163,-0.01443
0.448,-0.14478,-0.01398
0.449,-0.14671,-0.01356
0.45,-0.1472,-0.01318
0.451,-0.14619,-0.01284
0.452,-0.14377,-0.01255
0.453,-0.14005,-0.0123
0.454,-0.13543,-0.01212
0.455,-0.13015,-0.01198
0.456,-0.12454,-0.01188
0.457,-0.11892,-0.01181
0.458,-0.11357,-0.01176
0.459,-0.10881,-0.01171
0.46,-0.10476,-0.01165
0.461,-0.10151,-0.01155
0.462,-0.09905,-0.01142
0.463,-0.09731,-0.01124
0.464,-0.09616,-0.01102
0.465,-0.0954,-0.01077
0.466,-0.09481,-0.01049
0.467,-0.0942,-0.01021
0.468,-0.09339,-0.00995
0.469,-0.09229,-0.00974
0.47,-0.09081,-0.0096
0.471,-0.08896,-0.00954
0.472,-0.08684,-0.00958
0.473,-0.08457,-0.00973
0.474,-0.08245,-0.01
0.475,-0.08069,-0.01036
0.476,-0.07953,-0.01082
0.477,-0.07918,-0.01133
0.478,-0.07977,-0.01188
0.479,-0.08151,-0.01243
0.48,-0.08438,-0.01296
0.481,-0.08828,-0.01343
0.482,-0.093,-0.01383
0.483,-0.09817,-0.01411
0.484,-0.10351,-0.01429
0.485,-0.10856,-0.01435
0.486,-0.11288,-0.01428
0.487,-0.11599,-0.0141
0.488,-0.11742,-0.0138
0.489,-0.11691,-0.01341
0.49,-0.11425,-0.01293
0.491,-0.10938,-0.01237
0.492,-0.10232,-0.01176
0.493,-0.09322,-0.0111
0.494,-0.08251,-0.0104
0.495,-0.07064,-0.00969
0.496,-0.05815,-0.00897
0.497,-0.04559,-0.00827
0.498,-0.03354,-0.00759
0.499,-0.02264,-0.00695
0.5,-0.01336,-0.00638
0.501,-0.00604,-0.00588
0.502,-9.19E-04,-0.00547
0.503,0.00193,-0.00515
0.504,0.00246,-0.00492
0.505,9.53E-04,-0.00479
0.506,-0.00223,-0.00474
0.507,-0.00667,-0.00474
0.508,-0.01183,-0.00479
0.509,-0.01729,-0.00485
0.51,-0.02245,-0.00491
0.511,-0.02684,-0.00492
0.512,-0.03009,-0.00487
0.513,-0.03187,-0.00473
0.514,-0.03215,-0.00452
0.515,-0.03085,-0.00423
0.516,-0.02804,-0.00386
0.517,-0.02392,-0.00344
0.518,-0.01876,-0.00299
0.519,-0.01299,-0.00254
0.52,-0.00693,-0.00213
0.521,-9.25E-04,-0.00178
0.522,0.00471,-0.00152
0.523,0.0097,-0.00135
0.524,0.01383,-0.00128
0.525,0.01704,-0.00131
0.526,0.01934,-0.00141
0.527,0.02077,-0.00157
0.528,0.02144,-0.00175
0.529,0.02153,-0.00192
0.53,0.02127,-0.00206
0.531,0.02084,-0.00213
0.532,0.02039,-0.00213
0.533,0.02,-0.00204
0.534,0.01973,-0.00187
0.535,0.0196,-0.00163
0.536,0.01953,-0.00135
0.537,0.01939,-0.00105
0.538,0.01901,-7.69E-04
0.539,0.01817,-5.36E-04
0.54,0.01672,-3.77E-04
0.541,0.01454,-3.11E-04
0.542,0.01151,-3.46E-04
0.543,0.00762,-4.79E-04
0.544,0.00289,-7.00E-04
0.545,-0.00254,-9.84E-04
0.546,-0.00846,-0.0013
0.547,-0.01459,-0.00161
0.548,-0.02057,-0.00187
0.549,-0.02604,-0.00206
0.55,-0.03069,-0.00215
0.551,-0.03421,-0.0021
0.552,-0.03631,-0.00192
0.553,-0.03678,-0.00161
0.554,-0.03552,-0.00119
0.555,-0.03258,-6.68E-04
0.556,-0.02811,-9.10E-05
0.557,-0.0223,5.05E-04
0.558,-0.01547,0.00108
0.559,-0.00796,0.00159
0.56,-2.13E-04,0.002
0.561,0.00736,0.00228
0.562,0.01436,0.00242
0.563,0.02041,0.0024
0.564,0.02526,0.00222
0.565,0.02874,0.00191
0.566,0.03077,0.00148
0.567,0.03133,9.65E-04
0.568,0.03047,4.09E-04
0.569,0.0284,-1.51E-04
0.57,0.02537,-6.71E-04
0.571,0.02166,-0.00111
0.572,0.01753,-0.00144
0.573,0.0132,-0.00163
0.574,0.0089,-0.00166
0.575,0.00483,-0.00153
0.576,0.0011,-0.00125
0.577,-0.00225,-8.35E-04
0.578,-0.00521,-3.03E-04
0.579,-0.0079,3.02E-04
0.58,-0.0104,9.39E-04
0.581,-0.01284,0.00156
0.582,-0.0153,0.00214
0.583,-0.01786,0.00262
0.584,-0.0206,0.00297
0.585,-0.02353,0.00319
0.586,-0.02659,0.00326
0.587,-0.02967,0.00318
0.588,-0.03254,0.00298
0.589,-0.03498,0.00268
0.59,-0.03678,0.00233
0.591,-0.03771,0.00197
0.592,-0.03754,0.00165
0.593,-0.03611,0.0014
0.594,-0.03322,0.00126
0.595,-0.02889,0.00125
0.596,-0.02319,0.00138
0.597,-0.01627,0.00163
0.598,-0.00845,0.00199
0.599,7.00E-06,0.0024
0.6,0.00866,0.00283
0.601,0.01707,0.00321
0.602,0.02475,0.00349
0.603,0.03118,0.00362
0.604,0.03595,0.00357
0.605,0.03872,0.0033
0.606,0.03926,0.00283
0.607,0.03741,0.00215
0.608,0.0331,0.00132
0.609,0.02645,3.85E-04
0.61,0.01771,-5.88E-04
0.611,0.00725,-0.00152
0.612,-0.00449,-0.00235
0.613,-0.01696,-0.00301
0.614,-0.02962,-0.00343
0.615,-0.04185,-0.00359
0.616,-0.0531,-0.00347
0.617,-0.06286,-0.00308
0.618,-0.07061,-0.00246
0.619,-0.07605,-0.00165
0.62,-0.07896,-7.24E-04
0.621,-0.07928,2.35E-04
0.622,-0.07701,0.00115
0.623,-0.07229,0.00193
0.624,-0.0654,0.00252
0.625,-0.05679,0.00287
0.626,-0.04693,0.00294
0.627,-0.03629,0.00272
0.628,-0.02536,0.00222
0.629,-0.01467,0.00147
0.63,-0.00474,5.17E-04
0.631,0.00402,-5.75E-04
0.632,0.0113,-0.00174
0.633,0.01692,-0.00291
0.634,0.02073,-0.004
0.635,0.02274,-0.00498
0.636,0.02306,-0.00578
0.637,0.02188,-0.00638
0.638,0.01952,-0.00675
0.639,0.01626,-0.00688
0.64,0.01252,-0.00678
0.641,0.00868,-0.00647
0.642,0.00509,-0.00597
0.643,0.0021,-0.00532
0.644,-1.13E-04,-0.00454
0.645,-0.00129,-0.00369
0.646,-0.00132,-0.00278
0.647,-1.80E-04,-0.00186
0.648,0.00205,-9.39E-04
0.649,0.00518,-4.96E-05
0.65,0.00904,7.88E-04
0.651,0.01342,0.00156
0.652,0.01802,0.00226
0.653,0.02254,0.00287
0.654,0.0267,0.0034
0.655,0.03029,0.00384
0.656,0.03314,0.00419
0.657,0.03509,0.00446
0.658,0.03601,0.00463
0.659,0.03595,0.00472
0.66,0.03496,0.00473
0.661,0.03314,0.00466
0.662,0.03061,0.00453
0.663,0.02748,0.00432
0.664,0.02396,0.00405
0.665,0.0202,0.00372
0.666,0.01636,0.00334
0.667,0.01252,0.00292
0.668,0.00876,0.00248
0.669,0.0051,0.00201
0.67,0.00154,0.00155
0.671,-0.00196,0.0011
0.672,-0.00544,6.94E-04
0.673,-0.00892,3.39E-04
0.674,-0.01249,5.54E-05
0.675,-0.0162,-1.44E-04
0.676,-0.02005,-2.48E-04
0.677,-0.02398,-2.51E-04
0.678,-0.02782,-1.51E-04
0.679,-0.03146,4.48E-05
0.68,-0.03474,3.18E-04
0.681,-0.03748,6.49E-04
0.682,-0.0394,0.00101
0.683,-0.04019,0.00138
0.684,-0.03965,0.00174
0.685,-0.03763,0.00204
0.686,-0.03402,0.00228
0.687,-0.02878,0.00244
0.688,-0.02189,0.00252
0.689,-0.01352,0.00251
0.69,-0.00392,0.00244
0.691,0.00659,0.00233
0.692,0.01763,0.0022
0.693,0.02874,0.00207
0.694,0.03944,0.00198
0.695,0.04927,0.00195
0.696,0.05782,0.002
0.697,0.0647,0.00212
0.698,0.06963,0.00232
0.699,0.07236,0.00257
0.7,0.07289,0.00285
0.701,0.07133,0.00313
0.702,0.06782,0.00337
0.703,0.06264,0.00353
0.704,0.05612,0.00359
0.705,0.04878,0.00351
0.706,0.04113,0.00328
0.707,0.0336,0.00291
0.708,0.02663,0.00241
0.709,0.02059,0.0018
0.71,0.01583,0.00112
0.711,0.01256,4.17E-04
0.712,0.01087,-2.62E-04
0.713,0.01071,-8.70E-04
0.714,0.01194,-0.00136
0.715,0.01433,-0.00172
0.716,0.01759,-0.00191
0.717,0.02137,-0.00194
0.718,0.02528,-0.00181
0.719,0.02894,-0.00155
0.72,0.032,-0.00119
0.721,0.03418,-7.82E-04
0.722,0.03528,-3.57E-04
0.723,0.0352,4.26E-05
0.724,0.03394,3.80E-04
0.725,0.03155,6.27E-04
0.726,0.0282,7.66E-04
0.727,0.02413,7.97E-04
0.728,0.01967,7.29E-04
0.729,0.01516,5.81E-04
0.73,0.01091,3.79E-04
0.731,0.00724,1.54E-04
0.732,0.00442,-6.08E-05
0.733,0.00273,-2.32E-04
0.734,0.00227,-3.33E-04
0.735,0.00312,-3.48E-04
0.736,0.00523,-2.66E-04
0.737,0.00853,-8.80E-05
0.738,0.01286,1.80E-04
0.739,0.01794,5.18E-04
0.74,0.0235,9.06E-04
0.741,0.02923,0.00132
0.742,0.03486,0.00173
0.743,0.04013,0.00211
0.744,0.04475,0.00244
0.745,0.04856,0.0027
0.746,0.05142,0.00288
0.747,0.05332,0.00298
0.748,0.05428,0.00299
0.749,0.05436,0.00292
0.75,0.05375,0.00279
0.751,0.05265,0.00261
0.752,0.05126,0.00239
0.753,0.04982,0.00215
0.754,0.04854,0.00192
0.755,0.04765,0.0017
0.756,0.0473,0.00152
0.757,0.04759,0.00139
0.758,0.04854,0.00131
0.759,0.05011,0.00129
0.76,0.05223,0.00132
0.761,0.05478,0.00141
0.762,0.05757,0.00153
0.763,0.06036,0.00169
0.764,0.0629,0.00186
0.765,0.06498,0.00202
0.766,0.06641,0.00217
0.767,0.06703,0.00228
0.768,0.06673,0.00236
0.769,0.06543,0.00238
0.77,0.06316,0.00235
0.771,0.06001,0.00227
0.772,0.05611,0.00215
0.773,0.05169,0.00203
0.774,0.04698,0.0019
0.775,0.04224,0.0018
0.776,0.03773,0.00174
0.777,0.03373,0.00175
0.778,0.0305,0.00185
0.779,0.02821,0.00204
0.78,0.02699,0.00234
0.781,0.0269,0.00272
0.782,0.02796,0.00319
0.783,0.03013,0.00371
0.784,0.03325,0.00427
0.785,0.03712,0.00483
0.786,0.04152,0.00537
0.787,0.04621,0.00585
0.788,0.05097,0.00626
0.789,0.05551,0.00657
0.79,0.05962,0.00678
0.791,0.06313,0.00689
0.792,0.0659,0.00691
0.793,0.06791,0.00681
0.794,0.06912,0.00664
0.795,0.06962,0.0064
0.796,0.06951,0.0061
0.797,0.06895,0.00575
0.798,0.06811,0.00535
0.799,0.06719,0.0049
0.8,0.0664,0.0044
0.801,0.06592,0.00384
0.802,0.06586,0.00321
0.803,0.06629,0.00251
0.804,0.06722,0.00173
0.805,0.06868,8.79E-04
0.806,0.07058,-2.61E-05
0.807,0.07276,-9.64E-04
0.808,0.075,-0.0019
0.809,0.07711,-0.00279
0.81,0.07888,-0.0036
0.811,0.08011,-0.00427
0.812,0.08061,-0.00478
0.813,0.08016,-0.00508
0.814,0.07869,-0.00514
0.815,0.07614,-0.00495
0.816,0.07255,-0.00453
0.817,0.06798,-0.0039
0.818,0.06254,-0.00308
0.819,0.05645,-0.00213
0.82,0.04991,-0.00111
0.821,0.04317,-7.33E-05
0.822,0.03647,9.06E-04
0.823,0.03009,0.00177
0.824,0.02428,0.00248
0.825,0.0192,0.00299
0.826,0.01501,0.00329
0.827,0.01182,0.00336
0.828,0.00971,0.00322
0.829,0.00874,0.00289
0.83,0.00882,0.00241
0.831,0.00987,0.00182
0.832,0.0118,0.00116
0.833,0.01451,4.67E-04
0.834,0.01788,-2.18E-04
0.835,0.02175,-8.60E-04
0.836,0.02595,-0.00144
0.837,0.03036,-0.00194
0.838,0.03481,-0.00237
0.839,0.03924,-0.00272
0.84,0.04351,-0.00301
0.841,0.0475,-0.00325
0.842,0.05111,-0.00345
0.843,0.0542,-0.00364
0.844,0.05673,-0.00382
0.845,0.05861,-0.004
0.846,0.05977,-0.00418
0.847,0.06013,-0.00437
0.848,0.05961,-0.00455
0.849,0.05819,-0.0047
0.85,0.05591,-0.00481
0.851,0.05281,-0.00488
0.852,0.04892,-0.00488
0.853,0.04431,-0.0048
0.854,0.03911,-0.00463
0.855,0.03351,-0.00437
0.856,0.02769,-0.00401
0.857,0.02182,-0.00356
0.858,0.01608,-0.00304
0.859,0.01069,-0.00246
0.86,0.00582,-0.00186
0.861,0.0016,-0.00126
0.862,-0.00186,-6.89E-04
0.863,-0.00451,-1.88E-04
0.864,-0.00629,2.10E-04
0.865,-0.00726,4.77E-04
0.866,-0.00752,5.91E-04
0.867,-0.00717,5.33E-04
0.868,-0.00637,2.98E-04
0.869,-0.00522,-1.15E-04
0.87,-0.00397,-6.86E-04
0.871,-0.00278,-0.00139
0.872,-0.0018,-0.00219
0.873,-0.00114,-0.00303
0.874,-8.56E-04,-0.00388
0.875,-0.00105,-0.00468
0.876,-0.00174,-0.00537
0.877,-0.00286,-0.00591
0.878,-0.00428,-0.00627
0.879,-0.00593,-0.00642
0.88,-0.00769,-0.00635
0.881,-0.00943,-0.00607
0.882,-0.01098,-0.00559
0.883,-0.01209,-0.00495
0.884,-0.01272,-0.00419
0.885,-0.01275,-0.00335
0.886,-0.01211,-0.00249
0.887,-0.01072,-0.00165
0.888,-0.00847,-8.71E-04
0.889,-0.00544,-1.81E-04
0.89,-0.00165,3.98E-04
0.891,0.00285,8.58E-04
0.892,0.00802,0.00121
0.893,0.01382,0.00146
0.894,0.02011,0.00164
0.895,0.0268,0.00177
0.896,0.03382,0.00188
0.897,0.04105,0.00199
0.898,0.04838,0.00213
0.899,0.05562,0.00229
0.9,0.06267,0.00248
0.901,0.06941,0.0027
0.902,0.07567,0.00292
0.903,0.08128,0.00315
0.904,0.08599,0.00333
0.905,0.08971,0.00347
0.906,0.09232,0.00356
0.907,0.0937,0.00358
0.908,0.09377,0.00354
0.909,0.0924,0.00346
0.91,0.08971,0.00335
0.911,0.08581,0.00325
0.912,0.08084,0.00319
0.913,0.07507,0.00321
0.914,0.06868,0.00333
0.915,0.0621,0.00357
0.916,0.05567,0.00396
0.917,0.04978,0.00449
0.918,0.0448,0.00514
0.919,0.04101,0.0059
0.92,0.03872,0.00671
0.921,0.0381,0.00755
0.922,0.03924,0.00836
0.923,0.04212,0.00908
0.924,0.04661,0.00966
0.925,0.05245,0.01007
0.926,0.05933,0.01027
0.927,0.06685,0.01025
0.928,0.07452,0.00998
0.929,0.0819,0.00947
0.93,0.08849,0.00876
0.931,0.09388,0.00787
0.932,0.09772,0.00684
0.933,0.09974,0.00571
0.934,0.09982,0.00452
0.935,0.09792,0.00334
0.936,0.09417,0.0022
0.937,0.08878,0.00115
0.938,0.0821,2.07E-04
0.939,0.07453,-5.91E-04
0.94,0.06654,-0.00123
0.941,0.05861,-0.00172
0.942,0.05122,-0.00204
0.943,0.04483,-0.00221
0.944,0.03978,-0.00225
0.945,0.03635,-0.00217
0.946,0.03471,-0.00202
0.947,0.03491,-0.00182
0.948,0.03694,-0.00158
0.949,0.04059,-0.00133
0.95,0.04559,-0.00111
0.951,0.05162,-9.27E-04
0.952,0.05835,-7.94E-04
0.953,0.06541,-7.08E-04
0.954,0.07238,-6.63E-04
0.955,0.07886,-6.56E-04
0.956,0.08456,-6.71E-04
0.957,0.08928,-6.88E-04
0.958,0.09293,-6.76E-04
0.959,0.09538,-6.16E-04
0.96,0.09665,-4.92E-04
0.961,0.09682,-2.92E-04
0.962,0.0961,-4.76E-06
0.963,0.09476,3.75E-04
0.964,0.09308,8.34E-04
0.965,0.09144,0.00136
0.966,0.09016,0.00193
0.967,0.08948,0.00252
0.968,0.08959,0.0031
0.969,0.09092,0.00365
0.97,0.09373,0.00415
0.971,0.09816,0.00459
0.972,0.10409,0.00496
0.973,0.11097,0.00525
0.974,0.11909,0.00548
0.975,0.12819,0.00567
0.976,0.1379,0.00585
0.977,0.14748,0.00602
0.978,0.15551,0.00618
0.979,0.16195,0.00636
0.98,0.16594,0.00655
0.981,0.1667,0.00675
0.982,0.16315,0.00692
0.983,0.15372,0.007
0.984,0.13831,0.00697
0.985,0.11619,0.00677
0.986,0.08693,0.00635
0.987,0.05018,0.00567
0.988,0.00559,0.00467
0.989,-0.04604,0.00334
0.99,-0.10423,0.00167
0.991,-0.16807,-3.04E-04
0.992,-0.23627,-0.00255
0.993,-0.30706,-0.00501
0.994,-0.37839,-0.00758
0.995,-0.44852,-0.01018
0.996,-0.51552,-0.01271
0.997,-0.57711,-0.01505
0.998,-0.63067,-0.01709
0.999,-0.67419,-0.01874
1,-0.70656,-0.01993
1.001,-0.72678,-0.02063
1.002,-0.73377,-0.02079
1.003,-0.72656,-0.02041
1.004,-0.70525,-0.0195
1.005,-0.67118,-0.01813
1.006,-0.62572,-0.01637
1.007,-0.57021,-0.01429
1.008,-0.50619,-0.01198
1.009,-0.43595,-0.00953
1.01,-0.36242,-0.00706
1.011,-0.28813,-0.00464
1.012,-0.21531,-0.00236
1.013,-0.14595,-2.86E-04
1.014,-0.08224,0.00152
1.015,-0.02576,0.00303
1.016,0.02237,0.0042
1.017,0.06151,0.00504
1.018,0.09154,0.00554
1.019,0.11219,0.0057
1.02,0.12455,0.00558
1.021,0.12971,0.0052
1.022,0.12881,0.00461
1.023,0.12328,0.00384
1.024,0.11387,0.00293
1.025,0.1027,0.00195
1.026,0.09122,9.38E-04
1.027,0.08044,-6.39E-05
1.028,0.07128,-0.00102
1.029,0.06364,-0.00191
1.03,0.05848,-0.0027
1.031,0.05601,-0.00337
1.032,0.05602,-0.00391
1.033,0.05813,-0.00431
1.034,0.06136,-0.00458
1.035,0.06545,-0.00472
1.036,0.0699,-0.00474
1.037,0.07416,-0.00463
1.038,0.07772,-0.00442
1.039,0.08005,-0.0041
1.04,0.08102,-0.00369
1.041,0.08063,-0.00321
1.042,0.07897,-0.00266
1.043,0.07628,-0.00206
1.044,0.07292,-0.00143
1.045,0.06924,-7.83E-04
1.046,0.06564,-1.57E-04
1.047,0.06254,4.29E-04
1.048,0.06029,9.48E-04
1.049,0.05919,0.00137
1.05,0.05938,0.00167
1.051,0.06087,0.00183
1.052,0.06356,0.00182
1.053,0.06726,0.00166
1.054,0.07169,0.00135
1.055,0.0765,9.02E-04
1.056,0.08131,3.56E-04
1.057,0.08573,-2.49E-04
1.058,0.0894,-8.60E-04
1.059,0.09201,-0.00143
1.06,0.09339,-0.00189
1.061,0.09342,-0.00221
1.062,0.09212,-0.00233
1.063,0.08957,-0.00223
1.064,0.08598,-0.00191
1.065,0.08161,-0.00136
1.066,0.0768,-6.06E-04
1.067,0.07187,3.03E-04
1.068,0.06719,0.00131
1.069,0.06307,0.00236
1.07,0.05974,0.00338
1.071,0.0574,0.0043
1.072,0.05615,0.00506
1.073,0.05602,0.0056
1.074,0.05694,0.0059
1.075,0.05876,0.00594
1.076,0.0613,0.00573
1.077,0.06432,0.00527
1.078,0.06759,0.00461
1.079,0.07086,0.00378
1.08,0.07392,0.00286
1.081,0.07659,0.00189
1.082,0.07875,9.39E-04
1.083,0.08032,4.42E-05
1.084,0.08132,-7.48E-04
1.085,0.0818,-0.00141
1.086,0.08185,-0.00192
1.087,0.08158,-0.00227
1.088,0.08109,-0.00248
1.089,0.08056,-0.00255
1.09,0.08009,-0.0025
1.091,0.07976,-0.00237
1.092,0.0796,-0.00217
1.093,0.07956,-0.00192
1.094,0.07963,-0.00166
1.095,0.07971,-0.00139
1.096,0.07969,-0.00113
1.097,0.07942,-8.89E-04
1.098,0.07874,-6.65E-04
1.099,0.07754,-4.58E-04
1.1,0.07575,-2.74E-04
1.101,0.07332,-1.12E-04
1.102,0.07023,3.36E-05
1.103,0.06654,1.71E-04
1.104,0.0624,3.01E-04
1.105,0.05798,4.27E-04
1.106,0.05348,5.50E-04
1.107,0.04913,6.76E-04
1.108,0.04511,8.13E-04
1.109,0.04175,9.62E-04
1.11,0.03921,0.00113
1.111,0.03764,0.00133
1.112,0.0371,0.00156
1.113,0.03753,0.00183
1.114,0.03896,0.00212
1.115,0.04121,0.00245
1.116,0.04404,0.00281
1.117,0.04716,0.00319
1.118,0.05018,0.00358
1.119,0.05284,0.00395
1.12,0.05478,0.0043
1.121,0.05567,0.00461
1.122,0.05525,0.00486
1.123,0.05327,0.00502
1.124,0.04971,0.00509
1.125,0.04452,0.00505
1.126,0.0378,0.00489
1.127,0.02973,0.00461
1.128,0.02056,0.0042
1.129,0.01071,0.00366
1.13,5.77E-04,0.003
1.131,-0.00945,0.00222
1.132,-0.01893,0.00135
1.133,-0.02744,3.82E-04
1.134,-0.03457,-6.43E-04
1.135,-0.04007,-0.0017
1.136,-0.04376,-0.00277
1.137,-0.04554,-0.00382
1.138,-0.04542,-0.00481
1.139,-0.04344,-0.00569
1.14,-0.03987,-0.00644
1.141,-0.03502,-0.00703
1.142,-0.02923,-0.00743
1.143,-0.02294,-0.00762
1.144,-0.01645,-0.00758
1.145,-0.01023,-0.00733
1.146,-0.00465,-0.00688
1.147,-2.48E-05,-0.00626
1.148,0.00334,-0.00551
1.149,0.0054,-0.00467
1.15,0.00602,-0.00383
1.151,0.00522,-0.00303
1.152,0.00306,-0.00233
1.153,-3.54E-04,-0.0018
1.154,-0.00475,-0.00146
1.155,-0.00988,-0.00135
1.156,-0.01552,-0.00149
1.157,-0.02142,-0.00186
1.158,-0.02738,-0.00244
1.159,-0.03318,-0.00319
1.16,-0.03865,-0.00404
1.161,-0.04367,-0.00495
1.162,-0.04821,-0.00583
1.163,-0.05223,-0.00663
1.164,-0.05574,-0.00728
1.165,-0.05879,-0.00773
1.166,-0.06145,-0.00796
1.167,-0.06376,-0.00795
1.168,-0.0658,-0.00769
1.169,-0.06755,-0.0072
1.17,-0.06908,-0.00652
1.171,-0.07041,-0.0057
1.172,-0.07149,-0.00477
1.173,-0.07231,-0.0038
1.174,-0.07272,-0.00283
1.175,-0.07274,-0.00192
1.176,-0.07232,-0.00111
1.177,-0.07144,-4.16E-04
1.178,-0.07012,1.35E-04
1.179,-0.06829,5.32E-04
1.18,-0.06606,7.78E-04
1.181,-0.06354,8.82E-04
1.182,-0.06087,8.62E-04
1.183,-0.05826,7.40E-04
1.184,-0.05582,5.34E-04
1.185,-0.05377,2.73E-04
1.186,-0.05229,-1.84E-05
1.187,-0.05158,-3.19E-04
1.188,-0.05184,-6.06E-04
1.189,-0.0531,-8.67E-04
1.19,-0.05543,-0.00108
1.191,-0.05883,-0.00123
1.192,-0.06326,-0.0013
1.193,-0.06862,-0.0013
1.194,-0.07472,-0.00121
1.195,-0.08134,-0.00104
1.196,-0.08825,-7.91E-04
1.197,-0.09521,-4.66E-04
1.198,-0.10195,-8.82E-05
1.199,-0.10819,3.26E-04
1.2,-0.11374,7.57E-04
1.201,-0.11841,0.00118
1.202,-0.12209,0.00157
1.203,-0.12467,0.00188
1.204,-0.12608,0.00211
1.205,-0.1264,0.00223
1.206,-0.12572,0.00222
1.207,-0.12417,0.00207
1.208,-0.1219,0.00178
1.209,-0.11904,0.00136
1.21,-0.11584,8.10E-04
1.211,-0.11248,1.60E-04
1.212,-0.10915,-5.73E-04
1.213,-0.10604,-0.00136
1.214,-0.10322,-0.00218
1.215,-0.10084,-0.00299
1.216,-0.09899,-0.00378
1.217,-0.09772,-0.00451
1.218,-0.09707,-0.00517
1.219,-0.09702,-0.00574
1.22,-0.09757,-0.00619
1.221,-0.0987,-0.00654
1.222,-0.10038,-0.00675
1.223,-0.10255,-0.00685
1.224,-0.10519,-0.00681
1.225,-0.10822,-0.00666
1.226,-0.1116,-0.00641
1.227,-0.11525,-0.00606
1.228,-0.11905,-0.00564
1.229,-0.12294,-0.00516
1.23,-0.12678,-0.00465
1.231,-0.13045,-0.00415
1.232,-0.1338,-0.00368
1.233,-0.13664,-0.00326
1.234,-0.13883,-0.00292
1.235,-0.14024,-0.00268
1.236,-0.14074,-0.00255
1.237,-0.14022,-0.00253
1.238,-0.13862,-0.00262
1.239,-0.13592,-0.00279
1.24,-0.1322,-0.00303
1.241,-0.12758,-0.0033
1.242,-0.12221,-0.00355
1.243,-0.11631,-0.00375
1.244,-0.11016,-0.00386
1.245,-0.10407,-0.00386
1.246,-0.09837,-0.00371
1.247,-0.09333,-0.0034
1.248,-0.08922,-0.00293
1.249,-0.08629,-0.00234
1.25,-0.08469,-0.00163
1.251,-0.0845,-8.56E-04
1.252,-0.0857,-5.77E-05
1.253,-0.08814,7.14E-04
1.254,-0.0917,0.0014
1.255,-0.09606,0.00198
1.256,-0.10088,0.0024
1.257,-0.1058,0.00265
1.258,-0.11038,0.00272
1.259,-0.11432,0.00261
1.26,-0.11725,0.00236
1.261,-0.11891,0.00201
1.262,-0.1191,0.00158
1.263,-0.11769,0.00112
1.264,-0.11479,6.77E-04
1.265,-0.11051,2.95E-04
1.266,-0.10508,2.47E-06
1.267,-0.09878,-1.81E-04
1.268,-0.09191,-2.49E-04
1.269,-0.08497,-2.12E-04
1.27,-0.07833,-8.61E-05
1.271,-0.07236,1.03E-04
1.272,-0.06733,3.22E-04
1.273,-0.0634,5.38E-04
1.274,-0.06078,7.09E-04
1.275,-0.05945,8.05E-04
1.276,-0.05933,8.02E-04
1.277,-0.06017,6.91E-04
1.278,-0.06164,4.78E-04
1.279,-0.06347,1.65E-04
1.28,-0.06524,-2.30E-04
1.281,-0.06655,-6.79E-04
1.282,-0.06703,-0.00114
1.283,-0.06631,-0.00157
1.284,-0.0643,-0.00192
1.285,-0.06083,-0.00216
1.286,-0.05588,-0.00226
1.287,-0.04957,-0.00217
1.288,-0.04207,-0.00187
1.289,-0.03383,-0.00136
1.29,-0.02517,-6.28E-04
1.291,-0.01651,3.16E-04
1.292,-0.00826,0.00145
1.293,-7.90E-04,0.00275
1.294,0.00543,0.00416
1.295,0.01021,0.00565
1.296,0.01341,0.00716
1.297,0.015,0.00863
1.298,0.01511,0.01
1.299,0.01381,0.01121
1.3,0.01147,0.01222
1.301,0.00847,0.01298
1.302,0.0052,0.01345
1.303,0.00213,0.01362
1.304,-4.48E-04,0.01347
1.305,-0.00213,0.01301
1.306,-0.00266,0.01229
1.307,-0.00185,0.01134
1.308,3.52E-04,0.01019
1.309,0.00381,0.00891
1.31,0.0084,0.00758
1.311,0.01389,0.00625
1.312,0.01995,0.005
1.313,0.02623,0.00386
1.314,0.03229,0.00289
1.315,0.03781,0.00212
1.316,0.04251,0.00157
1.317,0.04617,0.00124
1.318,0.04862,0.0011
1.319,0.04978,0.00115
1.32,0.04974,0.00133
1.321,0.04864,0.00161
1.322,0.04669,0.00194
1.323,0.04413,0.00227
1.324,0.04123,0.00257
1.325,0.03832,0.00279
1.326,0.03566,0.0029
1.327,0.03347,0.00288
1.328,0.03188,0.00273
1.329,0.03095,0.00245
1.33,0.03072,0.00205
1.331,0.0311,0.00154
1.332,0.03195,9.41E-04
1.333,0.03308,2.96E-04
1.334,0.03424,-3.59E-04
1.335,0.03521,-9.90E-04
1.336,0.03579,-0.00156
1.337,0.03582,-0.00204
1.338,0.03519,-0.00238
1.339,0.03383,-0.00254
1.34,0.03178,-0.00252
1.341,0.02913,-0.00228
1.342,0.02605,-0.00182
1.343,0.0228,-0.00114
1.344,0.01963,-2.63E-04
1.345,0.0168,7.86E-04
1.346,0.01456,0.00197
1.347,0.01316,0.00322
1.348,0.01279,0.0045
1.349,0.01357,0.00571
1.35,0.01552,0.0068
1.351,0.01859,0.00769
1.352,0.02265,0.00834
1.353,0.0275,0.00868
1.354,0.03288,0.0087
1.355,0.03847,0.0084
1.356,0.04398,0.00777
1.357,0.04906,0.00687
1.358,0.05342,0.00576
1.359,0.0568,0.0045
1.36,0.05902,0.0032
1.361,0.05998,0.00194
1.362,0.05963,8.21E-04
1.363,0.05802,-8.19E-05
1.364,0.05527,-6.98E-04
1.365,0.05157,-9.78E-04
1.366,0.04717,-9.02E-04
1.367,0.04234,-4.76E-04
1.368,0.03738,2.61E-04
1.369,0.03255,0.00125
1.37,0.02813,0.00243
1.371,0.02435,0.00369
1.372,0.02137,0.00494
1.373,0.01933,0.00607
1.374,0.01826,0.00701
1.375,0.01817,0.00767
1.376,0.01901,0.008
1.377,0.02066,0.00797
1.378,0.02297,0.00756
1.379,0.02581,0.00679
1.38,0.02896,0.00572
1.381,0.03225,0.0044
1.382,0.03551,0.0029
1.383,0.03857,0.00132
1.384,0.04132,-2.68E-04
1.385,0.04364,-0.00177
1.386,0.04546,-0.0031
1.387,0.04671,-0.00421
1.388,0.04737,-0.00503
1.389,0.04745,-0.00554
1.39,0.04696,-0.00573
1.391,0.04593,-0.00561
1.392,0.0444,-0.0052
1.393,0.04243,-0.00453
1.394,0.04008,-0.00367
1.395,0.03744,-0.00267
1.396,0.03457,-0.00161
1.397,0.03157,-5.49E-04
1.398,0.02852,4.71E-04
1.399,0.02552,0.00139
1.4,0.02268,0.00216
1.401,0.0201,0.00277
1.402,0.01787,0.0032
1.403,0.0161,0.00347
1.404,0.01485,0.0036
1.405,0.01419,0.00362
1.406,0.01415,0.00359
1.407,0.01474,0.00355
1.408,0.01593,0.00356
1.409,0.01768,0.00365
1.41,0.01989,0.00389
1.411,0.02243,0.00429
1.412,0.02517,0.00486
1.413,0.02793,0.00558
1.414,0.03059,0.00642
1.415,0.03296,0.00735
1.416,0.03488,0.0083
1.417,0.03624,0.00921
1.418,0.03693,0.00997
1.419,0.0369,0.01053
1.42,0.03615,0.0108
1.421,0.03471,0.01076
1.422,0.03265,0.01035
1.423,0.03005,0.00957
1.424,0.0271,0.00842
1.425,0.02396,0.00696
1.426,0.02081,0.00524
1.427,0.01783,0.00335
1.428,0.01514,0.00139
1.429,0.01292,-5.49E-04
1.43,0.01128,-0.00235
1.431,0.01029,-0.00393
1.432,0.00993,-0.00519
1.433,0.01017,-0.00608
1.434,0.01095,-0.00653
1.435,0.01213,-0.00656
1.436,0.01356,-0.00615
1.437,0.01507,-0.00536
1.438,0.01645,-0.00423
1.439,0.01752,-0.00282
1.44,0.01811,-0.00123
1.441,0.01807,4.46E-04
1.442,0.01729,0.00213
1.443,0.01574,0.00371
1.444,0.01344,0.00514
1.445,0.01041,0.00633
1.446,0.00678,0.00724
1.447,0.00271,0.00783
1.448,-0.00157,0.00808
1.449,-0.00581,0.008
1.45,-0.00978,0.00762
1.451,-0.01324,0.00695
1.452,-0.01596,0.00605
1.453,-0.01773,0.00497
1.454,-0.01839,0.00377
1.455,-0.01788,0.00252
1.456,-0.01618,0.00129
1.457,-0.01334,1.45E-04
1.458,-0.00948,-8.76E-04
1.459,-0.00479,-0.00172
1.46,4.87E-04,-0.00236
1.461,0.00607,-0.00277
1.462,0.01166,-0.00295
1.463,0.01694,-0.00291
1.464,0.02164,-0.00269
1.465,0.02549,-0.00232
1.466,0.0283,-0.00184
1.467,0.02993,-0.00132
1.468,0.0303,-8.02E-04
1.469,0.02943,-3.43E-04
1.47,0.02741,1.06E-05
1.471,0.0244,2.23E-04
1.472,0.02061,2.73E-04
1.473,0.01627,1.44E-04
1.474,0.01166,-1.44E-04
1.475,0.00709,-5.80E-04
1.476,0.00283,-0.00114
1.477,-8.97E-04,-0.00178
1.478,-0.00392,-0.00246
1.479,-0.0061,-0.00315
1.48,-0.00739,-0.0038
1.481,-0.00778,-0.00439
1.482,-0.00737,-0.0049
1.483,-0.00627,-0.00531
1.484,-0.0047,-0.00563
1.485,-0.00286,-0.00587
1.486,-9.95E-04,-0.00604
1.487,7.01E-04,-0.00617
1.488,0.00204,-0.00626
1.489,0.00286,-0.00633
1.49,0.00305,-0.0064
1.491,0.00254,-0.00647
1.492,0.00138,-0.00653
1.493,-3.12E-04,-0.00657
1.494,-0.00241,-0.00656
1.495,-0.00474,-0.00648
1.496,-0.0071,-0.00631
1.497,-0.00926,-0.00603
1.498,-0.01094,-0.0056
1.499,-0.01197,-0.00503
1.5,-0.01219,-0.00432
1.501,-0.01149,-0.00348
1.502,-0.00983,-0.00253
1.503,-0.0072,-0.00152
1.504,-0.00369,-4.70E-04
1.505,5.44E-04,5.55E-04
1.506,0.00533,0.00151
1.507,0.01044,0.00235
1.508,0.01563,0.00304
1.509,0.02064,0.00353
1.51,0.02526,0.0038
1.511,0.02928,0.00386
1.512,0.03257,0.00371
1.513,0.03497,0.00336
1.514,0.03646,0.00283
1.515,0.03705,0.00217
1.516,0.03683,0.00142
1.517,0.03588,6.39E-04
1.518,0.03431,-1.36E-04
1.519,0.03228,-8.62E-04
1.52,0.02997,-0.00149
1.521,0.02755,-0.00199
1.522,0.02512,-0.00232
1.523,0.02278,-0.00248
1.524,0.02057,-0.00247
1.525,0.01856,-0.00229
1.526,0.01672,-0.00195
1.527,0.01503,-0.00148
1.528,0.01343,-9.03E-04
1.529,0.01182,-2.73E-04
1.53,0.01016,3.69E-04
1.531,0.00838,9.82E-04
1.532,0.00645,0.00153
1.533,0.00439,0.00198
1.534,0.00223,0.0023
1.535,7.15E-06,0.00249
1.536,-0.00219,0.00253
1.537,-0.00422,0.00244
1.538,-0.00596,0.00225
1.539,-0.00722,0.00198
1.54,-0.00791,0.0017
1.541,-0.00793,0.00143
1.542,-0.00719,0.00124
1.543,-0.00565,0.00117
1.544,-0.00329,0.00126
1.545,-1.82E-04,0.00153
1.546,0.00356,0.00201
1.547,0.00779,0.00268
1.548,0.01229,0.00352
1.549,0.01687,0.00449
1.55,0.0213,0.00553
1.551,0.02535,0.00659
1.552,0.02879,0.0076
1.553,0.03139,0.0085
1.554,0.03301,0.00922
1.555,0.03355,0.00971
1.556,0.03295,0.00996
1.557,0.0312,0.00996
1.558,0.02835,0.0097
1.559,0.0245,0.00923
1.56,0.01983,0.00859
1.561,0.01453,0.00785
1.562,0.00883,0.00707
1.563,0.00302,0.00632
1.564,-0.0027,0.00566
1.565,-0.00803,0.00515
1.566,-0.01278,0.00483
1.567,-0.01671,0.00472
1.568,-0.01963,0.00481
1.569,-0.02145,0.00508
1.57,-0.02211,0.0055
1.571,-0.02159,0.00602
1.572,-0.01994,0.00658
1.573,-0.0172,0.00712
1.574,-0.01353,0.00756
1.575,-0.00913,0.00786
1.576,-0.00421,0.00798
1.577,0.00102,0.00789
1.578,0.00636,0.00757
1.579,0.01158,0.00704
1.58,0.01648,0.00631
1.581,0.02088,0.00544
1.582,0.02466,0.00446
1.583,0.02773,0.00343
1.584,0.03007,0.00243
1.585,0.0317,0.00149
1.586,0.03267,6.79E-04
1.587,0.03307,3.28E-05
1.588,0.03299,-4.22E-04
1.589,0.03257,-6.60E-04
1.59,0.03198,-6.86E-04
1.591,0.03137,-5.17E-04
1.592,0.03081,-1.81E-04
1.593,0.03035,2.82E-04
1.594,0.03001,8.26E-04
1.595,0.02983,0.00139
1.596,0.02976,0.00192
1.597,0.02972,0.00236
1.598,0.02958,0.00267
1.599,0.02919,0.00281
1.6,0.02843,0.00275
1.601,0.0272,0.00249
1.602,0.02541,0.00204
1.603,0.02302,0.00143
1.604,0.02001,6.96E-04
1.605,0.01645,-1.01E-04
1.606,0.01245,-9.04E-04
1.607,0.00819,-0.00164
1.608,0.00389,-0.00225
1.609,-1.79E-04,-0.00267
1.61,-0.00377,-0.00284
1.611,-0.00664,-0.00274
1.612,-0.00854,-0.00236
1.613,-0.0093,-0.00171
1.614,-0.00875,-8.08E-04
1.615,-0.0069,2.81E-04
1.616,-0.00379,0.00149
1.617,4.50E-04,0.00276
1.618,0.0056,0.00398
1.619,0.0114,0.00507
1.62,0.01746,0.00597
1.621,0.02344,0.00661
1.622,0.02896,0.00696
1.623,0.03366,0.00699
1.624,0.03724,0.0067
1.625,0.0395,0.00613
1.626,0.04029,0.00532
1.627,0.03958,0.00433
1.628,0.03743,0.00325
1.629,0.03402,0.00215
1.63,0.02965,0.0011
1.631,0.02465,1.66E-04
1.632,0.01937,-5.93E-04
1.633,0.01417,-0.00114
1.634,0.00944,-0.00147
1.635,0.00553,-0.00158
1.636,0.00266,-0.00149
1.637,9.91E-04,-0.00124
1.638,5.16E-04,-8.60E-04
1.639,0.0012,-4.14E-04
1.64,0.00287,5.23E-05
1.641,0.00527,4.96E-04
1.642,0.00806,8.80E-04
1.643,0.01084,0.00118
1.644,0.01326,0.00138
1.645,0.01494,0.00147
1.646,0.01558,0.00147
1.647,0.01495,0.00138
1.648,0.01294,0.00123
1.649,0.00955,0.00105
1.65,0.00487,8.51E-04
1.651,-9.04E-04,6.48E-04
1.652,-0.00746,4.57E-04
1.653,-0.0144,2.84E-04
1.654,-0.02128,1.36E-04
1.655,-0.02769,8.49E-06
1.656,-0.03326,-1.05E-04
1.657,-0.03762,-2.15E-04
1.658,-0.04049,-3.31E-04
1.659,-0.04167,-4.57E-04
1.66,-0.04112,-5.96E-04
1.661,-0.03892,-7.49E-04
1.662,-0.03522,-9.14E-04
1.663,-0.03029,-0.00109
1.664,-0.02443,-0.00127
1.665,-0.01805,-0.00143
1.666,-0.01157,-0.00158
1.667,-0.00536,-0.0017
1.668,1.71E-04,-0.0018
1.669,0.00476,-0.00186
1.67,0.00817,-0.0019
1.671,0.01026,-0.00192
1.672,0.01098,-0.00194
1.673,0.01033,-0.00196
1.674,0.00846,-0.002
1.675,0.00555,-0.00208
1.676,0.00184,-0.00222
1.677,-0.00244,-0.00242
1.678,-0.00706,-0.0027
1.679,-0.01176,-0.00306
1.68,-0.01633,-0.00349
1.681,-0.0206,-0.004
1.682,-0.02445,-0.00457
1.683,-0.02782,-0.00517
1.684,-0.03072,-0.00579
1.685,-0.03317,-0.00639
1.686,-0.03523,-0.00694
1.687,-0.03697,-0.00741
1.688,-0.03841,-0.00776
1.689,-0.03968,-0.00795
1.69,-0.04085,-0.00797
1.691,-0.04196,-0.0078
1.692,-0.04297,-0.00743
1.693,-0.04375,-0.00685
1.694,-0.04427,-0.00609
1.695,-0.04448,-0.00518
1.696,-0.04426,-0.00416
1.697,-0.04345,-0.00308
1.698,-0.04184,-0.00199
1.699,-0.03938,-9.51E-04
1.7,-0.036,-2.52E-05
1.701,-0.03169,7.38E-04
1.702,-0.0264,0.0013
1.703,-0.02013,0.00163
1.704,-0.01304,0.00171
1.705,-0.00526,0.00157
1.706,0.00304,0.00122
1.707,0.01165,7.06E-04
1.708,0.02037,8.74E-05
1.709,0.02887,-5.78E-04
1.71,0.03696,-0.00122
1.711,0.04444,-0.00176
1.712,0.0511,-0.00216
1.713,0.05681,-0.00237
1.714,0.06132,-0.00238
1.715,0.06466,-0.00216
1.716,0.06683,-0.00175
1.717,0.06785,-0.00117
1.718,0.06781,-4.82E-04
1.719,0.06673,2.56E-04
1.72,0.06486,9.78E-04
1.721,0.0624,0.00162
1.722,0.05955,0.00212
1.723,0.05654,0.00243
1.724,0.05347,0.00252
1.725,0.05061,0.00237
1.726,0.04815,0.002
1.727,0.04624,0.00144
1.728,0.04499,7.09E-04
1.729,0.04439,-1.26E-04
1.73,0.0445,-0.00101
1.731,0.04533,-0.00188
1.732,0.04681,-0.0027
1.733,0.04888,-0.00341
1.734,0.05138,-0.00398
1.735,0.05418,-0.0044
1.736,0.05713,-0.00467
1.737,0.06012,-0.0048
1.738,0.06302,-0.00481
1.739,0.06569,-0.00473
1.74,0.06805,-0.00459
1.741,0.07005,-0.00445
1.742,0.07167,-0.00433
1.743,0.07292,-0.00423
1.744,0.07383,-0.00419
1.745,0.07448,-0.00421
1.746,0.07495,-0.00429
1.747,0.07534,-0.00439
1.748,0.07572,-0.00449
1.749,0.07615,-0.00457
1.75,0.07672,-0.00458
1.751,0.07745,-0.00449
1.752,0.07833,-0.00428
1.753,0.07933,-0.00391
1.754,0.08034,-0.00337
1.755,0.08129,-0.00266
1.756,0.08205,-0.00177
1.757,0.08253,-7.44E-04
1.758,0.08263,4.09E-04
1.759,0.0822,0.00164
1.76,0.08122,0.00291
1.761,0.07968,0.00416
1.762,0.07761,0.00535
1.763,0.07515,0.00641
1.764,0.07238,0.0073
1.765,0.06952,0.00798
1.766,0.06679,0.00842
1.767,0.06442,0.0086
1.768,0.06269,0.00851
1.769,0.06177,0.00815
1.77,0.06181,0.00756
1.771,0.0629,0.00677
1.772,0.06512,0.00584
1.773,0.06847,0.00481
1.774,0.07276,0.00375
1.775,0.07778,0.00273
1.776,0.08325,0.0018
1.777,0.08891,0.00102
1.778,0.09453,4.32E-04
1.779,0.09975,5.33E-05
1.78,0.10436,-9.86E-05
1.781,0.10819,-2.93E-05
1.782,0.11112,2.40E-04
1.783,0.1131,6.73E-04
1.784,0.1144,0.00123
1.785,0.11532,0.00187
1.786,0.11618,0.00253
1.787,0.11723,0.00317
1.788,0.11847,0.00373
1.789,0.12069,0.0042
1.79,0.12423,0.00455
1.791,0.12929,0.00479
1.792,0.13565,0.00489
1.793,0.14243,0.00486
1.794,0.14986,0.00473
1.795,0.15731,0.00452
1.796,0.16399,0.00423
1.797,0.16869,0.00388
1.798,0.1695,0.00345
1.799,0.16588,0.00295
1.8,0.15659,0.00237
1.801,0.1406,0.00169
1.802,0.11688,8.76E-04
1.803,0.0843,-9.49E-05
1.804,0.04308,-0.00124
1.805,-0.00677,-0.00256
1.806,-0.06475,-0.00407
1.807,-0.12991,-0.00575
1.808,-0.20078,-0.00757
1.809,-0.27525,-0.00947
1.81,-0.35143,-0.01141
1.811,-0.42712,-0.01331
1.812,-0.49974,-0.0151
1.813,-0.56628,-0.01668
1.814,-0.62421,-0.01798
1.815,-0.67188,-0.01894
1.816,-0.70775,-0.01952
1.817,-0.73026,-0.01969
1.818,-0.73795,-0.01942
1.819,-0.73051,-0.01873
1.82,-0.70893,-0.01766
1.821,-0.67432,-0.01627
1.822,-0.62782,-0.01463
1.823,-0.57077,-0.0128
1.824,-0.50539,-0.01087
1.825,-0.43465,-0.00894
1.826,-0.3612,-0.00708
1.827,-0.28731,-0.00536
1.828,-0.2151,-0.00382
1.829,-0.14683,-0.00252
1.83,-0.08446,-0.00147
1.831,-0.02934,-6.86E-04
1.832,0.01763,-1.45E-04
1.833,0.05609,1.82E-04
1.834,0.08556,3.18E-04
1.835,0.10674,3.21E-04
1.836,0.12039,2.43E-04
1.837,0.12738,1.33E-04
1.838,0.1289,4.13E-05
1.839,0.12549,-9.02E-06
1.84,0.11906,2.97E-05
1.841,0.11092,1.82E-04
1.842,0.10201,4.54E-04
1.843,0.09321,8.47E-04
1.844,0.08448,0.00132
1.845,0.07694,0.00186
1.846,0.071,0.00244
1.847,0.06668,0.00301
1.848,0.06387,0.00355
1.849,0.06185,0.00398
1.85,0.06074,0.00428
1.851,0.06037,0.00444
1.852,0.06042,0.00444
1.853,0.06061,0.00429
1.854,0.06053,0.00398
1.855,0.06015,0.00356
1.856,0.05948,0.00308
1.857,0.05856,0.00257
1.858,0.05748,0.00211
1.859,0.05637,0.00174
1.86,0.05534,0.00152
1.861,0.05453,0.00149
1.862,0.05412,0.00168
1.863,0.05422,0.00209
1.864,0.05496,0.00271
1.865,0.05629,0.00351
1.866,0.05817,0.00445
1.867,0.06051,0.00547
1.868,0.06321,0.00648
1.869,0.06615,0.00741
1.87,0.06917,0.00819
1.871,0.07212,0.00876
1.872,0.07485,0.00906
1.873,0.07723,0.00906
1.874,0.0792,0.00874
1.875,0.08071,0.00812
1.876,0.08176,0.00723
1.877,0.08235,0.00612
1.878,0.08248,0.00486
1.879,0.08221,0.00352
1.88,0.08161,0.00218
1.881,0.08074,9.23E-04
1.882,0.07962,-1.95E-04
1.883,0.07827,-0.00111
1.884,0.07671,-0.00179
1.885,0.07494,-0.0022
1.886,0.07296,-0.00234
1.887,0.07076,-0.00224
1.888,0.0683,-0.00191
1.889,0.06559,-0.00139
1.89,0.06264,-7.40E-04
1.891,0.05948,-7.98E-06
1.892,0.05615,7.54E-04
1.893,0.05274,0.00149
1.894,0.04935,0.00217
1.895,0.0461,0.00274
1.896,0.04309,0.00318
1.897,0.04046,0.00347
1.898,0.03832,0.00359
1.899,0.03684,0.00356
1.9,0.03607,0.00337
1.901,0.03603,0.00303
1.902,0.03676,0.00256
1.903,0.0382,0.002
1.904,0.04034,0.00136
1.905,0.04306,6.79E-04
1.906,0.04619,-8.65E-06
1.907,0.04958,-6.75E-04
1.908,0.05298,-0.00129
1.909,0.05626,-0.00182
1.91,0.05921,-0.00223
1.911,0.06165,-0.00252
1.912,0.06341,-0.00267
1.913,0.06429,-0.00267
1.914,0.06425,-0.00253
1.915,0.06322,-0.00226
1.916,0.06118,-0.0019
1.917,0.05814,-0.00145
1.918,0.05412,-9.65E-04
1.919,0.04926,-4.74E-04
1.92,0.04368,-1.61E-05
1.921,0.03754,3.73E-04
1.922,0.03101,6.65E-04
1.923,0.02428,8.39E-04
1.924,0.01758,8.82E-04
1.925,0.01112,7.88E-04
1.926,0.00509,5.63E-04
1.927,-3.32E-04,2.22E-04
1.928,-0.00495,-2.09E-04
1.929,-0.0086,-7.02E-04
1.93,-0.01118,-0.00122
1.931,-0.01265,-0.00175
1.932,-0.01296,-0.00223
1.933,-0.01215,-0.00265
1.934,-0.01021,-0.00297
1.935,-0.00732,-0.00318
1.936,-0.00364,-0.00326
1.937,6.27E-04,-0.0032
1.938,0.00524,-0.00301
1.939,0.01003,-0.00268
1.94,0.01467,-0.00223
1.941,0.01892,-0.00168
1.942,0.02255,-0.00104
1.943,0.02533,-3.43E-04
1.944,0.02717,3.83E-04
1.945,0.02793,0.00111
1.946,0.02758,0.00179
1.947,0.02612,0.00241
1.948,0.02362,0.00291
1.949,0.02023,0.00328
1.95,0.01615,0.00348
1.951,0.0116,0.00349
1.952,0.00679,0.0033
1.953,0.00193,0.0029
1.954,-0.00272,0.00231
1.955,-0.00695,0.00155
1.956,-0.01059,6.39E-04
1.957,-0.01355,-3.70E-04
1.958,-0.01579,-0.00143
1.959,-0.01726,-0.00249
1.96,-0.01801,-0.00349
1.961,-0.01811,-0.00439
1.962,-0.01771,-0.00512
1.963,-0.01702,-0.00567
1.964,-0.01611,-0.006
1.965,-0.01519,-0.00611
1.966,-0.01442,-0.006
1.967,-0.01394,-0.00569
1.968,-0.01394,-0.00521
1.969,-0.01439,-0.0046
1.97,-0.01541,-0.00391
1.971,-0.01701,-0.00318
1.972,-0.0192,-0.00246
1.973,-0.02198,-0.0018
1.974,-0.02521,-0.00122
1.975,-0.02887,-7.51E-04
1.976,-0.03289,-4.05E-04
1.977,-0.03719,-1.88E-04
1.978,-0.04169,-1.03E-04
1.979,-0.04625,-1.34E-04
1.98,-0.05079,-2.71E-04
1.981,-0.05523,-5.01E-04
1.982,-0.0595,-8.07E-04
1.983,-0.0635,-0.00118
1.984,-0.06708,-0.0016
1.985,-0.07016,-0.00207
1.986,-0.07266,-0.00258
1.987,-0.07452,-0.00313
1.988,-0.07571,-0.00369
1.989,-0.07608,-0.00427
1.99,-0.07567,-0.00485
1.991,-0.0745,-0.00542
1.992,-0.07265,-0.00595
1.993,-0.07028,-0.00642
1.994,-0.06744,-0.0068
1.995,-0.06436,-0.00706
1.996,-0.06127,-0.00718
1.997,-0.05843,-0.00714
1.998,-0.05618,-0.00692
1.999,-0.05467,-0.00651
2,-0.05418,-0.00591
2.001,-0.05491,-0.00514
2.002,-0.05702,-0.00423
2.003,-0.06063,-0.00321
2.004,-0.06568,-0.00211
2.005,-0.07212,-9.94E-04
2.006,-0.07978,1.01E-04
2.007,-0.08846,0.00112
2.008,-0.09784,0.002
2.009,-0.10754,0.0027
2.01,-0.11718,0.00319
2.011,-0.12639,0.00344
2.012,-0.13481,0.00342
2.013,-0.14204,0.00311
2.014,-0.14776,0.00252
2.015,-0.1518,0.00166
2.016,-0.15404,5.41E-04
2.017,-0.15445,-8.03E-04
2.018,-0.15304,-0.00234
2.019,-0.14991,-0.00401
2.02,-0.14536,-0.00577
2.021,-0.1397,-0.00756
2.022,-0.13323,-0.00932
2.023,-0.12635,-0.01096
2.024,-0.11935,-0.01244
2.025,-0.11266,-0.01369
2.026,-0.10658,-0.01465
2.027,-0.10139,-0.0153
2.028,-0.09732,-0.01558
2.029,-0.09444,-0.01548
2.03,-0.09283,-0.01502
2.031,-0.09248,-0.01422
2.032,-0.09332,-0.0131
2.033,-0.09525,-0.01173
2.034,-0.09806,-0.01016
2.035,-0.10155,-0.00847
2.036,-0.10549,-0.00674
2.037,-0.10969,-0.00506
2.038,-0.11395,-0.0035
2.039,-0.11812,-0.00211
2.04,-0.12201,-9.66E-04
2.041,-0.12553,-9.44E-05
2.042,-0.12859,4.76E-04
2.043,-0.13115,7.31E-04
2.044,-0.13322,6.84E-04
2.045,-0.13481,3.62E-04
2.046,-0.13592,-2.00E-04
2.047,-0.13661,-9.64E-04
2.048,-0.1369,-0.00189
2.049,-0.13683,-0.00293
2.05,-0.13648,-0.00402
2.051,-0.13587,-0.00513
2.052,-0.13502,-0.00621
2.053,-0.13395,-0.00723
2.054,-0.13265,-0.00817
2.055,-0.13118,-0.009
2.056,-0.12957,-0.00972
2.057,-0.12783,-0.0103
2.058,-0.12596,-0.01075
2.059,-0.12402,-0.01108
2.06,-0.12206,-0.01128
2.061,-0.12014,-0.01138
2.062,-0.1183,-0.01139
2.063,-0.11655,-0.01131
2.064,-0.11499,-0.01116
2.065,-0.11364,-0.01098
2.066,-0.11254,-0.01077
2.067,-0.11168,-0.01055
2.068,-0.11101,-0.01033
2.069,-0.11058,-0.01011
2.07,-0.11033,-0.0099
2.071,-0.11021,-0.00971
2.072,-0.11012,-0.00952
2.073,-0.10996,-0.00931
2.074,-0.1097,-0.00907
2.075,-0.10924,-0.00878
2.076,-0.10851,-0.00843
2.077,-0.10741,-0.00799
2.078,-0.10586,-0.00747
2.079,-0.1039,-0.00686
2.08,-0.10147,-0.00617
2.081,-0.09859,-0.00542
2.082,-0.09526,-0.00464
2.083,-0.09153,-0.00386
2.084,-0.08753,-0.00313
2.085,-0.08333,-0.00249
2.086,-0.07902,-0.00197
2.087,-0.07473,-0.00162
2.088,-0.07056,-0.00145
2.089,-0.0667,-0.0015
2.09,-0.06324,-0.00174
2.091,-0.06029,-0.00216
2.092,-0.05791,-0.00274
2.093,-0.05616,-0.00341
2.094,-0.05516,-0.00413
2.095,-0.05487,-0.00484
2.096,-0.05525,-0.00547
2.097,-0.05624,-0.00596
2.098,-0.0577,-0.00626
2.099,-0.0596,-0.00632
2.1,-0.06176,-0.00613
2.101,-0.064,-0.00566
2.102,-0.06614,-0.00493
2.103,-0.06795,-0.00396
2.104,-0.06935,-0.0028
2.105,-0.07018,-0.00148
2.106,-0.0703,-7.28E-05
2.107,-0.06962,0.00137
2.108,-0.068,0.00278
2.109,-0.06555,0.00409
2.11,-0.06226,0.00524
2.111,-0.0582,0.0062
2.112,-0.05346,0.00692
2.113,-0.04812,0.00739
2.114,-0.0424,0.00757
2.115,-0.03645,0.00748
2.116,-0.03043,0.00712
2.117,-0.0245,0.00653
2.118,-0.01876,0.00573
2.119,-0.01341,0.00476
2.12,-0.00854,0.00368
2.121,-0.00418,0.00256
2.122,-4.02E-04,0.00144
2.123,0.0028,4.03E-04
2.124,0.00535,-5.09E-04
2.125,0.00734,-0.00123
2.126,0.00883,-0.00171
2.127,0.00986,-0.00193
2.128,0.0105,-0.00185
2.129,0.01072,-0.00149
2.13,0.01065,-8.55E-04
2.131,0.01036,2.47E-05
2.132,0.00988,0.0011
2.133,0.00927,0.00229
2.134,0.00846,0.00353
2.135,0.00753,0.00475
2.136,0.00653,0.00585
2.137,0.00548,0.00676
2.138,0.00442,0.00741
2.139,0.00331,0.00775
2.14,0.00221,0.00775
2.141,0.00117,0.00739
2.142,2.52E-04,0.00669
2.143,-4.50E-04,0.00567
2.144,-9.43E-04,0.00438
2.145,-0.00116,0.0029
2.146,-0.00105,0.00128
2.147,-5.39E-04,-3.85E-04
2.148,4.49E-04,-0.00202
2.149,0.00189,-0.00355
2.15,0.00381,-0.0049
2.151,0.00618,-0.00602
2.152,0.009,-0.00689
2.153,0.01227,-0.00747
2.154,0.01589,-0.00776
2.155,0.01979,-0.00779
2.156,0.02391,-0.00757
2.157,0.02814,-0.00715
2.158,0.03242,-0.00656
2.159,0.0366,-0.00585
2.16,0.04063,-0.00509
2.161,0.04443,-0.00433
2.162,0.04791,-0.0036
2.163,0.05101,-0.00293
2.164,0.05362,-0.00236
2.165,0.05576,-0.0019
2.166,0.0574,-0.00157
2.167,0.05852,-0.00135
2.168,0.05911,-0.00124
2.169,0.05912,-0.00119
2.17,0.05864,-0.0012
2.171,0.05771,-0.00122
2.172,0.05635,-0.00122
2.173,0.05461,-0.00116
2.174,0.05252,-0.00102
2.175,0.05018,-7.71E-04
2.176,0.04767,-3.98E-04
2.177,0.04508,9.79E-05
2.178,0.04248,7.07E-04
2.179,0.03994,0.0014
2.18,0.03756,0.00215
2.181,0.03542,0.00291
2.182,0.03359,0.00364
2.183,0.03214,0.00428
2.184,0.03109,0.00477
2.185,0.03047,0.00509
2.186,0.03028,0.00521
2.187,0.0305,0.0051
2.188,0.03113,0.00478
2.189,0.03212,0.00424
2.19,0.03339,0.00353
2.191,0.03488,0.00271
2.192,0.03651,0.00182
2.193,0.03824,9.41E-04
2.194,0.04002,1.29E-04
2.195,0.0418,-5.52E-04
2.196,0.04356,-0.00105
2.197,0.04528,-0.00134
2.198,0.04694,-0.0014
2.199,0.04857,-0.00124
2.2,0.05022,-8.73E-04
2.201,0.05188,-3.52E-04
2.202,0.05357,2.76E-04
2.203,0.05525,9.52E-04
2.204,0.0569,0.00161
2.205,0.05849,0.00218
2.206,0.05995,0.00263
2.207,0.06117,0.00291
2.208,0.06201,0.003
2.209,0.06233,0.00292
2.21,0.06199,0.00267
2.211,0.06089,0.0023
2.212,0.05893,0.00184
2.213,0.05608,0.00137
2.214,0.05228,9.45E-04
2.215,0.04761,6.18E-04
2.216,0.04219,4.42E-04
2.217,0.03621,4.53E-04
2.218,0.03,6.71E-04
2.219,0.02381,0.0011
2.22,0.01801,0.00174
2.221,0.01294,0.00255
2.222,0.00897,0.00349
2.223,0.00647,0.00449
2.224,0.00571,0.0055
2.225,0.00684,0.00645
2.226,0.00995,0.00729
2.227,0.01502,0.00796
2.228,0.02191,0.0084
2.229,0.03039,0.00859
2.23,0.04005,0.00851
2.231,0.05044,0.00815
2.232,0.06106,0.00753
2.233,0.07134,0.00666
2.234,0.08074,0.00557
2.235,0.08877,0.00433
2.236,0.095,0.00296
2.237,0.0991,0.00154
2.238,0.10083,1.15E-04
2.239,0.10011,-0.00126
2.24,0.09707,-0.00254
2.241,0.09193,-0.00367
2.242,0.085,-0.00463
2.243,0.07671,-0.00538
2.244,0.06753,-0.00592
2.245,0.05807,-0.00625
2.246,0.04886,-0.00637
2.247,0.04039,-0.00631
2.248,0.03308,-0.00609
2.249,0.02723,-0.00574
2.25,0.02306,-0.0053
2.251,0.02064,-0.00482
2.252,0.01994,-0.00431
2.253,0.02082,-0.00382
2.254,0.02299,-0.00335
2.255,0.02609,-0.00293
2.256,0.02974,-0.00257
2.257,0.03359,-0.00228
2.258,0.03733,-0.00203
2.259,0.04068,-0.00183
2.26,0.04338,-0.00165
2.261,0.04532,-0.0015
2.262,0.04653,-0.00136
2.263,0.04709,-0.00121
2.264,0.04724,-0.00105
2.265,0.04718,-8.89E-04
2.266,0.04719,-7.21E-04
2.267,0.04755,-5.53E-04
2.268,0.04851,-3.82E-04
2.269,0.05031,-2.26E-04
2.27,0.05303,-7.74E-05
2.271,0.0567,6.61E-05
2.272,0.06121,2.13E-04
2.273,0.06637,3.81E-04
2.274,0.07185,5.76E-04
2.275,0.07732,8.24E-04
2.276,0.08238,0.00115
2.277,0.08663,0.00156
2.278,0.08968,0.00208
2.279,0.09119,0.00269
2.28,0.09099,0.00339
2.281,0.08901,0.00417
2.282,0.08529,0.00499
2.283,0.08001,0.00581
2.284,0.07348,0.00659
2.285,0.06615,0.00727
2.286,0.05852,0.00781
2.287,0.05113,0.00818
2.288,0.04449,0.00833
2.289,0.03912,0.00826
2.29,0.03542,0.00797
2.291,0.03367,0.00748
2.292,0.03399,0.00682
2.293,0.03636,0.00604
2.294,0.0406,0.0052
2.295,0.04637,0.00437
2.296,0.05323,0.00361
2.297,0.06063,0.00298
2.298,0.06798,0.00252
2.299,0.07471,0.00225
2.3,0.08026,0.0022
2.301,0.08419,0.00235
2.302,0.08618,0.00268
2.303,0.08603,0.00313
2.304,0.08375,0.00367
2.305,0.07947,0.00422
2.306,0.07348,0.00472
2.307,0.06619,0.00512
2.308,0.0581,0.00536
2.309,0.04979,0.00543
2.31,0.04181,0.0053
2.311,0.03466,0.00497
2.312,0.02879,0.00446
2.313,0.02455,0.00382
2.314,0.02213,0.00309
2.315,0.0216,0.00233
2.316,0.02285,0.0016
2.317,0.0257,9.52E-04
2.318,0.02986,4.45E-04
2.319,0.03494,1.23E-04
2.32,0.04048,8.64E-06
2.321,0.04607,1.12E-04
2.322,0.05134,4.27E-04
2.323,0.05596,9.32E-04
2.324,0.05971,0.00159
2.325,0.06243,0.00235
2.326,0.06411,0.00317
2.327,0.06483,0.00397
2.328,0.06474,0.0047
2.329,0.0641,0.00531
2.33,0.06316,0.00575
2.331,0.06219,0.006
2.332,0.06144,0.00603
2.333,0.06109,0.00584
2.334,0.06126,0.00545
2.335,0.062,0.00489
2.336,0.06325,0.00421
2.337,0.06489,0.00345
2.338,0.06674,0.00266
2.339,0.0685,0.00192
2.34,0.06992,0.00127
2.341,0.07077,7.60E-04
2.342,0.07084,4.27E-04
2.343,0.07002,2.86E-04
2.344,0.06819,3.39E-04
2.345,0.06541,5.68E-04
2.346,0.06185,9.41E-04
2.347,0.05774,0.00141
2.348,0.05341,0.00192
2.349,0.04923,0.00241
2.35,0.0456,0.00281
2.351,0.04288,0.00308
2.352,0.04143,0.00316
2.353,0.04149,0.00303
2.354,0.04325,0.0027
2.355,0.04671,0.00216
2.356,0.05176,0.00146
2.357,0.0582,6.51E-04
2.358,0.06564,-1.98E-04
2.359,0.07366,-0.00101
2.36,0.08175,-0.00171
2.361,0.08938,-0.00224
2.362,0.09606,-0.00252
2.363,0.10129,-0.00253
2.364,0.10469,-0.00224
2.365,0.10603,-0.00166
2.366,0.1052,-8.34E-04
2.367,0.10224,2.00E-04
2.368,0.0973,0.00137
2.369,0.09068,0.00259
2.37,0.08284,0.00378
2.371,0.07427,0.00486
2.372,0.06548,0.00576
2.373,0.05705,0.00642
2.374,0.04945,0.0068
2.375,0.04314,0.00691
2.376,0.03843,0.00676
2.377,0.03554,0.00638
2.378,0.03457,0.00582
2.379,0.03546,0.00515
2.38,0.03802,0.00445
2.381,0.04199,0.00378
2.382,0.04702,0.00321
2.383,0.0527,0.00279
2.384,0.05864,0.00255
2.385,0.06443,0.00251
2.386,0.0697,0.00267
2.387,0.07419,0.00301
2.388,0.07766,0.00349
2.389,0.08006,0.00406
2.39,0.08134,0.00467
2.391,0.08158,0.00526
2.392,0.08091,0.0058
2.393,0.07947,0.00623
2.394,0.07753,0.00652
2.395,0.0753,0.00666
2.396,0.07299,0.00664
2.397,0.07074,0.00646
2.398,0.06865,0.00615
2.399,0.06678,0.00574
2.4,0.06514,0.00525
2.401,0.06369,0.00473
2.402,0.06231,0.00421
2.403,0.06089,0.00372
2.404,0.05926,0.00329
2.405,0.05733,0.00295
2.406,0.055,0.0027
2.407,0.05222,0.00256
2.408,0.049,0.00252
2.409,0.04541,0.00258
2.41,0.04157,0.00273
2.411,0.03764,0.00294
2.412,0.03385,0.00321
2.413,0.03045,0.00351
2.414,0.02771,0.00382
2.415,0.02581,0.00412
2.416,0.02493,0.0044
2.417,0.0252,0.00465
2.418,0.02668,0.00485
2.419,0.02935,0.00501
2.42,0.03307,0.00512
2.421,0.03763,0.0052
2.422,0.04277,0.00523
2.423,0.04819,0.00522
2.424,0.05354,0.00519
2.425,0.05847,0.00513
2.426,0.06265,0.00506
2.427,0.06582,0.00496
2.428,0.06778,0.00483
2.429,0.06841,0.00468
2.43,0.0677,0.00448
2.431,0.06574,0.00424
2.432,0.0627,0.00394
2.433,0.05883,0.00357
2.434,0.05445,0.00313
2.435,0.04994,0.00263
2.436,0.04567,0.00207
2.437,0.04196,0.00148
2.438,0.03908,8.61E-04
2.439,0.03728,2.61E-04
2.44,0.03671,-2.92E-04
2.441,0.03739,-7.64E-04
2.442,0.03924,-0.00112
2.443,0.04206,-0.00135
2.444,0.04562,-0.00141
2.445,0.04958,-0.0013
2.446,0.05359,-0.00105
2.447,0.05728,-6.60E-04
2.448,0.06024,-1.68E-04
2.449,0.06219,3.85E-04
2.45,0.06287,9.42E-04
2.451,0.06215,0.00145
2.452,0.05996,0.00186
2.453,0.05631,0.00212
2.454,0.05142,0.00221
2.455,0.0455,0.0021
2.456,0.03885,0.0018
2.457,0.03184,0.00132
2.458,0.02484,6.98E-04
2.459,0.01826,-8.37E-06
2.46,0.01241,-7.43E-04
2.461,0.00756,-0.00144
2.462,0.00391,-0.00204
2.463,0.00159,-0.00246
2.464,6.47E-04,-0.00268
2.465,9.86E-04,-0.00266
2.466,0.00245,-0.00238
2.467,0.00482,-0.00185
2.468,0.00786,-0.0011
2.469,0.0113,-1.75E-04
2.47,0.01483,8.74E-04
2.471,0.01819,0.00198
2.472,0.02115,0.00309
2.473,0.02355,0.00412
2.474,0.02533,0.00502
2.475,0.02643,0.00575
2.476,0.02687,0.00628
2.477,0.02674,0.0066
2.478,0.02613,0.0067
2.479,0.02526,0.00659
2.48,0.02425,0.0063
2.481,0.02326,0.00586
2.482,0.02239,0.0053
2.483,0.02167,0.00466
2.484,0.02118,0.00397
2.485,0.0209,0.00325
2.486,0.02075,0.00254
2.487,0.02062,0.00184
2.488,0.02033,0.00117
2.489,0.01975,5.26E-04
2.49,0.01875,-8.60E-05
2.491,0.0172,-6.66E-04
2.492,0.015,-0.00122
2.493,0.01209,-0.00175
2.494,0.0085,-0.00224
2.495,0.00432,-0.00271
2.496,-3.26E-04,-0.00313
2.497,-0.00527,-0.00352
2.498,-0.01032,-0.00385
2.499,-0.01519,-0.00412
2.5,-0.01969,-0.00432
2.501,-0.02362,-0.00446
2.502,-0.02681,-0.00453
2.503,-0.02914,-0.00453
2.504,-0.03053,-0.00447
2.505,-0.03103,-0.00436
2.506,-0.03076,-0.0042
2.507,-0.02984,-0.00403
2.508,-0.02841,-0.00385
2.509,-0.02671,-0.00367
2.51,-0.02499,-0.00351
2.511,-0.02349,-0.00339
2.512,-0.02236,-0.00332
2.513,-0.02166,-0.0033
2.514,-0.02149,-0.00333
2.515,-0.02186,-0.00343
2.516,-0.0227,-0.00358
2.517,-0.02384,-0.00377
2.518,-0.025,-0.00399
2.519,-0.02598,-0.00422
2.52,-0.02652,-0.00443
2.521,-0.02637,-0.00461
2.522,-0.0253,-0.00473
2.523,-0.02309,-0.00476
2.524,-0.01968,-0.00468
2.525,-0.01504,-0.00449
2.526,-0.00924,-0.00417
2.527,-0.00243,-0.00371
2.528,0.00518,-0.00313
2.529,0.01323,-0.00245
2.53,0.02142,-0.00169
2.531,0.0294,-8.86E-04
2.532,0.03682,-7.34E-05
2.533,0.04336,7.04E-04
2.534,0.04869,0.0014
2.535,0.05267,0.00199
2.536,0.0552,0.00245
2.537,0.05626,0.00274
2.538,0.05591,0.00286
2.539,0.05422,0.00281
2.54,0.05147,0.00261
2.541,0.04793,0.00228
2.542,0.04388,0.00186
2.543,0.03964,0.00138
2.544,0.03541,8.65E-04
2.545,0.03148,3.61E-04
2.546,0.02806,-1.05E-04
2.547,0.02529,-5.14E-04
2.548,0.0233,-8.57E-04
2.549,0.02203,-0.00114
2.55,0.02149,-0.00136
2.551,0.0216,-0.00154
2.552,0.0223,-0.00169
2.553,0.02351,-0.00184
2.554,0.02507,-0.00201
2.555,0.02692,-0.0022
2.556,0.02899,-0.00243
2.557,0.03126,-0.00268
2.558,0.0337,-0.00294
2.559,0.03636,-0.0032
2.56,0.03924,-0.00342
2.561,0.04239,-0.00357
2.562,0.04583,-0.00365
2.563,0.04955,-0.00361
2.564,0.05354,-0.00344
2.565,0.05773,-0.00315
2.566,0.062,-0.00276
2.567,0.06621,-0.00227
2.568,0.07013,-0.00171
2.569,0.07354,-0.00113
2.57,0.07621,-5.81E-04
2.571,0.07794,-9.46E-05
2.572,0.07852,2.89E-04
2.573,0.07781,5.43E-04
2.574,0.07567,6.45E-04
2.575,0.07216,5.93E-04
2.576,0.06737,3.97E-04
2.577,0.06147,8.34E-05
2.578,0.05475,-3.08E-04
2.579,0.04753,-7.38E-04
2.58,0.04023,-0.00116
2.581,0.03328,-0.00151
2.582,0.02712,-0.00176
2.583,0.02217,-0.00186
2.584,0.01873,-0.00179
2.585,0.01706,-0.00155
2.586,0.01728,-0.00113
2.587,0.01943,-5.50E-04
2.588,0.02346,1.67E-04
2.589,0.02906,9.69E-04
2.59,0.03584,0.00181
2.591,0.04335,0.00266
2.592,0.05115,0.00345
2.593,0.05885,0.00417
2.594,0.06582,0.00477
2.595,0.07164,0.00524
2.596,0.07596,0.00556
2.597,0.07861,0.00575
2.598,0.07964,0.00582
2.599,0.07912,0.00581
2.6,0.07735,0.00574
2.601,0.07474,0.00566
2.602,0.07179,0.00562
2.603,0.06905,0.00565
2.604,0.06734,0.00579
2.605,0.06738,0.00607
2.606,0.06975,0.00653
2.607,0.07476,0.00715
2.608,0.08224,0.00792
2.609,0.09272,0.00881
2.61,0.10608,0.00979
2.611,0.12191,0.01082
2.612,0.13932,0.01182
2.613,0.15654,0.01269
2.614,0.17314,0.01339
2.615,0.18778,0.01383
2.616,0.19916,0.01396
2.617,0.20561,0.01372
2.618,0.20491,0.01304
2.619,0.1965,0.01191
2.62,0.17931,0.01035
2.621,0.15266,0.00838
2.622,0.11599,0.00604
2.623,0.06883,0.00337
2.624,0.01213,4.74E-04
2.625,-0.05335,-0.00255
2.626,-0.12636,-0.00561
2.627,-0.20524,-0.00861
2.628,-0.28787,-0.01147
2.629,-0.37165,-0.01409
2.63,-0.45438,-0.01641
2.631,-0.53372,-0.01841
2.632,-0.60703,-0.02005
2.633,-0.6714,-0.02132
2.634,-0.72455,-0.02222
2.635,-0.76526,-0.02281
2.636,-0.79246,-0.02312
2.637,-0.80506,-0.0232
2.638,-0.8021,-0.02307
2.639,-0.78373,-0.02276
2.64,-0.75149,-0.02233
2.641,-0.70687,-0.0218
2.642,-0.65135,-0.0212
2.643,-0.58654,-0.0205
2.644,-0.51477,-0.01969
2.645,-0.43919,-0.0188
2.646,-0.36244,-0.01781
2.647,-0.2868,-0.01673
2.648,-0.21426,-0.01554
2.649,-0.147,-0.01425
2.65,-0.08676,-0.01289
2.651,-0.03474,-0.01149
2.652,0.00839,-0.01008
2.653,0.04248,-0.0087
2.654,0.06721,-0.00741
2.655,0.08357,-0.00625
2.656,0.09256,-0.00524
2.657,0.09527,-0.00441
2.658,0.09307,-0.00379
2.659,0.08663,-0.0034
2.66,0.07807,-0.00321
2.661,0.06882,-0.00321
2.662,0.05989,-0.00336
2.663,0.05219,-0.00363
2.664,0.0456,-0.00399
2.665,0.04115,-0.00437
2.666,0.03912,-0.00475
2.667,0.03931,-0.00507
2.668,0.04138,-0.00532
2.669,0.04434,-0.00547
2.67,0.04801,-0.00552
2.671,0.05193,-0.00545
2.672,0.05555,-0.00528
2.673,0.0584,-0.00501
2.674,0.05992,-0.00468
2.675,0.06002,-0.0043
2.676,0.05871,-0.0039
2.677,0.05614,-0.00349
2.678,0.05254,-0.00311
2.679,0.04829,-0.00277
2.68,0.04378,-0.0025
2.681,0.03946,-0.00229
2.682,0.03576,-0.00216
2.683,0.0331,-0.0021
2.684,0.0318,-0.00211
2.685,0.03197,-0.00218
2.686,0.03364,-0.00231
2.687,0.03674,-0.00246
2.688,0.04108,-0.00262
2.689,0.04632,-0.00278
2.69,0.05209,-0.00291
2.691,0.05796,-0.003
2.692,0.06354,-0.00303
2.693,0.06845,-0.00299
2.694,0.07234,-0.00287
2.695,0.07503,-0.00269
2.696,0.07641,-0.00243
2.697,0.0765,-0.00213
2.698,0.07541,-0.00178
2.699,0.07337,-0.00142
2.7,0.07066,-0.00107
2.701,0.06766,-7.46E-04
2.702,0.06469,-4.73E-04
2.703,0.0621,-2.56E-04
2.704,0.06019,-1.09E-04
2.705,0.05917,-2.64E-05
2.706,0.05917,1.25E-06
2.707,0.06023,-8.24E-06
2.708,0.06226,-3.01E-05
2.709,0.06507,-3.81E-05
2.71,0.06844,-7.76E-07
2.711,0.07209,1.09E-04
2.712,0.07569,3.13E-04
2.713,0.0789,6.19E-04
2.714,0.08143,0.00103
2.715,0.08305,0.00155
2.716,0.08361,0.00215
2.717,0.08304,0.0028
2.718,0.08133,0.00347
2.719,0.07862,0.0041
2.72,0.07509,0.00465
2.721,0.071,0.00508
2.722,0.06663,0.00535
2.723,0.06224,0.00543
2.724,0.05818,0.00529
2.725,0.05471,0.00493
2.726,0.05203,0.00435
2.727,0.05024,0.00357
2.728,0.04936,0.00263
2.729,0.04941,0.00157
2.73,0.05026,4.33E-04
2.731,0.05172,-7.30E-04
2.732,0.05355,-0.00186
2.733,0.05543,-0.0029
2.734,0.05713,-0.00381
2.735,0.05834,-0.00454
2.736,0.05882,-0.00506
2.737,0.0584,-0.00534
2.738,0.05691,-0.00536
2.739,0.05437,-0.00512
2.74,0.05077,-0.00463
2.741,0.04623,-0.0039
2.742,0.04092,-0.00297
2.743,0.0351,-0.00186
2.744,0.0291,-6.35E-04
2.745,0.02322,6.58E-04
2.746,0.01774,0.00195
2.747,0.01298,0.0032
2.748,0.00919,0.00432
2.749,0.00662,0.00526
2.75,0.0054,0.00597
2.751,0.00555,0.00642
2.752,0.00707,0.00657
2.753,0.00982,0.00641
2.754,0.01367,0.00597
2.755,0.01831,0.00526
2.756,0.02346,0.00435
2.757,0.02877,0.00328
2.758,0.03388,0.00214
2.759,0.03849,0.001
2.76,0.04225,-3.96E-05
2.761,0.04492,-9.11E-04
2.762,0.04631,-0.00155
2.763,0.04629,-0.00192
2.764,0.04489,-0.002
2.765,0.04218,-0.00178
2.766,0.03832,-0.00128
2.767,0.03352,-5.57E-04
2.768,0.02807,3.12E-04
2.769,0.02234,0.00125
2.77,0.01668,0.00217
2.771,0.01144,0.00298
2.772,0.0069,0.0036
2.773,0.00333,0.00394
2.774,9.03E-04,0.00397
2.775,-2.70E-04,0.00366
2.776,-1.94E-04,0.00299
2.777,0.00103,0.002
2.778,0.00322,7.35E-04
2.779,0.00612,-7.43E-04
2.78,0.00942,-0.00235
2.781,0.01276,-0.00401
2.782,0.01583,-0.00562
2.783,0.01828,-0.0071
2.784,0.01988,-0.00837
2.785,0.02042,-0.00937
2.786,0.0198,-0.01007
2.787,0.01799,-0.01044
2.788,0.01506,-0.01046
2.789,0.01128,-0.01017
2.79,0.00688,-0.00959
2.791,0.00218,-0.00876
2.792,-0.00248,-0.00775
2.793,-0.0068,-0.0066
2.794,-0.01037,-0.00537
2.795,-0.01296,-0.00413
2.796,-0.01438,-0.00291
2.797,-0.01458,-0.00177
2.798,-0.01364,-7.34E-04
2.799,-0.01164,1.74E-04
2.8,-0.00886,9.38E-04
2.801,-0.00562,0.00155
2.802,-0.00232,0.00202
2.803,5.56E-04,0.00235
2.804,0.00266,0.00256
2.805,0.00361,0.00266
2.806,0.00311,0.00267
2.807,9.36E-04,0.0026
2.808,-0.00302,0.00247
2.809,-0.00862,0.00229
2.81,-0.0157,0.00206
2.811,-0.02397,0.0018
2.812,-0.03302,0.00151
2.813,-0.04244,0.00118
2.814,-0.0516,7.99E-04
2.815,-0.06004,3.85E-04
2.816,-0.06732,-6.19E-05
2.817,-0.07309,-5.38E-04
2.818,-0.07711,-0.00103
2.819,-0.07915,-0.00154
2.82,-0.07931,-0.00204
2.821,-0.07775,-0.0025
2.822,-0.07477,-0.0029
2.823,-0.07079,-0.00321
2.824,-0.06624,-0.00342
2.825,-0.06169,-0.0035
2.826,-0.05768,-0.00345
2.827,-0.05467,-0.00326
2.828,-0.05305,-0.00295
2.829,-0.05304,-0.00251
2.83,-0.05482,-0.002
2.831,-0.05838,-0.00144
2.832,-0.06356,-8.89E-04
2.833,-0.07004,-3.73E-04
2.834,-0.07734,6.29E-05
2.835,-0.085,3.83E-04
2.836,-0.0925,5.62E-04
2.837,-0.0993,5.91E-04
2.838,-0.10492,4.70E-04
2.839,-0.1089,2.23E-04
2.84,-0.11097,-1.18E-04
2.841,-0.111,-5.08E-04
2.842,-0.10901,-9.01E-04
2.843,-0.10516,-0.00125
2.844,-0.09972,-0.0015
2.845,-0.09313,-0.00162
2.846,-0.08588,-0.00158
2.847,-0.07851,-0.00139
2.848,-0.07161,-0.00104
2.849,-0.06566,-5.75E-04
2.85,-0.06113,-4.12E-05
2.851,-0.05834,5.07E-04
2.852,-0.05749,0.00101
2.853,-0.05867,0.0014
2.854,-0.06177,0.00162
2.855,-0.06659,0.00164
2.856,-0.07281,0.00142
2.857,-0.08001,9.73E-04
2.858,-0.08771,3.11E-04
2.859,-0.09541,-5.21E-04
2.86,-0.10261,-0.00146
2.861,-0.10891,-0.00243
2.862,-0.11394,-0.00336
2.863,-0.11743,-0.00417
2.864,-0.11924,-0.00477
2.865,-0.11932,-0.00511
2.866,-0.11778,-0.00516
2.867,-0.11477,-0.0049
2.868,-0.11058,-0.00434
2.869,-0.10551,-0.00353
2.87,-0.09995,-0.00252
2.871,-0.09426,-0.00139
2.872,-0.08878,-2.29E-04
2.873,-0.08385,8.77E-04
2.874,-0.07969,0.00184
2.875,-0.07653,0.00258
2.876,-0.07447,0.00304
2.877,-0.07354,0.00318
2.878,-0.07372,0.00299
2.879,-0.07489,0.00249
2.88,-0.07692,0.0017
2.881,-0.07962,6.86E-04
2.882,-0.0828,-4.81E-04
2.883,-0.08624,-0.00172
2.884,-0.08973,-0.00294
2.885,-0.09308,-0.00405
2.886,-0.09615,-0.00499
2.887,-0.0988,-0.00568
2.888,-0.10091,-0.00609
2.889,-0.10248,-0.00619
2.89,-0.10345,-0.00597
2.891,-0.10382,-0.00546
2.892,-0.10361,-0.00469
2.893,-0.10284,-0.00372
2.894,-0.1016,-0.00262
2.895,-0.09994,-0.00147
2.896,-0.09795,-3.51E-04
2.897,-0.09566,6.67E-04
2.898,-0.09312,0.00151
2.899,-0.09043,0.00212
2.9,-0.08767,0.00244
2.901,-0.08491,0.00248
2.902,-0.08218,0.00221
2.903,-0.07952,0.00166
2.904,-0.077,8.78E-04
2.905,-0.07468,-9.20E-05
2.906,-0.07258,-0.00118
2.907,-0.07072,-0.00231
2.908,-0.06905,-0.0034
2.909,-0.06763,-0.00438
2.91,-0.06639,-0.00517
2.911,-0.0653,-0.00572
2.912,-0.06427,-0.00601
2.913,-0.06322,-0.00599
2.914,-0.06214,-0.00567
2.915,-0.06093,-0.00508
2.916,-0.05952,-0.00424
2.917,-0.05785,-0.0032
2.918,-0.05586,-0.00202
2.919,-0.05364,-7.62E-04
2.92,-0.05118,5.15E-04
2.921,-0.04851,0.00176
2.922,-0.04571,0.00291
2.923,-0.04281,0.00394
2.924,-0.04003,0.00482
2.925,-0.03743,0.00553
2.926,-0.0351,0.00607
2.927,-0.03311,0.00644
2.928,-0.03143,0.00665
2.929,-0.0302,0.00671
2.93,-0.02933,0.00663
2.931,-0.02876,0.00642
2.932,-0.02836,0.0061
2.933,-0.02796,0.00566
2.934,-0.02747,0.00511
2.935,-0.02669,0.00446
2.936,-0.02545,0.0037
2.937,-0.0236,0.00285
2.938,-0.02102,0.00191
2.939,-0.01772,9.07E-04
2.94,-0.01367,-1.38E-04
2.941,-0.00892,-0.00119
2.942,-0.00358,-0.00221
2.943,0.00216,-0.00315
2.944,0.00802,-0.00397
2.945,0.01376,-0.00464
2.946,0.01914,-0.00511
2.947,0.02389,-0.00537
2.948,0.02782,-0.00539
2.949,0.03063,-0.00517
2.95,0.03226,-0.00474
2.951,0.03267,-0.00411
2.952,0.03189,-0.00333
2.953,0.03007,-0.00242
2.954,0.02731,-0.00145
2.955,0.02394,-4.52E-04
2.956,0.02025,5.11E-04
2.957,0.01657,0.00141
2.958,0.01326,0.0022
2.959,0.01056,0.00288
2.96,0.0088,0.00343
2.961,0.00818,0.00384
2.962,0.00881,0.00413
2.963,0.01073,0.0043
2.964,0.01385,0.00438
2.965,0.01807,0.00439
2.966,0.02315,0.00434
2.967,0.0288,0.00426
2.968,0.03467,0.00415
2.969,0.04038,0.00403
2.97,0.04561,0.00391
2.971,0.05004,0.00379
2.972,0.05338,0.00368
2.973,0.05537,0.00359
2.974,0.0559,0.00351
2.975,0.05493,0.00344
2.976,0.05249,0.00341
2.977,0.0487,0.00341
2.978,0.04372,0.00346
2.979,0.03783,0.00355
2.98,0.03133,0.00369
2.981,0.02451,0.00389
2.982,0.01771,0.00415
2.983,0.01122,0.00445
2.984,0.00531,0.00478
2.985,1.97E-04,0.00513
2.986,-0.00395,0.00548
2.987,-0.00704,0.00582
2.988,-0.009,0.00612
2.989,-0.00985,0.00636
2.99,-0.00966,0.00653
2.991,-0.00857,0.00662
2.992,-0.00668,0.00663
2.993,-0.00415,0.00657
2.994,-0.00111,0.00645
2.995,0.00224,0.00627
2.996,0.00575,0.00607
2.997,0.00929,0.00587
2.998,0.01277,0.0057
2.999,0.01612,0.00559
3,0.01924,0.00555
3.001,0.02208,0.00561
3.002,0.02461,0.00579
3.003,0.02679,0.00609
3.004,0.02862,0.00651
3.005,0.03009,0.00705
3.006,0.03118,0.00769
3.007,0.03187,0.00842
3.008,0.03214,0.00918
3.009,0.03198,0.00994
3.01,0.03142,0.01067
3.011,0.03048,0.01132
3.012,0.02917,0.01184
3.013,0.02751,0.01218
3.014,0.02555,0.01229
3.015,0.02339,0.01216
3.016,0.0211,0.01175
3.017,0.01878,0.01106
3.018,0.01648,0.01008
3.019,0.0143,0.00885
3.02,0.01232,0.0074
3.021,0.0106,0.00579
3.022,0.00918,0.00409
3.023,0.00809,0.00236
3.024,0.00732,7.09E-04
3.025,0.00683,-7.87E-04
3.026,0.00659,-0.00205
3.027,0.00653,-0.00302
3.028,0.0066,-0.00364
3.029,0.00675,-0.00388
3.03,0.00689,-0.00373
3.031,0.00697,-0.00323
3.032,0.00696,-0.00241
3.033,0.00686,-0.00136
3.034,0.0067,-1.36E-04
3.035,0.00647,0.00115
3.036,0.00621,0.00238
3.037,0.00599,0.00348
3.038,0.00589,0.00434
3.039,0.00598,0.0049
3.04,0.00629,0.00509
3.041,0.00687,0.0049
3.042,0.00773,0.00432
3.043,0.00891,0.00337
3.044,0.01036,0.00212
3.045,0.01206,6.24E-04
3.046,0.01394,-0.00103
3.047,0.01593,-0.00274
3.048,0.01793,-0.00441
3.049,0.01987,-0.00595
3.05,0.02165,-0.00726
3.051,0.02321,-0.00828
3.052,0.02448,-0.00896
3.053,0.0254,-0.00925
3.054,0.02593,-0.00915
3.055,0.02605,-0.00866
3.056,0.02579,-0.00781
3.057,0.02515,-0.00664
3.058,0.02416,-0.00522
3.059,0.02285,-0.00361
3.06,0.02129,-0.0019
3.061,0.01953,-1.79E-04
3.062,0.01762,0.00148
3.063,0.01565,0.003
3.064,0.01366,0.00429
3.065,0.01175,0.00531
3.066,0.00998,0.00598
3.067,0.00842,0.0063
3.068,0.00714,0.00624
3.069,0.00623,0.00581
3.07,0.00574,0.00503
3.071,0.00574,0.00397
3.072,0.00625,0.00267
3.073,0.00726,0.00123
3.074,0.00879,-2.86E-04
3.075,0.01078,-0.00176
3.076,0.01316,-0.00311
3.077,0.0158,-0.00425
3.078,0.01852,-0.0051
3.079,0.02119,-0.00561
3.08,0.02358,-0.00576
3.081,0.02551,-0.00552
3.082,0.02677,-0.00493
3.083,0.02718,-0.00401
3.084,0.02661,-0.00284
3.085,0.02495,-0.0015
3.086,0.02219,-8.47E-05
3.087,0.01835,0.00132
3.088,0.01358,0.00264
3.089,0.00804,0.00377
3.09,0.00198,0.00465
3.091,-0.00428,0.00524
3.092,-0.01042,0.00552
3.093,-0.01605,0.0055
3.094,-0.02084,0.00521
3.095,-0.02448,0.00469
3.096,-0.02673,0.00401
3.097,-0.0274,0.00324
3.098,-0.02638,0.00246
3.099,-0.02368,0.00176
3.1,-0.01946,0.00119
3.101,-0.01394,8.23E-04
3.102,-0.00739,6.86E-04
3.103,-1.51E-04,7.95E-04
3.104,0.00735,0.00115
3.105,0.01468,0.00172
3.106,0.02146,0.00248
3.107,0.02733,0.00336
3.108,0.03203,0.0043
3.109,0.03536,0.00522
3.11,0.03725,0.00605
3.111,0.03774,0.00672
3.112,0.03695,0.00718
3.113,0.03507,0.00737
3.114,0.03239,0.00727
3.115,0.02929,0.00688
3.116,0.02611,0.00619
3.117,0.02317,0.00525
3.118,0.02072,0.00408
3.119,0.01898,0.00276
3.12,0.0181,0.00136
3.121,0.01813,-5.35E-05
3.122,0.01898,-0.00139
3.123,0.0205,-0.00259
3.124,0.0224,-0.00359
3.125,0.02444,-0.00432
3.126,0.02631,-0.00477
3.127,0.02772,-0.00492
3.128,0.02841,-0.00479
3.129,0.02814,-0.0044
3.13,0.0268,-0.00381
3.131,0.02439,-0.00308
3.132,0.02098,-0.00227
3.133,0.01677,-0.00148
3.134,0.01204,-7.64E-04
3.135,0.0071,-1.93E-04
3.136,0.00231,1.83E-04
3.137,-0.00195,3.34E-04
3.138,-0.0053,2.50E-04
3.139,-0.00745,-4.67E-05
3.14,-0.00821,-5.27E-04
3.141,-0.00747,-0.00114
3.142,-0.00522,-0.00182
3.143,-0.00156,-0.00251
3.144,0.00331,-0.00312
3.145,0.00906,-0.0036
3.146,0.01533,-0.00389
3.147,0.02175,-0.00397
3.148,0.02793,-0.00383
3.149,0.03348,-0.00349
3.15,0.03811,-0.00297
3.151,0.04158,-0.00233
3.152,0.04378,-0.00163
3.153,0.04467,-9.52E-04
3.154,0.04432,-3.63E-04
3.155,0.04291,7.27E-05
3.156,0.04068,3.06E-04
3.157,0.03791,3.04E-04
3.158,0.03494,5.78E-05
3.159,0.03205,-4.24E-04
3.16,0.02955,-0.00111
3.161,0.02769,-0.00195
3.162,0.02662,-0.00287
3.163,0.02644,-0.0038
3.164,0.02711,-0.00468
3.165,0.02859,-0.00542
3.166,0.03076,-0.00598
3.167,0.03339,-0.00631
3.168,0.03625,-0.00638
3.169,0.03908,-0.00619
3.17,0.04166,-0.00576
3.171,0.04379,-0.00512
3.172,0.04532,-0.00431
3.173,0.0461,-0.00339
3.174,0.0461,-0.00242
3.175,0.04534,-0.00147
3.176,0.04388,-5.80E-04
3.177,0.04184,1.93E-04
3.178,0.03934,8.17E-04
3.179,0.03657,0.00127
3.18,0.03368,0.00154
3.181,0.03082,0.00163
3.182,0.02812,0.00157
3.183,0.02568,0.00138
3.184,0.02356,0.00109
3.185,0.02179,7.56E-04
3.186,0.02036,4.03E-04
3.187,0.01923,7.26E-05
3.188,0.01837,-2.03E-04
3.189,0.01773,-4.01E-04
3.19,0.01724,-5.00E-04
3.191,0.01687,-4.92E-04
3.192,0.01658,-3.81E-04
3.193,0.01638,-1.78E-04
3.194,0.0163,9.20E-05
3.195,0.01633,4.07E-04
3.196,0.01654,7.37E-04
3.197,0.01695,0.00105
3.198,0.01762,0.00131
3.199,0.0186,0.0015
3.2,0.01985,0.00158
3.201,0.02137,0.00154
3.202,0.02311,0.00138
3.203,0.02499,0.00111
3.204,0.02693,7.36E-04
3.205,0.02881,2.83E-04
3.206,0.03049,-2.17E-04
3.207,0.03186,-7.27E-04
3.208,0.03283,-0.00121
3.209,0.0333,-0.00162
3.21,0.03325,-0.00194
3.211,0.03267,-0.00213
3.212,0.0316,-0.00219
3.213,0.03012,-0.0021
3.214,0.02833,-0.00188
3.215,0.02639,-0.00153
3.216,0.02447,-0.0011
3.217,0.02271,-6.06E-04
3.218,0.02124,-8.34E-05
3.219,0.02018,4.31E-04
3.22,0.01961,9.06E-04
3.221,0.01956,0.00132
3.222,0.02002,0.00166
3.223,0.02092,0.00192
3.224,0.02213,0.0021
3.225,0.0235,0.00222
3.226,0.02486,0.0023
3.227,0.02603,0.00235
3.228,0.02689,0.0024
3.229,0.02726,0.00248
3.23,0.02703,0.00258
3.231,0.02617,0.00272
3.232,0.0247,0.0029
3.233,0.02272,0.00309
3.234,0.02034,0.00328
3.235,0.01775,0.00345
3.236,0.01515,0.00356
3.237,0.01279,0.0036
3.238,0.01096,0.00354
3.239,0.00986,0.00336
3.24,0.00966,0.00307
3.241,0.01051,0.00268
3.242,0.01248,0.00219
3.243,0.01561,0.00165
3.244,0.0198,0.00107
3.245,0.02491,5.01E-04
3.246,0.03075,-2.38E-05
3.247,0.03706,-4.70E-04
3.248,0.04355,-8.11E-04
3.249,0.04993,-0.00103
3.25,0.0559,-0.00111
3.251,0.06123,-0.00107
3.252,0.06567,-9.24E-04
3.253,0.06903,-6.80E-04
3.254,0.0712,-3.71E-04
3.255,0.07218,-2.87E-05
3.256,0.07202,3.15E-04
3.257,0.07079,6.35E-04
3.258,0.06858,9.13E-04
3.259,0.0656,0.00113
3.26,0.06209,0.00129
3.261,0.05828,0.00138
3.262,0.05434,0.00142
3.263,0.0504,0.00142
3.264,0.04663,0.00139
3.265,0.04316,0.00136
3.266,0.04004,0.00134
3.267,0.03727,0.00135
3.268,0.03476,0.00139
3.269,0.03246,0.00148
3.27,0.03028,0.00161
3.271,0.02811,0.00178
3.272,0.02583,0.00198
3.273,0.02331,0.0022
3.274,0.02054,0.00243
3.275,0.01745,0.00267
3.276,0.01403,0.00288
3.277,0.01033,0.00308
3.278,0.00644,0.00324
3.279,0.00253,0.00336
3.28,-0.00128,0.00343
3.281,-0.00485,0.00346
3.282,-0.008,0.00343
3.283,-0.01058,0.00335
3.284,-0.01238,0.00322
3.285,-0.01334,0.00305
3.286,-0.01345,0.00285
3.287,-0.01268,0.00262
3.288,-0.01109,0.00237
3.289,-0.00872,0.00212
3.29,-0.00574,0.00188
3.291,-0.00235,0.00166
3.292,0.00126,0.00148
3.293,0.00482,0.00135
3.294,0.00821,0.00127
3.295,0.01122,0.00126
3.296,0.01367,0.0013
3.297,0.01544,0.00139
3.298,0.01636,0.00153
3.299,0.01649,0.00169
3.3,0.01583,0.00186
3.301,0.01442,0.00202
3.302,0.01232,0.00216
3.303,0.00956,0.00225
3.304,0.00632,0.00229
3.305,0.00271,0.00227
3.306,-0.00117,0.0022
3.307,-0.00524,0.00207
3.308,-0.00948,0.0019
3.309,-0.01382,0.00171
3.31,-0.01824,0.00151
3.311,-0.02275,0.00131
3.312,-0.02734,0.00114
3.313,-0.03202,0.001
3.314,-0.03679,9.09E-04
3.315,-0.04164,8.54E-04
3.316,-0.04656,8.34E-04
3.317,-0.05145,8.38E-04
3.318,-0.05613,8.51E-04
3.319,-0.06051,8.57E-04
3.32,-0.06446,8.38E-04
3.321,-0.06783,7.80E-04
3.322,-0.07042,6.74E-04
3.323,-0.07194,5.16E-04
3.324,-0.07226,3.07E-04
3.325,-0.07133,5.25E-05
3.326,-0.06909,-2.34E-04
3.327,-0.06548,-5.33E-04
3.328,-0.06043,-8.20E-04
3.329,-0.05407,-0.00108
3.33,-0.0466,-0.00129
3.331,-0.03822,-0.00144
3.332,-0.02912,-0.00152
3.333,-0.01952,-0.00151
3.334,-0.00975,-0.00142
3.335,-7.32E-05,-0.00125
3.336,0.00926,-0.00101
3.337,0.01805,-7.08E-04
3.338,0.02611,-3.51E-04
3.339,0.03323,4.89E-05
3.34,0.03935,4.83E-04
3.341,0.04445,9.44E-04
3.342,0.04852,0.00143
3.343,0.05162,0.00192
3.344,0.05368,0.00243
3.345,0.05488,0.00295
3.346,0.05535,0.00347
3.347,0.05519,0.00398
3.348,0.05453,0.00447
3.349,0.05334,0.00491
3.35,0.05184,0.0053
3.351,0.05013,0.00561
3.352,0.0483,0.00582
3.353,0.04647,0.00591
3.354,0.04462,0.00586
3.355,0.04293,0.00567
3.356,0.0415,0.00533
3.357,0.04043,0.00485
3.358,0.03982,0.00424
3.359,0.03971,0.00352
3.36,0.0402,0.0027
3.361,0.04136,0.00184
3.362,0.04322,9.48E-04
3.363,0.04576,7.32E-05
3.364,0.0489,-7.60E-04
3.365,0.05255,-0.00152
3.366,0.05656,-0.00219
3.367,0.06077,-0.00275
3.368,0.06496,-0.00317
3.369,0.06887,-0.00344
3.37,0.07227,-0.00358
3.371,0.07493,-0.00357
3.372,0.07668,-0.00341
3.373,0.07738,-0.00311
3.374,0.07693,-0.00267
3.375,0.07536,-0.00209
3.376,0.07275,-0.00139
3.377,0.06925,-5.83E-04
3.378,0.06513,3.19E-04
3.379,0.06065,0.0013
3.38,0.05617,0.00232
3.381,0.05204,0.00335
3.382,0.04859,0.00436
3.383,0.04614,0.0053
3.384,0.04491,0.00614
3.385,0.04504,0.00684
3.386,0.04661,0.00736
3.387,0.04955,0.00768
3.388,0.05372,0.00778
3.389,0.05883,0.00764
3.39,0.06455,0.0073
3.391,0.07049,0.00676
3.392,0.07627,0.00606
3.393,0.08149,0.00524
3.394,0.08575,0.00435
3.395,0.08878,0.00345
3.396,0.09038,0.00259
3.397,0.0905,0.00183
3.398,0.08918,0.0012
3.399,0.08651,7.35E-04
3.4,0.08276,4.53E-04
3.401,0.07824,3.61E-04
3.402,0.07336,4.52E-04
3.403,0.06858,7.06E-04
3.404,0.06421,0.00109
3.405,0.06061,0.00157
3.406,0.05804,0.0021
3.407,0.05671,0.00265
3.408,0.05685,0.00317
3.409,0.05837,0.00363
3.41,0.06123,0.00401
3.411,0.06527,0.00428
3.412,0.07028,0.00444
3.413,0.07602,0.00448
3.414,0.08238,0.00443
3.415,0.08925,0.00429
3.416,0.09651,0.0041
3.417,0.10396,0.00386
3.418,0.11121,0.0036
3.419,0.11872,0.00336
3.42,0.12655,0.00317
3.421,0.13476,0.00304
3.422,0.14312,0.00299
3.423,0.15076,0.00301
3.424,0.15816,0.00311
3.425,0.1649,0.00328
3.426,0.17048,0.0035
3.427,0.17397,0.00375
3.428,0.17366,0.00397
3.429,0.16929,0.00414
3.43,0.15974,0.0042
3.431,0.14404,0.00412
3.432,0.12109,0.00385
3.433,0.0896,0.00334
3.434,0.04955,0.00258
3.435,6.64E-04,0.00156
3.436,-0.05684,2.76E-04
3.437,-0.12232,-0.00126
3.438,-0.19459,-0.003
3.439,-0.27177,-0.0049
3.44,-0.35205,-0.00688
3.441,-0.43322,-0.00888
3.442,-0.51256,-0.01082
3.443,-0.58679,-0.01262
3.444,-0.65302,-0.01418
3.445,-0.70913,-0.01546
3.446,-0.75309,-0.01641
3.447,-0.78282,-0.01701
3.448,-0.79633,-0.01724
3.449,-0.79284,-0.0171
3.45,-0.77305,-0.01664
3.451,-0.73789,-0.01592
3.452,-0.68845,-0.015
3.453,-0.62614,-0.01392
3.454,-0.55346,-0.01276
3.455,-0.47387,-0.01159
3.456,-0.39054,-0.01047
3.457,-0.30636,-0.00944
3.458,-0.22403,-0.00851
3.459,-0.14649,-0.00771
3.46,-0.07627,-0.00702
3.461,-0.0152,-0.00643
3.462,0.03555,-0.00592
3.463,0.07548,-0.00544
3.464,0.10412,-0.00497
3.465,0.12241,-0.00448
3.466,0.13149,-0.00393
3.467,0.13274,-0.00332
3.468,0.12793,-0.00264
3.469,0.11826,-0.00191
3.47,0.10629,-0.00113
3.471,0.09391,-3.29E-04
3.472,0.08252,4.62E-04
3.473,0.07331,0.00121
3.474,0.06635,0.00186
3.475,0.06277,0.00239
3.476,0.06276,0.00279
3.477,0.06592,0.00304
3.478,0.07163,0.00312
3.479,0.07846,0.00302
3.48,0.08592,0.00276
3.481,0.09318,0.00237
3.482,0.09934,0.00185
3.483,0.10357,0.00125
3.484,0.10514,5.88E-04
3.485,0.10389,-1.00E-04
3.486,0.09986,-7.79E-04
3.487,0.09332,-0.00142
3.488,0.08472,-0.00198
3.489,0.07477,-0.00246
3.49,0.06423,-0.00282
3.491,0.05391,-0.00305
3.492,0.04462,-0.00315
3.493,0.03709,-0.00311
3.494,0.03194,-0.00295
3.495,0.02948,-0.00267
3.496,0.02979,-0.00229
3.497,0.03279,-0.00184
3.498,0.03815,-0.00133
3.499,0.04537,-8.05E-04
3.5,0.05376,-2.82E-04
3.501,0.0626,2.12E-04
3.502,0.07113,6.56E-04
3.503,0.07863,0.00103
3.504,0.08449,0.00134
3.505,0.08825,0.00156
3.506,0.08963,0.00171
3.507,0.08859,0.00179
3.508,0.08524,0.00183
3.509,0.07994,0.00182
3.51,0.07318,0.00179
3.511,0.06553,0.00176
3.512,0.05766,0.00174
3.513,0.05024,0.00172
3.514,0.04389,0.00171
3.515,0.03913,0.00171
3.516,0.03631,0.00171
3.517,0.03562,0.00169
3.518,0.0371,0.00165
3.519,0.04055,0.00156
3.52,0.04566,0.00143
3.521,0.05198,0.00124
3.522,0.05896,0.00101
3.523,0.06602,7.42E-04
3.524,0.07253,4.54E-04
3.525,0.078,1.69E-04
3.526,0.08201,-8.49E-05
3.527,0.08426,-2.81E-04
3.528,0.0846,-3.93E-04
3.529,0.08307,-3.99E-04
3.53,0.07984,-2.89E-04
3.531,0.07524,-5.99E-05
3.532,0.06968,2.84E-04
3.533,0.06362,7.26E-04
3.534,0.05764,0.00124
3.535,0.05221,0.0018
3.536,0.04776,0.00237
3.537,0.04462,0.00291
3.538,0.04299,0.00339
3.539,0.04296,0.00378
3.54,0.04447,0.00406
3.541,0.04729,0.00423
3.542,0.05113,0.00427
3.543,0.05557,0.00418
3.544,0.06017,0.004
3.545,0.06449,0.00372
3.546,0.06811,0.00339
3.547,0.0707,0.00301
3.548,0.07197,0.0026
3.549,0.07182,0.00218
3.55,0.07025,0.00177
3.551,0.06737,0.00137
3.552,0.06341,9.76E-04
3.553,0.05865,5.97E-04
3.554,0.05353,2.28E-04
3.555,0.04843,-1.32E-04
3.556,0.04372,-4.83E-04
3.557,0.03972,-8.23E-04
3.558,0.03668,-0.00114
3.559,0.03479,-0.00143
3.56,0.03409,-0.00168
3.561,0.03449,-0.00186
3.562,0.03581,-0.00198
3.563,0.03779,-0.002
3.564,0.04011,-0.00193
3.565,0.04239,-0.00175
3.566,0.04426,-0.00147
3.567,0.04542,-0.0011
3.568,0.04559,-6.63E-04
3.569,0.04463,-1.77E-04
3.57,0.04245,3.24E-04
3.571,0.03912,8.09E-04
3.572,0.03478,0.00124
3.573,0.02972,0.00159
3.574,0.02431,0.00182
3.575,0.01894,0.00191
3.576,0.01399,0.00185
3.577,0.00985,0.00163
3.578,0.00687,0.00124
3.579,0.00538,7.05E-04
3.58,0.00549,3.75E-05
3.581,0.00726,-7.38E-04
3.582,0.01059,-0.00159
3.583,0.01524,-0.00248
3.584,0.02097,-0.00337
3.585,0.02737,-0.00423
3.586,0.03399,-0.005
3.587,0.04035,-0.00567
3.588,0.04593,-0.00618
3.589,0.05037,-0.00652
3.59,0.05331,-0.00667
3.591,0.05453,-0.00662
3.592,0.05386,-0.00637
3.593,0.05123,-0.00593
3.594,0.04681,-0.00532
3.595,0.04081,-0.00457
3.596,0.03354,-0.00372
3.597,0.02534,-0.00282
3.598,0.01658,-0.00192
3.599,0.00776,-0.00107
3.6,-7.27E-04,-3.28E-04
3.601,-0.00854,2.70E-04
3.602,-0.0154,6.86E-04
3.603,-0.02112,8.93E-04
3.604,-0.02552,8.86E-04
3.605,-0.02861,6.72E-04
3.606,-0.03045,2.71E-04
3.607,-0.03119,-2.84E-04
3.608,-0.03105,-9.53E-04
3.609,-0.0302,-0.00168
3.61,-0.02894,-0.00241
3.611,-0.02752,-0.00308
3.612,-0.02618,-0.00366
3.613,-0.02517,-0.00411
3.614,-0.0245,-0.00441
3.615,-0.02434,-0.00455
3.616,-0.02473,-0.00453
3.617,-0.02566,-0.00439
3.618,-0.02715,-0.00414
3.619,-0.02897,-0.00385
3.62,-0.03107,-0.00356
3.621,-0.03335,-0.0033
3.622,-0.03574,-0.00313
3.623,-0.03822,-0.00308
3.624,-0.04062,-0.00316
3.625,-0.04295,-0.0034
3.626,-0.04523,-0.00379
3.627,-0.04752,-0.00431
3.628,-0.04994,-0.00493
3.629,-0.05248,-0.00562
3.63,-0.05524,-0.00633
3.631,-0.05829,-0.00702
3.632,-0.06172,-0.00766
3.633,-0.06559,-0.00821
3.634,-0.06984,-0.00863
3.635,-0.07448,-0.00891
3.636,-0.07946,-0.00904
3.637,-0.0847,-0.00902
3.638,-0.0901,-0.00885
3.639,-0.09546,-0.00855
3.64,-0.10071,-0.00813
3.641,-0.10571,-0.00763
3.642,-0.11034,-0.00706
3.643,-0.11444,-0.00644
3.644,-0.11785,-0.00582
3.645,-0.12056,-0.0052
3.646,-0.12254,-0.00461
3.647,-0.12375,-0.00408
3.648,-0.12414,-0.00361
3.649,-0.12369,-0.00322
3.65,-0.12248,-0.00291
3.651,-0.12059,-0.00269
3.652,-0.11808,-0.00257
3.653,-0.11503,-0.00253
3.654,-0.11149,-0.00258
3.655,-0.1076,-0.00269
3.656,-0.10348,-0.00285
3.657,-0.09926,-0.00306
3.658,-0.09507,-0.00328
3.659,-0.09102,-0.00352
3.66,-0.08727,-0.00375
3.661,-0.08394,-0.00395
3.662,-0.08116,-0.00414
3.663,-0.07907,-0.00429
3.664,-0.07776,-0.00443
3.665,-0.07729,-0.00456
3.666,-0.0777,-0.0047
3.667,-0.079,-0.00484
3.668,-0.08115,-0.00501
3.669,-0.08411,-0.00522
3.67,-0.08774,-0.00547
3.671,-0.09187,-0.00575
3.672,-0.09633,-0.00607
3.673,-0.10086,-0.0064
3.674,-0.10529,-0.00671
3.675,-0.10936,-0.00698
3.676,-0.11285,-0.00719
3.677,-0.11556,-0.00728
3.678,-0.11729,-0.00725
3.679,-0.11795,-0.00706
3.68,-0.11749,-0.00671
3.681,-0.1159,-0.00619
3.682,-0.11322,-0.00553
3.683,-0.10954,-0.00474
3.684,-0.10503,-0.00386
3.685,-0.09992,-0.00294
3.686,-0.09444,-0.00201
3.687,-0.08882,-0.00112
3.688,-0.08333,-3.31E-04
3.689,-0.07819,3.32E-04
3.69,-0.07363,8.40E-04
3.691,-0.06982,0.00118
3.692,-0.06687,0.00135
3.693,-0.06486,0.00135
3.694,-0.06382,0.00121
3.695,-0.06368,9.63E-04
3.696,-0.06436,6.45E-04
3.697,-0.06573,2.96E-04
3.698,-0.06763,-4.94E-05
3.699,-0.06991,-3.59E-04
3.7,-0.07238,-5.99E-04
3.701,-0.07485,-7.50E-04
3.702,-0.07719,-8.03E-04
3.703,-0.07925,-7.62E-04
3.704,-0.081,-6.39E-04
3.705,-0.08235,-4.47E-04
3.706,-0.0833,-2.08E-04
3.707,-0.08385,5.20E-05
3.708,-0.08401,3.03E-04
3.709,-0.08388,5.15E-04
3.71,-0.08352,6.66E-04
3.711,-0.08297,7.37E-04
3.712,-0.08228,7.16E-04
3.713,-0.08147,5.95E-04
3.714,-0.08056,3.73E-04
3.715,-0.07956,5.37E-05
3.716,-0.07843,-3.50E-04
3.717,-0.07713,-8.19E-04
3.718,-0.0756,-0.00133
3.719,-0.0738,-0.00185
3.72,-0.07173,-0.00235
3.721,-0.06937,-0.00282
3.722,-0.06671,-0.00321
3.723,-0.06378,-0.00349
3.724,-0.0607,-0.00365
3.725,-0.05757,-0.00366
3.726,-0.05453,-0.00352
3.727,-0.0517,-0.00324
3.728,-0.04918,-0.0028
3.729,-0.04719,-0.00223
3.73,-0.04581,-0.00156
3.731,-0.04511,-8.23E-04
3.732,-0.0451,-4.63E-05
3.733,-0.04568,7.31E-04
3.734,-0.04683,0.00147
3.735,-0.04836,0.00213
3.736,-0.05005,0.0027
3.737,-0.05164,0.00315
3.738,-0.05281,0.00347
3.739,-0.05335,0.00366
3.74,-0.05298,0.00374
3.741,-0.05146,0.00373
3.742,-0.04864,0.00365
3.743,-0.04445,0.00353
3.744,-0.03894,0.0034
3.745,-0.03223,0.00327
3.746,-0.02451,0.00318
3.747,-0.01608,0.00314
3.748,-0.00732,0.00314
3.749,0.00127,0.00317
3.75,0.00928,0.00323
3.751,0.01629,0.0033
3.752,0.0219,0.00334
3.753,0.02579,0.00335
3.754,0.02764,0.00331
3.755,0.02741,0.00319
3.756,0.02511,0.00301
3.757,0.02088,0.00276
3.758,0.01504,0.00246
3.759,0.0079,0.00214
3.76,-2.28E-06,0.00181
3.761,-0.00813,0.00151
3.762,-0.01593,0.00127
3.763,-0.0228,0.0011
3.764,-0.02831,0.00102
3.765,-0.03202,0.00104
3.766,-0.03363,0.00114
3.767,-0.03297,0.00132
3.768,-0.03,0.00154
3.769,-0.02491,0.00179
3.77,-0.01797,0.00202
3.771,-0.00957,0.0022
3.772,-1.75E-04,0.0023
3.773,0.00968,0.0023
3.774,0.01939,0.0022
3.775,0.0284,0.00199
3.776,0.03623,0.00169
3.777,0.04251,0.00132
3.778,0.04697,9.10E-04
3.779,0.04944,5.03E-04
3.78,0.04993,1.35E-04
3.781,0.04859,-1.56E-04
3.782,0.04569,-3.41E-04
3.783,0.04161,-3.95E-04
3.784,0.03676,-3.06E-04
3.785,0.03166,-7.64E-05
3.786,0.02678,2.81E-04
3.787,0.02255,7.44E-04
3.788,0.01938,0.00128
3.789,0.01748,0.00185
3.79,0.01707,0.00241
3.791,0.0182,0.00292
3.792,0.02077,0.00334
3.793,0.02461,0.00365
3.794,0.02938,0.00382
3.795,0.03475,0.00384
3.796,0.04035,0.0037
3.797,0.04579,0.00343
3.798,0.05066,0.00304
3.799,0.05464,0.00257
3.8,0.05748,0.00204
3.801,0.05904,0.0015
3.802,0.05926,9.91E-04
3.803,0.05816,5.56E-04
3.804,0.05589,2.31E-04
3.805,0.05266,4.77E-05
3.806,0.04875,2.88E-05
3.807,0.04443,1.86E-04
3.808,0.04001,5.19E-04
3.809,0.03579,0.00102
3.81,0.03205,0.00166
3.811,0.02897,0.00242
3.812,0.02669,0.00324
3.813,0.02525,0.00409
3.814,0.02465,0.0049
3.815,0.02482,0.00562
3.816,0.02563,0.00622
3.817,0.02691,0.00664
3.818,0.02844,0.00685
3.819,0.03002,0.00684
3.82,0.03145,0.00659
3.821,0.03256,0.00613
3.822,0.03322,0.00548
3.823,0.03333,0.00466
3.824,0.03287,0.00373
3.825,0.03183,0.00274
3.826,0.03023,0.00176
3.827,0.02819,8.29E-04
3.828,0.02583,-8.82E-06
3.829,0.02332,-7.10E-04
3.83,0.02077,-0.00125
3.831,0.01834,-0.00162
3.832,0.01615,-0.00183
3.833,0.01435,-0.00189
3.834,0.01307,-0.00183
3.835,0.01236,-0.00169
3.836,0.01226,-0.00151
3.837,0.01281,-0.00132
3.838,0.01398,-0.00116
3.839,0.01577,-0.00106
3.84,0.0181,-0.00104
3.841,0.0209,-0.0011
3.842,0.02407,-0.00125
3.843,0.02746,-0.00148
3.844,0.03096,-0.00175
3.845,0.03443,-0.00205
3.846,0.03771,-0.00238
3.847,0.04067,-0.00269
3.848,0.04311,-0.00296
3.849,0.04491,-0.00318
3.85,0.04596,-0.00334
3.851,0.04617,-0.00344
3.852,0.04544,-0.00348
3.853,0.04375,-0.00345
3.854,0.04111,-0.00335
3.855,0.03759,-0.0032
3.856,0.03329,-0.00298
3.857,0.02836,-0.00271
3.858,0.02299,-0.00236
3.859,0.01739,-0.00194
3.86,0.01182,-0.00144
3.861,0.00653,-8.47E-04
3.862,0.00176,-1.59E-04
3.863,-0.00226,6.21E-04
3.864,-0.00533,0.00148
3.865,-0.00734,0.0024
3.866,-0.0082,0.00336
3.867,-0.0079,0.00433
3.868,-0.00645,0.00525
3.869,-0.00396,0.00609
3.87,-6.45E-04,0.0068
3.871,0.00329,0.00735
3.872,0.00762,0.0077
3.873,0.0121,0.00783
3.874,0.01648,0.00771
3.875,0.02051,0.00737
3.876,0.024,0.00682
3.877,0.02682,0.00608
3.878,0.02886,0.00521
3.879,0.03013,0.00423
3.88,0.03063,0.00323
3.881,0.03047,0.00224
3.882,0.02976,0.00133
3.883,0.02866,5.37E-04
3.884,0.02732,-1.01E-04
3.885,0.02591,-5.58E-04
3.886,0.02459,-8.22E-04
3.887,0.02346,-8.92E-04
3.888,0.02262,-7.79E-04
3.889,0.02207,-5.06E-04
3.89,0.02182,-1.08E-04
3.891,0.02183,3.78E-04
3.892,0.02205,9.14E-04
3.893,0.02241,0.00146
3.894,0.02278,0.00198
3.895,0.02313,0.00244
3.896,0.02341,0.0028
3.897,0.02361,0.00305
3.898,0.02374,0.00319
3.899,0.02387,0.00321
3.9,0.02408,0.00312
3.901,0.02449,0.00294
3.902,0.0252,0.00269
3.903,0.02633,0.0024
3.904,0.02795,0.00211
3.905,0.03011,0.00186
3.906,0.03281,0.00167
3.907,0.03597,0.00158
3.908,0.03948,0.0016
3.909,0.04313,0.00174
3.91,0.0467,0.002
3.911,0.04993,0.00238
3.912,0.05256,0.00284
3.913,0.05438,0.00334
3.914,0.0551,0.00384
3.915,0.0546,0.00429
3.916,0.05283,0.00464
3.917,0.0498,0.00483
3.918,0.04568,0.00482
3.919,0.04066,0.00457
3.92,0.03506,0.00408
3.921,0.02928,0.00333
3.922,0.02374,0.00235
3.923,0.01892,0.00118
3.924,0.01522,-1.38E-04
3.925,0.01301,-0.00153
3.926,0.01259,-0.00292
3.927,0.01413,-0.00424
3.928,0.01768,-0.0054
3.929,0.02316,-0.00635
3.93,0.03035,-0.00702
3.931,0.03889,-0.00739
3.932,0.04836,-0.00745
3.933,0.0582,-0.00717
3.934,0.06784,-0.0066
3.935,0.07673,-0.00577
3.936,0.08436,-0.00474
3.937,0.09027,-0.00357
3.938,0.09407,-0.00233
3.939,0.09555,-0.00106
3.94,0.09466,1.57E-04
3.941,0.09147,0.00128
3.942,0.08619,0.00227
3.943,0.07913,0.00312
3.944,0.07073,0.0038
3.945,0.06153,0.00432
3.946,0.05206,0.0047
3.947,0.04284,0.00496
3.948,0.03439,0.00512
3.949,0.02711,0.0052
3.95,0.02137,0.00524
3.951,0.01738,0.00527
3.952,0.01523,0.00529
3.953,0.01491,0.00532
3.954,0.01629,0.00536
3.955,0.01912,0.00542
3.956,0.0231,0.00549
3.957,0.02789,0.00558
3.958,0.03308,0.00567
3.959,0.03835,0.00574
3.96,0.04332,0.00578
3.961,0.04771,0.00579
3.962,0.0513,0.00576
3.963,0.0539,0.00567
3.964,0.0555,0.00551
3.965,0.05606,0.00529
3.966,0.05564,0.00499
3.967,0.05434,0.00463
3.968,0.05229,0.00421
3.969,0.04968,0.00373
3.97,0.04668,0.0032
3.971,0.04343,0.00265
3.972,0.04007,0.00209
3.973,0.03673,0.00154
3.974,0.03348,0.00102
3.975,0.03041,5.54E-04
3.976,0.02756,1.55E-04
3.977,0.02495,-1.61E-04
3.978,0.02265,-3.86E-04
3.979,0.02064,-5.15E-04
3.98,0.01897,-5.60E-04
3.981,0.01767,-5.32E-04
3.982,0.0168,-4.47E-04
3.983,0.01641,-3.23E-04
3.984,0.01655,-1.82E-04
3.985,0.01726,-5.11E-05
3.986,0.01856,4.86E-05
3.987,0.02047,1.06E-04
3.988,0.02296,1.19E-04
3.989,0.026,9.03E-05
3.99,0.02946,2.55E-05
3.991,0.03321,-5.87E-05
3.992,0.03709,-1.37E-04
3.993,0.04094,-1.78E-04
3.994,0.04454,-1.53E-04
3.995,0.04769,-3.99E-05
3.996,0.05023,1.81E-04
3.997,0.052,5.23E-04
3.998,0.05295,9.90E-04
3.999,0.05298,0.00157
4,0.05214,0.00225
4.001,0.0505,0.003
4.002,0.04822,0.00378
4.003,0.04551,0.00456
4.004,0.04255,0.0053
4.005,0.03962,0.00595
4.006,0.037,0.00649
4.007,0.0349,0.00689
4.008,0.03357,0.00715
4.009,0.03312,0.00724
4.01,0.03368,0.00717
4.011,0.03527,0.00697
4.012,0.03785,0.00665
4.013,0.04132,0.00623
4.014,0.04548,0.00574
4.015,0.05011,0.00521
4.016,0.05496,0.00467
4.017,0.05977,0.00415
4.018,0.06425,0.00366
4.019,0.06816,0.00323
4.02,0.07131,0.00286
4.021,0.07355,0.00256
4.022,0.07479,0.00235
4.023,0.07497,0.00223
4.024,0.07417,0.0022
4.025,0.07249,0.00226
4.026,0.07009,0.0024
4.027,0.06714,0.00264
4.028,0.06383,0.00296
4.029,0.06038,0.00336
4.03,0.05702,0.00381
4.031,0.0539,0.00431
4.032,0.05116,0.00485
4.033,0.04887,0.00539
4.034,0.04708,0.00593
4.035,0.04579,0.00643
4.036,0.04494,0.00687
4.037,0.04445,0.00725
4.038,0.04417,0.00754
4.039,0.04399,0.00773
4.04,0.04379,0.00783
4.041,0.04344,0.00783
4.042,0.04285,0.00774
4.043,0.04193,0.00758
4.044,0.0407,0.00735
4.045,0.03916,0.00709
4.046,0.03735,0.0068
4.047,0.03536,0.0065
4.048,0.03325,0.00622
4.049,0.03122,0.00595
4.05,0.02935,0.00572
4.051,0.02773,0.00554
4.052,0.02644,0.00541
4.053,0.02551,0.00532
4.054,0.02502,0.0053
4.055,0.02492,0.00533
4.056,0.02512,0.00543
4.057,0.02555,0.00559
4.058,0.02607,0.0058
4.059,0.02659,0.00606
4.06,0.02695,0.00638
4.061,0.02705,0.00673
4.062,0.02677,0.00711
4.063,0.02604,0.00747
4.064,0.02487,0.00781
4.065,0.02326,0.00808
4.066,0.02126,0.00828
4.067,0.01896,0.00834
4.068,0.01647,0.00825
4.069,0.01397,0.00798
4.07,0.01159,0.00752
4.071,0.00947,0.00686
4.072,0.00772,0.00602
4.073,0.0064,0.00499
4.074,0.00561,0.00382
4.075,0.00534,0.00256
4.076,0.00552,0.00124
4.077,0.00607,-8.68E-05
4.078,0.00684,-0.00137
4.079,0.00772,-0.00255
4.08,0.00855,-0.0036
4.081,0.00915,-0.00448
4.082,0.00938,-0.00517
4.083,0.00907,-0.00569
4.084,0.00822,-0.00602
4.085,0.00679,-0.00619
4.086,0.0048,-0.00624
4.087,0.00228,-0.00621
4.088,-6.93E-04,-0.00613
4.089,-0.00391,-0.00603
4.09,-0.00725,-0.00595
4.091,-0.01055,-0.00593
4.092,-0.01369,-0.00598
4.093,-0.01657,-0.00611
4.094,-0.01907,-0.00631
4.095,-0.02117,-0.00658
4.096,-0.0229,-0.0069
4.097,-0.02431,-0.00725
4.098,-0.02551,-0.0076
4.099,-0.02659,-0.00792
4.1,-0.02773,-0.0082
4.101,-0.02907,-0.0084
4.102,-0.03073,-0.00853
4.103,-0.03278,-0.00857
4.104,-0.03524,-0.00851
4.105,-0.03813,-0.00837
4.106,-0.04139,-0.00815
4.107,-0.04488,-0.00787
4.108,-0.04838,-0.00754
4.109,-0.05166,-0.00719
4.11,-0.05453,-0.00684
4.111,-0.05675,-0.00652
4.112,-0.0581,-0.00623
4.113,-0.05831,-0.006
4.114,-0.05731,-0.00585
4.115,-0.05507,-0.00579
4.116,-0.05165,-0.00581
4.117,-0.04711,-0.00593
4.118,-0.04156,-0.00612
4.119,-0.03533,-0.00637
4.12,-0.02874,-0.00667
4.121,-0.02208,-0.00698
4.122,-0.01566,-0.00729
4.123,-0.00965,-0.00754
4.124,-0.00441,-0.00772
4.125,-5.99E-05,-0.0078
4.126,0.00333,-0.00776
4.127,0.00582,-0.00757
4.128,0.00757,-0.00723
4.129,0.00869,-0.00676
4.13,0.0095,-0.00616
4.131,0.01032,-0.00548
4.132,0.01147,-0.00473
4.133,0.01328,-0.00395
4.134,0.01592,-0.00321
4.135,0.01962,-0.00253
4.136,0.0245,-0.00195
4.137,0.03052,-0.0015
4.138,0.03755,-0.00118
4.139,0.04524,-0.00101
4.14,0.05335,-9.70E-04
4.141,0.06148,-0.00104
4.142,0.0692,-0.00118
4.143,0.07605,-0.00134
4.144,0.08153,-0.00149
4.145,0.08538,-0.00158
4.146,0.0874,-0.00156
4.147,0.08745,-0.00141
4.148,0.08552,-0.00109
4.149,0.08171,-6.19E-04
4.15,0.07634,1.39E-05
4.151,0.06983,7.88E-04
4.152,0.0626,0.00167
4.153,0.05515,0.00262
4.154,0.04795,0.00359
4.155,0.04151,0.00453
4.156,0.03623,0.00541
4.157,0.0324,0.00618
4.158,0.03023,0.0068
4.159,0.02972,0.00726
4.16,0.03079,0.00753
4.161,0.03325,0.00762
4.162,0.03679,0.00753
4.163,0.04107,0.00727
4.164,0.04564,0.00686
4.165,0.05009,0.00632
4.166,0.05404,0.00567
4.167,0.0572,0.00495
4.168,0.05939,0.00416
4.169,0.06049,0.00334
4.17,0.06051,0.00253
4.171,0.05958,0.00173
4.172,0.05793,9.71E-04
4.173,0.05585,2.71E-04
4.174,0.05372,-3.45E-04
4.175,0.05187,-8.60E-04
4.176,0.05063,-0.00126
4.177,0.05026,-0.00154
4.178,0.05095,-0.00169
4.179,0.05277,-0.00172
4.18,0.05573,-0.00164
4.181,0.05967,-0.00146
4.182,0.06437,-0.00121
4.183,0.0695,-9.25E-04
4.184,0.07464,-6.30E-04
4.185,0.0794,-3.70E-04
4.186,0.0834,-1.81E-04
4.187,0.08632,-9.46E-05
4.188,0.08792,-1.32E-04
4.189,0.08791,-3.09E-04
4.19,0.08623,-6.35E-04
4.191,0.08294,-0.00111
4.192,0.07824,-0.00171
4.193,0.07251,-0.0024
4.194,0.06602,-0.00315
4.195,0.05921,-0.00392
4.196,0.05255,-0.00466
4.197,0.04655,-0.00532
4.198,0.04178,-0.00585
4.199,0.03866,-0.00621
4.2,0.03759,-0.00638
4.201,0.03882,-0.00632
4.202,0.0425,-0.00604
4.203,0.04858,-0.00552
4.204,0.05724,-0.00477
4.205,0.06839,-0.00381
4.206,0.08179,-0.00267
4.207,0.09694,-0.0014
4.208,0.11288,-3.35E-05
4.209,0.12964,0.00138
4.21,0.14659,0.00279
4.211,0.16313,0.00416
4.212,0.17828,0.00542
4.213,0.19041,0.0065
4.214,0.19944,0.00737
4.215,0.20445,0.00799
4.216,0.20469,0.00833
4.217,0.19911,0.00837
4.218,0.18618,0.00805
4.219,0.16592,0.00738
4.22,0.1378,0.00639
4.221,0.10157,0.00508
4.222,0.05705,0.00349
4.223,0.00414,0.00163
4.224,-0.05619,-4.29E-04
4.225,-0.12314,-0.00264
4.226,-0.19556,-0.00494
4.227,-0.27189,-0.00728
4.228,-0.35006,-0.00959
4.229,-0.42778,-0.01181
4.23,-0.50311,-0.01391
4.231,-0.57393,-0.01585
4.232,-0.63778,-0.01758
4.233,-0.69188,-0.01907
4.234,-0.7342,-0.02029
4.235,-0.76372,-0.02123
4.236,-0.77956,-0.0219
4.237,-0.78078,-0.02228
4.238,-0.7666,-0.02234
4.239,-0.7374,-0.02206
4.24,-0.69492,-0.02147
4.241,-0.64086,-0.02057
4.242,-0.57692,-0.01936
4.243,-0.50492,-0.01785
4.244,-0.42746,-0.01603
4.245,-0.3477,-0.01397
4.246,-0.26835,-0.0117
4.247,-0.19172,-0.00929
4.248,-0.11982,-0.00679
4.249,-0.05479,-0.00429
4.25,0.00194,-0.00186
4.251,0.04945,4.05E-04
4.252,0.0873,0.00243
4.253,0.11556,0.00412
4.254,0.13417,0.00542
4.255,0.14446,0.00629
4.256,0.14769,0.00672
4.257,0.14508,0.00669
4.258,0.13812,0.00622
4.259,0.12747,0.00534
4.26,0.11527,0.00414
4.261,0.10288,0.00269
4.262,0.09117,0.00108
4.263,0.08091,-5.90E-04
4.264,0.07188,-0.00225
4.265,0.06496,-0.00381
4.266,0.06032,-0.00517
4.267,0.05775,-0.00629
4.268,0.0569,-0.00712
4.269,0.05694,-0.00765
4.27,0.05776,-0.00788
4.271,0.05905,-0.00782
4.272,0.06047,-0.0075
4.273,0.06166,-0.00696
4.274,0.06234,-0.00626
4.275,0.06246,-0.00546
4.276,0.06206,-0.00461
4.277,0.06125,-0.00377
4.278,0.06013,-0.00299
4.279,0.05893,-0.00231
4.28,0.05772,-0.00177
4.281,0.05661,-0.00139
4.282,0.05571,-0.00118
4.283,0.0551,-0.00114
4.284,0.05481,-0.00125
4.285,0.05473,-0.00149
4.286,0.05473,-0.00184
4.287,0.05472,-0.00226
4.288,0.05462,-0.00271
4.289,0.05435,-0.00314
4.29,0.05386,-0.00351
4.291,0.05317,-0.00379
4.292,0.05233,-0.00395
4.293,0.05147,-0.00397
4.294,0.05077,-0.00385
4.295,0.05044,-0.00359
4.296,0.05068,-0.00321
4.297,0.05168,-0.00274
4.298,0.05356,-0.00221
4.299,0.05643,-0.00168
4.3,0.06027,-0.00119
4.301,0.065,-7.78E-04
4.302,0.0704,-4.95E-04
4.303,0.07616,-3.68E-04
4.304,0.08194,-4.20E-04
4.305,0.08731,-6.56E-04
4.306,0.09188,-0.00107
4.307,0.09521,-0.00163
4.308,0.09691,-0.00229
4.309,0.09672,-0.00302
4.31,0.09452,-0.00375
4.311,0.09028,-0.00445
4.312,0.0841,-0.00504
4.313,0.07623,-0.00547
4.314,0.06705,-0.00571
4.315,0.05707,-0.00575
4.316,0.04685,-0.00557
4.317,0.03692,-0.00518
4.318,0.02786,-0.00457
4.319,0.02018,-0.0038
4.32,0.01428,-0.00289
4.321,0.01043,-0.00189
4.322,0.00874,-8.37E-04
4.323,0.00921,2.35E-04
4.324,0.01168,0.00128
4.325,0.01579,0.00228
4.326,0.02111,0.00321
4.327,0.02716,0.00406
4.328,0.0334,0.00481
4.329,0.03934,0.00547
4.33,0.04447,0.00602
4.331,0.0484,0.00649
4.332,0.05085,0.00686
4.333,0.05168,0.00713
4.334,0.05094,0.00731
4.335,0.04873,0.00739
4.336,0.04529,0.00737
4.337,0.04098,0.00725
4.338,0.03617,0.00701
4.339,0.03135,0.00667
4.34,0.02694,0.00623
4.341,0.02327,0.0057
4.342,0.02065,0.0051
4.343,0.01922,0.00444
4.344,0.0191,0.00374
4.345,0.02023,0.00302
4.346,0.02248,0.00232
4.347,0.02556,0.00165
4.348,0.02912,0.00103
4.349,0.03282,4.86E-04
4.35,0.03627,1.35E-05
4.351,0.03914,-3.78E-04
4.352,0.04111,-6.90E-04
4.353,0.04188,-9.27E-04
4.354,0.04137,-0.00109
4.355,0.03952,-0.00121
4.356,0.03639,-0.00128
4.357,0.03211,-0.00132
4.358,0.02687,-0.00134
4.359,0.021,-0.00134
4.36,0.01482,-0.00134
4.361,0.00862,-0.00134
4.362,0.00269,-0.00133
4.363,-0.00271,-0.00132
4.364,-0.00731,-0.00129
4.365,-0.011,-0.00126
4.366,-0.01372,-0.0012
4.367,-0.01549,-0.00113
4.368,-0.0164,-0.00103
4.369,-0.01653,-8.88E-04
4.37,-0.01608,-7.14E-04
4.371,-0.01525,-5.01E-04
4.372,-0.01425,-2.50E-04
4.373,-0.01329,3.77E-05
4.374,-0.01248,3.60E-04
4.375,-0.01197,7.11E-04
4.376,-0.01185,0.00108
4.377,-0.01216,0.00145
4.378,-0.01293,0.00182
4.379,-0.01401,0.00214
4.38,-0.01535,0.00242
4.381,-0.01685,0.00262
4.382,-0.01843,0.00273
4.383,-0.02004,0.00272
4.384,-0.02147,0.00259
4.385,-0.02273,0.00233
4.386,-0.02379,0.00195
4.387,-0.02468,0.00145
4.388,-0.0255,8.74E-04
4.389,-0.02629,2.39E-04
4.39,-0.02715,-4.11E-04
4.391,-0.02824,-0.00103
4.392,-0.02968,-0.00158
4.393,-0.03163,-0.00202
4.394,-0.03414,-0.00232
4.395,-0.03729,-0.00245
4.396,-0.0411,-0.0024
4.397,-0.04556,-0.00218
4.398,-0.0506,-0.00181
4.399,-0.05602,-0.00131
4.4,-0.06169,-7.39E-04
4.401,-0.06741,-1.41E-04
4.402,-0.07295,4.30E-04
4.403,-0.07809,9.21E-04
4.404,-0.0825,0.00128
4.405,-0.086,0.00148
4.406,-0.08844,0.00149
4.407,-0.0897,0.00129
4.408,-0.08977,9.19E-04
4.409,-0.08855,3.78E-04
4.41,-0.08618,-2.91E-04
4.411,-0.08283,-0.00104
4.412,-0.07873,-0.00183
4.413,-0.07423,-0.00258
4.414,-0.06957,-0.00324
4.415,-0.06515,-0.00378
4.416,-0.06133,-0.00416
4.417,-0.05847,-0.00435
4.418,-0.0569,-0.00433
4.419,-0.05682,-0.0041
4.42,-0.05842,-0.00367
4.421,-0.06179,-0.00306
4.422,-0.06691,-0.00229
4.423,-0.07364,-0.00139
4.424,-0.08174,-4.01E-04
4.425,-0.09088,6.51E-04
4.426,-0.10068,0.00173
4.427,-0.1107,0.00282
4.428,-0.12042,0.00386
4.429,-0.12932,0.00485
4.43,-0.13695,0.00576
4.431,-0.14291,0.00657
4.432,-0.14689,0.00726
4.433,-0.14866,0.0078
4.434,-0.14805,0.00819
4.435,-0.14514,0.00841
4.436,-0.14009,0.00846
4.437,-0.13319,0.00833
4.438,-0.12486,0.00802
4.439,-0.11553,0.00754
4.44,-0.10581,0.00692
4.441,-0.09628,0.00616
4.442,-0.0875,0.00531
4.443,-0.08004,0.00438
4.444,-0.07432,0.0034
4.445,-0.07073,0.00242
4.446,-0.06949,0.00147
4.447,-0.0707,5.63E-04
4.448,-0.07431,-2.70E-04
4.449,-0.0801,-0.00101
4.45,-0.08774,-0.00166
4.451,-0.09679,-0.0022
4.452,-0.10673,-0.00264
4.453,-0.11697,-0.00299
4.454,-0.12694,-0.00325
4.455,-0.13605,-0.00344
4.456,-0.14381,-0.00358
4.457,-0.14981,-0.00367
4.458,-0.15371,-0.00373
4.459,-0.15537,-0.00376
4.46,-0.15472,-0.00377
4.461,-0.15188,-0.00377
4.462,-0.14705,-0.00375
4.463,-0.14054,-0.00372
4.464,-0.13277,-0.00367
4.465,-0.12422,-0.00359
4.466,-0.11537,-0.0035
4.467,-0.10669,-0.00339
4.468,-0.09865,-0.00325
4.469,-0.0916,-0.00306
4.47,-0.08587,-0.00285
4.471,-0.08166,-0.00258
4.472,-0.07909,-0.00228
4.473,-0.07818,-0.00192
4.474,-0.07882,-0.00152
4.475,-0.08082,-0.00106
4.476,-0.08396,-5.56E-04
4.477,-0.08796,-1.23E-05
4.478,-0.09252,5.51E-04
4.479,-0.09735,0.00111
4.48,-0.10211,0.00166
4.481,-0.10655,0.00215
4.482,-0.11049,0.00257
4.483,-0.11375,0.00288
4.484,-0.11631,0.00304
4.485,-0.11811,0.00303
4.486,-0.11917,0.00285
4.487,-0.11959,0.00249
4.488,-0.11943,0.00194
4.489,-0.11891,0.00123
4.49,-0.11814,3.91E-04
4.491,-0.11728,-5.46E-04
4.492,-0.11642,-0.00153
4.493,-0.11561,-0.0025
4.494,-0.11493,-0.00342
4.495,-0.11443,-0.00423
4.496,-0.11408,-0.00489
4.497,-0.11381,-0.00537
4.498,-0.11347,-0.00563
4.499,-0.11301,-0.00567
4.5,-0.11232,-0.00551
4.501,-0.11132,-0.00515
4.502,-0.10989,-0.00463
4.503,-0.10791,-0.00397
4.504,-0.10541,-0.00322
4.505,-0.10237,-0.00242
4.506,-0.09884,-0.00162
4.507,-0.09488,-8.42E-04
4.508,-0.09052,-1.18E-04
4.509,-0.08599,5.28E-04
4.51,-0.08138,0.00108
4.511,-0.07684,0.00153
4.512,-0.07248,0.00189
4.513,-0.06835,0.00216
4.514,-0.06464,0.00235
4.515,-0.06137,0.00248
4.516,-0.05853,0.00255
4.517,-0.05609,0.00258
4.518,-0.05396,0.0026
4.519,-0.05215,0.0026
4.52,-0.05052,0.00259
4.521,-0.04892,0.0026
4.522,-0.04726,0.00263
4.523,-0.04539,0.00269
4.524,-0.04334,0.00278
4.525,-0.041,0.00291
4.526,-0.03834,0.00308
4.527,-0.03538,0.00331
4.528,-0.03214,0.00359
4.529,-0.02881,0.00391
4.53,-0.02544,0.00427
4.531,-0.02214,0.00466
4.532,-0.01903,0.00507
4.533,-0.0162,0.00548
4.534,-0.01385,0.00588
4.535,-0.01201,0.00625
4.536,-0.0107,0.00659
4.537,-0.00992,0.00689
4.538,-0.00957,0.00714
4.539,-0.00969,0.00733
4.54,-0.0101,0.0075
4.541,-0.01065,0.00763
4.542,-0.01118,0.00774
4.543,-0.01148,0.00784
4.544,-0.01148,0.00795
4.545,-0.01098,0.00806
4.546,-0.00989,0.00819
4.547,-0.00812,0.00833
4.548,-0.00561,0.00845
4.549,-0.00247,0.00856
4.55,0.00127,0.00862
4.551,0.0055,0.00862
4.552,0.01008,0.00853
4.553,0.01485,0.00831
4.554,0.01953,0.00796
4.555,0.02397,0.00748
4.556,0.02799,0.00685
4.557,0.03143,0.00609
4.558,0.03417,0.00522
4.559,0.03605,0.00427
4.56,0.03709,0.00327
4.561,0.03729,0.00228
4.562,0.03673,0.00133
4.563,0.03553,4.56E-04
4.564,0.03378,-2.89E-04
4.565,0.0317,-8.85E-04
4.566,0.02949,-0.00132
4.567,0.02734,-0.00157
4.568,0.02546,-0.00165
4.569,0.02397,-0.00156
4.57,0.02305,-0.00134
4.571,0.02278,-0.001
4.572,0.02324,-5.85E-04
4.573,0.02442,-1.25E-04
4.574,0.02624,3.50E-04
4.575,0.02865,8.02E-04
4.576,0.03152,0.0012
4.577,0.03471,0.00153
4.578,0.03805,0.00177
4.579,0.04133,0.00191
4.58,0.04441,0.00195
4.581,0.04713,0.00188
4.582,0.04938,0.00171
4.583,0.05103,0.00147
4.584,0.05202,0.00117
4.585,0.05235,8.34E-04
4.586,0.05201,4.78E-04
4.587,0.05108,1.35E-04
4.588,0.04962,-1.56E-04
4.589,0.04774,-3.72E-04
4.59,0.04557,-4.81E-04
4.591,0.04325,-4.58E-04
4.592,0.04091,-2.83E-04
4.593,0.03868,6.25E-05
4.594,0.03665,5.76E-04
4.595,0.03494,0.00125
4.596,0.03362,0.00208
4.597,0.03273,0.00303
4.598,0.03228,0.00407
4.599,0.03227,0.00514
4.6,0.03266,0.00619
4.601,0.03342,0.00719
4.602,0.03446,0.00807
4.603,0.0357,0.0088
4.604,0.03706,0.00932
4.605,0.03847,0.00962
4.606,0.03982,0.0097
4.607,0.04105,0.00954
4.608,0.04207,0.00918
4.609,0.04285,0.00863
4.61,0.04334,0.00794
4.611,0.04352,0.00715
4.612,0.04337,0.00633
4.613,0.04289,0.00553
4.614,0.04211,0.00477
4.615,0.04105,0.00412
4.616,0.03974,0.00361
4.617,0.03823,0.00324
4.618,0.03654,0.00305
4.619,0.03475,0.00303
4.62,0.0329,0.00316
4.621,0.03104,0.00343
4.622,0.02921,0.00383
4.623,0.02745,0.00432
4.624,0.02583,0.00488
4.625,0.02438,0.00547
4.626,0.02315,0.00608
4.627,0.02216,0.00668
4.628,0.02142,0.00725
4.629,0.021,0.00777
4.63,0.02088,0.00823
4.631,0.02106,0.00862
4.632,0.02154,0.00892
4.633,0.02226,0.00914
4.634,0.02319,0.00927
4.635,0.02426,0.00932
4.636,0.02538,0.00929
4.637,0.02645,0.00919
4.638,0.02738,0.00904
4.639,0.02807,0.00884
4.64,0.0284,0.00862
4.641,0.02827,0.00839
4.642,0.02762,0.00816
4.643,0.02645,0.00796
4.644,0.02473,0.00777
4.645,0.0225,0.00762
4.646,0.01983,0.0075
4.647,0.01684,0.00741
4.648,0.01375,0.00731
4.649,0.01073,0.00721
4.65,0.00798,0.00708
4.651,0.00573,0.0069
4.652,0.00419,0.00665
4.653,0.00356,0.00631
4.654,0.00401,0.00589
4.655,0.0056,0.00538
4.656,0.00836,0.00479
4.657,0.01226,0.00414
4.658,0.0172,0.00345
4.659,0.02296,0.00277
4.66,0.02928,0.00211
4.661,0.03588,0.00151
4.662,0.04244,1.00E-03
4.663,0.0486,6.00E-04
4.664,0.05402,3.34E-04
4.665,0.05841,2.00E-04
4.666,0.06154,1.89E-04
4.667,0.06326,2.86E-04
4.668,0.06349,4.67E-04
4.669,0.06221,7.08E-04
4.67,0.05957,9.69E-04
4.671,0.05578,0.00122
4.672,0.05111,0.00142
4.673,0.04589,0.00156
4.674,0.04046,0.00162
4.675,0.03524,0.00158
4.676,0.03059,0.00145
4.677,0.02682,0.00124
4.678,0.02418,9.62E-04
4.679,0.02283,6.44E-04
4.68,0.02286,3.08E-04
4.681,0.02424,-2.26E-05
4.682,0.02687,-3.23E-04
4.683,0.03055,-5.68E-04
4.684,0.03499,-7.40E-04
4.685,0.03986,-8.29E-04
4.686,0.04482,-8.29E-04
4.687,0.04953,-7.39E-04
4.688,0.05369,-5.62E-04
4.689,0.05702,-3.05E-04
4.69,0.05932,2.05E-05
4.691,0.06047,4.00E-04
4.692,0.06047,8.20E-04
4.693,0.05938,0.00126
4.694,0.05735,0.00171
4.695,0.05463,0.00214
4.696,0.05147,0.00255
4.697,0.04818,0.00291
4.698,0.04506,0.0032
4.699,0.0424,0.00342
4.7,0.04046,0.00355
4.701,0.03943,0.00359
4.702,0.03939,0.00353
4.703,0.04037,0.00338
4.704,0.04228,0.00314
4.705,0.04501,0.00284
4.706,0.04833,0.00249
4.707,0.052,0.00212
4.708,0.0557,0.00174
4.709,0.05912,0.00139
4.71,0.06197,0.00109
4.711,0.06403,8.57E-04
4.712,0.06509,7.04E-04
4.713,0.06505,6.37E-04
4.714,0.06386,6.55E-04
4.715,0.06157,7.48E-04
4.716,0.05829,9.00E-04
4.717,0.05424,0.00109
4.718,0.04968,0.00129
4.719,0.0449,0.00148
4.72,0.04023,0.00165
4.721,0.03595,0.00176
4.722,0.03236,0.00181
4.723,0.0297,0.00179
4.724,0.02816,0.00171
4.725,0.02784,0.00158
4.726,0.02877,0.00141
4.727,0.0309,0.00122
4.728,0.03409,0.00101
4.729,0.03816,8.11E-04
4.73,0.04286,6.27E-04
4.731,0.04792,4.63E-04
4.732,0.05304,3.14E-04
4.733,0.05789,1.63E-04
4.734,0.0622,1.85E-06
4.735,0.06572,-1.89E-04
4.736,0.06824,-4.32E-04
4.737,0.06961,-7.46E-04
4.738,0.06975,-0.00115
4.739,0.06865,-0.00165
4.74,0.06638,-0.00225
4.741,0.06305,-0.00294
4.742,0.05883,-0.0037
4.743,0.05396,-0.00451
4.744,0.04868,-0.00534
4.745,0.04329,-0.00615
4.746,0.03807,-0.00691
4.747,0.03326,-0.00758
4.748,0.02911,-0.00813
4.749,0.02582,-0.00853
4.75,0.02354,-0.00878
4.751,0.02236,-0.00886
4.752,0.0223,-0.00877
4.753,0.02332,-0.00851
4.754,0.02532,-0.0081
4.755,0.02812,-0.00756
4.756,0.03151,-0.00692
4.757,0.03528,-0.0062
4.758,0.03917,-0.00543
4.759,0.04292,-0.00462
4.76,0.04626,-0.0038
4.761,0.04898,-0.003
4.762,0.05094,-0.00223
4.763,0.05203,-0.00152
4.764,0.05221,-8.68E-04
4.765,0.05151,-3.00E-04
4.766,0.05002,1.78E-04
4.767,0.0479,5.58E-04
4.768,0.04537,8.35E-04
4.769,0.04268,0.001
4.77,0.0401,0.00107
4.771,0.03789,0.00105
4.772,0.03628,9.47E-04
4.773,0.03547,7.75E-04
4.774,0.03559,5.48E-04
4.775,0.03672,2.94E-04
4.776,0.03885,3.65E-05
4.777,0.04189,-2.09E-04
4.778,0.04567,-4.31E-04
4.779,0.04995,-6.19E-04
4.78,0.05445,-7.60E-04
4.781,0.05888,-8.54E-04
4.782,0.06293,-9.07E-04
4.783,0.06631,-9.35E-04
4.784,0.06875,-9.53E-04
4.785,0.07006,-9.77E-04
4.786,0.07014,-0.00102
4.787,0.06896,-0.00111
4.788,0.06662,-0.00126
4.789,0.06324,-0.00147
4.79,0.05908,-0.00176
4.791,0.05445,-0.00211
4.792,0.04967,-0.00251
4.793,0.04511,-0.00297
4.794,0.04111,-0.00345
4.795,0.03799,-0.00394
4.796,0.03598,-0.00442
4.797,0.03526,-0.00487
4.798,0.03589,-0.00527
4.799,0.03784,-0.00561
4.8,0.04099,-0.00588
4.801,0.04511,-0.00608
4.802,0.04994,-0.00621
4.803,0.05511,-0.00626
4.804,0.06025,-0.00625
4.805,0.06499,-0.00618
4.806,0.06901,-0.00607
4.807,0.07201,-0.00591
4.808,0.0738,-0.00572
4.809,0.07425,-0.0055
4.81,0.07335,-0.00526
4.811,0.07118,-0.00502
4.812,0.06791,-0.00477
4.813,0.0638,-0.00451
4.814,0.05918,-0.00425
4.815,0.05438,-0.004
4.816,0.04975,-0.00375
4.817,0.04562,-0.00351
4.818,0.0423,-0.00325
4.819,0.04001,-0.00298
4.82,0.0389,-0.00268
4.821,0.03902,-0.00232
4.822,0.04035,-0.00189
4.823,0.04277,-0.00138
4.824,0.0461,-7.76E-04
4.825,0.05011,-5.49E-05
4.826,0.05454,7.85E-04
4.827,0.05909,0.00173
4.828,0.06347,0.00276
4.829,0.06746,0.00383
4.83,0.07087,0.00491
4.831,0.07357,0.00594
4.832,0.07546,0.00685
4.833,0.07645,0.00758
4.834,0.07663,0.00804
4.835,0.07606,0.00819
4.836,0.07485,0.008
4.837,0.07309,0.00742
4.838,0.07082,0.00645
4.839,0.06818,0.00511
4.84,0.06524,0.00344
4.841,0.06202,0.00153
4.842,0.05852,-5.48E-04
4.843,0.05472,-0.00269
4.844,0.05056,-0.00479
4.845,0.04603,-0.00672
4.846,0.04108,-0.00839
4.847,0.03572,-0.00972
4.848,0.03001,-0.01063
4.849,0.02403,-0.01109
4.85,0.01792,-0.0111
4.851,0.01184,-0.01067
4.852,0.00604,-0.00986
4.853,8.11E-04,-0.00876
4.854,-0.00351,-0.00743
4.855,-0.00668,-0.00601
4.856,-0.00846,-0.00461
4.857,-0.00866,-0.00333
4.858,-0.00715,-0.00225
4.859,-0.0038,-0.00147
4.86,0.00126,-0.00103
4.861,0.00785,-9.70E-04
4.862,0.01569,-0.00129
4.863,0.02437,-0.00194
4.864,0.03352,-0.00289
4.865,0.04261,-0.00405
4.866,0.05113,-0.00535
4.867,0.05857,-0.00669
4.868,0.06439,-0.00796
4.869,0.06826,-0.00907
4.87,0.0699,-0.00993
4.871,0.06914,-0.01048
4.872,0.06593,-0.01067
4.873,0.06031,-0.01047
4.874,0.05254,-0.00987
4.875,0.04298,-0.0089
4.876,0.03209,-0.00761
4.877,0.02033,-0.00604
4.878,0.00824,-0.0043
4.879,-0.0036,-0.00246
4.88,-0.01466,-6.35E-04
4.881,-0.0245,0.0011
4.882,-0.03273,0.00264
4.883,-0.03908,0.00391
4.884,-0.04334,0.00484
4.885,-0.0455,0.0054
4.886,-0.04564,0.00558
4.887,-0.04392,0.00537
4.888,-0.04061,0.00479
4.889,-0.03599,0.00389
4.89,-0.03052,0.00274
4.891,-0.02458,0.00141
4.892,-0.01857,-2.52E-05
4.893,-0.01286,-0.00149
4.894,-0.00772,-0.00291
4.895,-0.00348,-0.00422
4.896,-3.54E-04,-0.00537
4.897,0.00157,-0.00632
4.898,0.00227,-0.00706
4.899,0.00178,-0.00758
4.9,1.68E-04,-0.0079
4.901,-0.00243,-0.00803
4.902,-0.00581,-0.00799
4.903,-0.00968,-0.00782
4.904,-0.01384,-0.00754
4.905,-0.01804,-0.00719
4.906,-0.02206,-0.00677
4.907,-0.02563,-0.0063
4.908,-0.02845,-0.0058
4.909,-0.03045,-0.00525
4.91,-0.03144,-0.00467
4.911,-0.0313,-0.00406
4.912,-0.02994,-0.00342
4.913,-0.02723,-0.00276
4.914,-0.02326,-0.0021
4.915,-0.01807,-0.00146
4.916,-0.01173,-8.80E-04
4.917,-0.00434,-3.76E-04
4.918,0.00396,3.15E-05
4.919,0.0129,3.00E-04
4.92,0.02225,4.17E-04
4.921,0.03177,3.72E-04
4.922,0.04119,1.75E-04
4.923,0.05024,-1.39E-04
4.924,0.05857,-5.51E-04
4.925,0.06596,-1.00E-03
4.926,0.0722,-0.00142
4.927,0.07713,-0.00175
4.928,0.0806,-0.00192
4.929,0.08248,-0.00187
4.93,0.08285,-0.00154
4.931,0.08183,-8.94E-04
4.932,0.07953,7.44E-05
4.933,0.07618,0.00135
4.934,0.07193,0.0029
4.935,0.06717,0.00466
4.936,0.06221,0.00657
4.937,0.05735,0.00852
4.938,0.0529,0.01039
4.939,0.04902,0.01209
4.94,0.04597,0.01351
4.941,0.04391,0.01457
4.942,0.0429,0.01519
4.943,0.04298,0.0153
4.944,0.04403,0.01488
4.945,0.04596,0.01393
4.946,0.04862,0.0125
4.947,0.05181,0.01063
4.948,0.05533,0.00839
4.949,0.05895,0.00589
4.95,0.06248,0.00323
4.951,0.06575,5.31E-04
4.952,0.06862,-0.00209
4.953,0.07098,-0.00453
4.954,0.0728,-0.00667
4.955,0.07406,-0.00845
4.956,0.07478,-0.0098
4.957,0.07501,-0.01068
4.958,0.07479,-0.01108
4.959,0.07422,-0.011
4.96,0.07337,-0.01049
4.961,0.0723,-0.00961
4.962,0.07104,-0.00843
4.963,0.06963,-0.00704
4.964,0.06806,-0.00553
4.965,0.06633,-0.004
4.966,0.06442,-0.00254
4.967,0.06232,-0.00124
4.968,0.06004,-1.56E-04
4.969,0.05756,6.79E-04
4.97,0.05492,0.00123
4.971,0.05218,0.00149
4.972,0.04945,0.00148
4.973,0.04688,0.00125
4.974,0.04458,8.50E-04
4.975,0.0427,3.42E-04
4.976,0.04139,-2.09E-04
4.977,0.04082,-7.38E-04
4.978,0.04118,-0.00119
4.979,0.04248,-0.00152
4.98,0.04474,-0.00169
4.981,0.04791,-0.00171
4.982,0.05193,-0.00157
4.983,0.05673,-0.00128
4.984,0.06205,-9.09E-04
4.985,0.06765,-4.81E-04
4.986,0.07328,-4.14E-05
4.987,0.07869,3.65E-04
4.988,0.08367,7.02E-04
4.989,0.08809,9.36E-04
4.99,0.0919,0.00106
4.991,0.09507,0.00107
4.992,0.09759,9.80E-04
4.993,0.09937,8.23E-04
4.994,0.10093,6.38E-04
4.995,0.10259,4.67E-04
4.996,0.10465,3.55E-04
4.997,0.10719,3.36E-04
4.998,0.10983,4.31E-04
4.999,0.11328,6.72E-04
5,0.1175,0.00106
5.001,0.12237,0.00159
5.002,0.12726,0.00223
5.003,0.1308,0.00291
5.004,0.13294,0.00361
5.005,0.13273,0.00426
5.006,0.12919,0.00481
5.007,0.12107,0.00519
5.008,0.10662,0.00533
5.009,0.08548,0.0052
5.01,0.05677,0.00477
5.011,0.01995,0.00401
5.012,-0.02525,0.00293
5.013,-0.07885,0.00152
5.014,-0.13985,-1.69E-04
5.015,-0.20739,-0.0021
5.016,-0.2801,-0.00422
5.017,-0.35605,-0.00646
5.018,-0.43268,-0.00874
5.019,-0.50738,-0.01097
5.02,-0.57795,-0.01309
5.021,-0.64206,-0.01502
5.022,-0.6971,-0.01669
5.023,-0.74022,-0.01802
5.024,-0.76954,-0.01896
5.025,-0.78434,-0.01949
5.026,-0.7841,-0.0196
5.027,-0.76842,-0.01929
5.028,-0.73716,-0.01854
5.029,-0.69141,-0.0174
5.03,-0.63346,-0.01594
5.031,-0.56563,-0.01422
5.032,-0.49018,-0.01232
5.033,-0.40952,-0.01028
5.034,-0.32661,-0.00819
5.035,-0.24468,-0.00613
5.036,-0.16641,-0.00416
5.037,-0.09406,-0.00233
5.038,-0.02945,-6.45E-04
5.039,0.02561,8.55E-04
5.04,0.07031,0.00218
5.041,0.10432,0.00334
5.042,0.12773,0.00436
5.043,0.14119,0.00528
5.044,0.14516,0.00611
5.045,0.1416,0.00691
5.046,0.13221,0.0077
5.047,0.11856,0.0085
5.048,0.1024,0.0093
5.049,0.08457,0.01009
5.05,0.06725,0.01086
5.051,0.05174,0.01159
5.052,0.03884,0.01224
5.053,0.02913,0.01276
5.054,0.02217,0.01309
5.055,0.01847,0.01323
5.056,0.01787,0.01315
5.057,0.01987,0.01285
5.058,0.02384,0.01231
5.059,0.02872,0.01154
5.06,0.03405,0.01059
5.061,0.03927,0.0095
5.062,0.04392,0.00832
5.063,0.04762,0.0071
5.064,0.05011,0.0059
5.065,0.0513,0.00477
5.066,0.05132,0.00376
5.067,0.05044,0.00291
5.068,0.049,0.00224
5.069,0.04747,0.00179
5.07,0.04617,0.00154
5.071,0.04546,0.0015
5.072,0.04564,0.00165
5.073,0.04695,0.00195
5.074,0.04953,0.00238
5.075,0.05335,0.00291
5.076,0.05827,0.0035
5.077,0.06404,0.0041
5.078,0.07028,0.00467
5.079,0.07661,0.00518
5.08,0.08265,0.0056
5.081,0.08801,0.0059
5.082,0.0923,0.00605
5.083,0.09515,0.00604
5.084,0.09633,0.00587
5.085,0.09576,0.00554
5.086,0.09344,0.00505
5.087,0.08946,0.00443
5.088,0.08397,0.00371
5.089,0.07725,0.00291
5.09,0.06966,0.00207
5.091,0.06157,0.00125
5.092,0.05338,4.65E-04
5.093,0.04547,-2.25E-04
5.094,0.03819,-7.92E-04
5.095,0.03186,-0.00121
5.096,0.02669,-0.00145
5.097,0.02285,-0.00152
5.098,0.02046,-0.00142
5.099,0.01951,-0.00114
5.1,0.01991,-7.33E-04
5.101,0.02153,-2.13E-04
5.102,0.0242,3.85E-04
5.103,0.02772,0.00102
5.104,0.03188,0.00167
5.105,0.03637,0.00229
5.106,0.04098,0.00285
5.107,0.04549,0.00333
5.108,0.04973,0.00373
5.109,0.05359,0.00403
5.11,0.05693,0.00424
5.111,0.05968,0.00436
5.112,0.06183,0.0044
5.113,0.06338,0.00438
5.114,0.06443,0.00429
5.115,0.06503,0.00417
5.116,0.06528,0.00403
5.117,0.06526,0.00386
5.118,0.06505,0.00367
5.119,0.06475,0.00348
5.12,0.06444,0.00328
5.121,0.06419,0.00308
5.122,0.06401,0.00289
5.123,0.06386,0.0027
5.124,0.06371,0.00251
5.125,0.06356,0.00234
5.126,0.06335,0.00218
5.127,0.06299,0.00204
5.128,0.06237,0.00191
5.129,0.06143,0.00178
5.13,0.06011,0.00166
5.131,0.05837,0.00153
5.132,0.05618,0.00138
5.133,0.05352,0.00121
5.134,0.05044,9.89E-04
5.135,0.047,7.25E-04
5.136,0.04327,4.07E-04
5.137,0.03937,3.66E-05
5.138,0.0354,-3.78E-04
5.139,0.03155,-8.21E-04
5.14,0.02793,-0.00128
5.141,0.02466,-0.00172
5.142,0.02186,-0.00213
5.143,0.01962,-0.00248
5.144,0.01807,-0.00273
5.145,0.01722,-0.00288
5.146,0.01706,-0.00291
5.147,0.01757,-0.00281
5.148,0.01866,-0.00259
5.149,0.02031,-0.00226
5.15,0.02236,-0.00184
5.151,0.02468,-0.00136
5.152,0.02711,-8.48E-04
5.153,0.02945,-3.38E-04
5.154,0.03162,1.43E-04
5.155,0.03344,5.70E-04
5.156,0.03478,9.24E-04
5.157,0.03554,0.00119
5.158,0.03559,0.00137
5.159,0.03492,0.00147
5.16,0.03352,0.0015
5.161,0.03139,0.00148
5.162,0.02855,0.00142
5.163,0.02507,0.00134
5.164,0.02108,0.00125
5.165,0.01669,0.00117
5.166,0.01203,0.00111
5.167,0.00725,0.00106
5.168,0.00247,0.00102
5.169,-0.0021,9.91E-04
5.17,-0.00635,9.53E-04
5.171,-0.01014,9.00E-04
5.172,-0.01338,8.20E-04
5.173,-0.01599,7.08E-04
5.174,-0.01786,5.55E-04
5.175,-0.01897,3.63E-04
5.176,-0.01935,1.36E-04
5.177,-0.01901,-1.18E-04
5.178,-0.01806,-3.85E-04
5.179,-0.0165,-6.56E-04
5.18,-0.01448,-9.17E-04
5.181,-0.01213,-0.00116
5.182,-0.00961,-0.00137
5.183,-0.00714,-0.00153
5.184,-0.00478,-0.00164
5.185,-0.00273,-0.00169
5.186,-0.00114,-0.00169
5.187,-1.68E-04,-0.00163
5.188,-7.71E-06,-0.0015
5.189,-6.53E-04,-0.00132
5.19,-0.00219,-0.00108
5.191,-0.00467,-7.87E-04
5.192,-0.00809,-4.44E-04
5.193,-0.01249,-5.63E-05
5.194,-0.0177,3.69E-04
5.195,-0.02365,8.20E-04
5.196,-0.03019,0.00128
5.197,-0.0372,0.00174
5.198,-0.04451,0.00218
5.199,-0.05187,0.00257
5.2,-0.0591,0.0029
5.201,-0.06602,0.00315
5.202,-0.07246,0.0033
5.203,-0.07825,0.00335
5.204,-0.08318,0.00327
5.205,-0.08719,0.00309
5.206,-0.09021,0.00281
5.207,-0.09221,0.00244
5.208,-0.09323,0.00201
5.209,-0.09321,0.00154
5.21,-0.09231,0.00107
5.211,-0.09067,6.10E-04
5.212,-0.08845,1.96E-04
5.213,-0.08587,-1.59E-04
5.214,-0.08301,-4.41E-04
5.215,-0.08016,-6.46E-04
5.216,-0.07755,-7.77E-04
5.217,-0.07535,-8.43E-04
5.218,-0.07377,-8.64E-04
5.219,-0.07286,-8.53E-04
5.22,-0.07279,-8.30E-04
5.221,-0.07362,-8.13E-04
5.222,-0.07536,-8.19E-04
5.223,-0.07799,-8.63E-04
5.224,-0.08137,-9.43E-04
5.225,-0.0854,-0.00106
5.226,-0.0899,-0.00122
5.227,-0.09469,-0.0014
5.228,-0.09954,-0.00161
5.229,-0.1042,-0.00182
5.23,-0.10845,-0.00203
5.231,-0.11209,-0.00224
5.232,-0.11495,-0.00245
5.233,-0.11691,-0.00266
5.234,-0.11785,-0.00288
5.235,-0.11777,-0.00311
5.236,-0.1167,-0.00336
5.237,-0.11474,-0.00365
5.238,-0.11208,-0.00398
5.239,-0.10885,-0.00434
5.24,-0.10535,-0.00475
5.241,-0.10182,-0.00519
5.242,-0.09852,-0.00565
5.243,-0.09572,-0.00611
5.244,-0.09363,-0.00654
5.245,-0.09246,-0.00694
5.246,-0.09235,-0.00727
5.247,-0.09335,-0.00753
5.248,-0.09544,-0.00768
5.249,-0.09855,-0.00773
5.25,-0.10254,-0.00767
5.251,-0.10722,-0.00751
5.252,-0.11232,-0.00725
5.253,-0.11751,-0.00691
5.254,-0.12251,-0.0065
5.255,-0.127,-0.00604
5.256,-0.1307,-0.00556
5.257,-0.13338,-0.00508
5.258,-0.13478,-0.00461
5.259,-0.13479,-0.00416
5.26,-0.13337,-0.00376
5.261,-0.13053,-0.00341
5.262,-0.12635,-0.00313
5.263,-0.12099,-0.00291
5.264,-0.11467,-0.00276
5.265,-0.10768,-0.00268
5.266,-0.10032,-0.00267
5.267,-0.0929,-0.00273
5.268,-0.08575,-0.00284
5.269,-0.07918,-0.00301
5.27,-0.07347,-0.00322
5.271,-0.06884,-0.00345
5.272,-0.06545,-0.00369
5.273,-0.06342,-0.00392
5.274,-0.0628,-0.00414
5.275,-0.06356,-0.00431
5.276,-0.06558,-0.00444
5.277,-0.06872,-0.0045
5.278,-0.07274,-0.00451
5.279,-0.07745,-0.00445
5.28,-0.08253,-0.00433
5.281,-0.08769,-0.00417
5.282,-0.09263,-0.00398
5.283,-0.09704,-0.00378
5.284,-0.10073,-0.00358
5.285,-0.10346,-0.0034
5.286,-0.10507,-0.00326
5.287,-0.10544,-0.00316
5.288,-0.10448,-0.00311
5.289,-0.10228,-0.0031
5.29,-0.09891,-0.00313
5.291,-0.09451,-0.00319
5.292,-0.08924,-0.00327
5.293,-0.08328,-0.00335
5.294,-0.07695,-0.00342
5.295,-0.07052,-0.00348
5.296,-0.06425,-0.00353
5.297,-0.05835,-0.00358
5.298,-0.053,-0.00363
5.299,-0.04843,-0.00371
5.3,-0.04474,-0.00383
5.301,-0.04201,-0.00402
5.302,-0.0402,-0.0043
5.303,-0.0392,-0.00466
5.304,-0.03898,-0.00513
5.305,-0.03932,-0.00568
5.306,-0.04002,-0.00631
5.307,-0.04083,-0.00699
5.308,-0.04149,-0.00766
5.309,-0.04185,-0.00828
5.31,-0.04165,-0.00881
5.311,-0.04072,-0.00919
5.312,-0.03894,-0.00938
5.313,-0.03623,-0.00934
5.314,-0.0327,-0.00905
5.315,-0.02835,-0.00849
5.316,-0.0233,-0.00769
5.317,-0.01773,-0.00667
5.318,-0.01189,-0.00545
5.319,-0.0061,-0.0041
5.32,-5.83E-04,-0.00267
5.321,0.00441,-0.00124
5.322,0.00865,1.34E-04
5.323,0.01193,0.0014
5.324,0.01403,0.00249
5.325,0.0149,0.00338
5.326,0.01455,0.00404
5.327,0.01302,0.00445
5.328,0.01045,0.00463
5.329,0.00697,0.00459
5.33,0.00285,0.00435
5.331,-0.00164,0.00395
5.332,-0.0062,0.00344
5.333,-0.0105,0.00286
5.334,-0.01433,0.00226
5.335,-0.01742,0.00168
5.336,-0.01956,0.00116
5.337,-0.0206,7.41E-04
5.338,-0.0204,4.47E-04
5.339,-0.01902,2.91E-04
5.34,-0.01651,2.89E-04
5.341,-0.01296,4.47E-04
5.342,-0.00853,7.57E-04
5.343,-0.00336,0.0012
5.344,0.00225,0.00175
5.345,0.0081,0.00238
5.346,0.01394,0.00306
5.347,0.0196,0.00374
5.348,0.02492,0.00439
5.349,0.02971,0.00495
5.35,0.0339,0.0054
5.351,0.03744,0.0057
5.352,0.04033,0.00582
5.353,0.04259,0.00574
5.354,0.04425,0.00546
5.355,0.04542,0.00499
5.356,0.0462,0.00435
5.357,0.04669,0.00356
5.358,0.04695,0.00266
5.359,0.04701,0.0017
5.36,0.047,7.20E-04
5.361,0.04694,-2.26E-04
5.362,0.04684,-0.0011
5.363,0.04669,-0.00185
5.364,0.0464,-0.00245
5.365,0.04601,-0.00288
5.366,0.04547,-0.00315
5.367,0.04476,-0.00323
5.368,0.04382,-0.00315
5.369,0.04262,-0.00292
5.37,0.04118,-0.00256
5.371,0.03953,-0.00212
5.372,0.03771,-0.00162
5.373,0.03576,-0.00107
5.374,0.03376,-5.00E-04
5.375,0.03178,5.67E-05
5.376,0.0299,5.89E-04
5.377,0.0282,0.00109
5.378,0.02677,0.00156
5.379,0.02567,0.00199
5.38,0.02495,0.00238
5.381,0.02461,0.00275
5.382,0.02467,0.00309
5.383,0.02512,0.00341
5.384,0.02593,0.00371
5.385,0.02704,0.00401
5.386,0.02839,0.00431
5.387,0.02989,0.00461
5.388,0.03145,0.00491
5.389,0.03301,0.00521
5.39,0.0345,0.00552
5.391,0.03585,0.00583
5.392,0.03699,0.00615
5.393,0.03785,0.00645
5.394,0.03844,0.00674
5.395,0.03871,0.007
5.396,0.03867,0.00723
5.397,0.03832,0.00741
5.398,0.03765,0.0075
5.399,0.03668,0.00751
5.4,0.03544,0.00742
5.401,0.03395,0.00722
5.402,0.03222,0.00691
5.403,0.03033,0.00647
5.404,0.02827,0.00593
5.405,0.02609,0.00529
5.406,0.02384,0.00459
5.407,0.02157,0.00384
5.408,0.01939,0.00306
5.409,0.01736,0.00229
5.41,0.01555,0.00154
5.411,0.01406,8.42E-04
5.412,0.013,2.00E-04
5.413,0.01248,-3.75E-04
5.414,0.0126,-8.84E-04
5.415,0.01342,-0.00134
5.416,0.015,-0.00176
5.417,0.01736,-0.00215
5.418,0.02047,-0.00252
5.419,0.02432,-0.00289
5.42,0.02879,-0.00325
5.421,0.03374,-0.00362
5.422,0.03898,-0.00397
5.423,0.04426,-0.00428
5.424,0.04936,-0.00451
5.425,0.05403,-0.00464
5.426,0.05801,-0.00463
5.427,0.06107,-0.00444
5.428,0.06294,-0.00406
5.429,0.06348,-0.00345
5.43,0.0626,-0.00263
5.431,0.06028,-0.00162
5.432,0.05654,-4.50E-04
5.433,0.05148,8.43E-04
5.434,0.04527,0.00219
5.435,0.03818,0.00352
5.436,0.03051,0.00477
5.437,0.02258,0.00586
5.438,0.01476,0.00675
5.439,0.00737,0.00737
5.44,7.50E-04,0.00771
5.441,-0.00484,0.00776
5.442,-0.00917,0.00754
5.443,-0.01204,0.00708
5.444,-0.01338,0.00644
5.445,-0.01321,0.00567
5.446,-0.01159,0.00487
5.447,-0.00866,0.0041
5.448,-0.0046,0.00343
5.449,3.75E-04,0.00292
5.45,0.00596,0.00261
5.451,0.01187,0.00253
5.452,0.01783,0.00269
5.453,0.02357,0.00305
5.454,0.02891,0.00357
5.455,0.03361,0.00422
5.456,0.03753,0.00491
5.457,0.04058,0.00558
5.458,0.04268,0.00615
5.459,0.04386,0.00654
5.46,0.04413,0.0067
5.461,0.04356,0.00658
5.462,0.04224,0.00616
5.463,0.04027,0.00543
5.464,0.03773,0.0044
5.465,0.03477,0.00312
5.466,0.03151,0.00164
5.467,0.02805,1.66E-05
5.468,0.02451,-0.00166
5.469,0.02096,-0.0033
5.47,0.01754,-0.00482
5.471,0.01433,-0.00615
5.472,0.01142,-0.00722
5.473,0.00894,-0.00797
5.474,0.00694,-0.00836
5.475,0.00552,-0.0084
5.476,0.00477,-0.00809
5.477,0.00473,-0.00747
5.478,0.00544,-0.00659
5.479,0.00693,-0.00551
5.48,0.00917,-0.00432
5.481,0.0121,-0.00312
5.482,0.01563,-0.00197
5.483,0.01959,-9.59E-04
5.484,0.02385,-1.38E-04
5.485,0.02818,4.43E-04
5.486,0.03234,7.62E-04
5.487,0.03611,8.22E-04
5.488,0.03924,6.43E-04
5.489,0.04151,2.78E-04
5.49,0.04275,-2.15E-04
5.491,0.04282,-7.69E-04
5.492,0.04165,-0.00131
5.493,0.03925,-0.00178
5.494,0.03568,-0.00211
5.495,0.03109,-0.00226
5.496,0.02571,-0.0022
5.497,0.01982,-0.00195
5.498,0.01378,-0.00153
5.499,0.0079,-9.81E-04
5.5,0.00258,-3.65E-04
5.501,-0.00185,2.53E-04
5.502,-0.0051,8.00E-04
5.503,-0.00687,0.0012
5.504,-0.00702,0.0014
5.505,-0.00546,0.00136
5.506,-0.00222,0.00106
5.507,0.00259,5.00E-04
5.508,0.00877,-2.86E-04
5.509,0.01604,-0.00125
5.51,0.024,-0.00234
5.511,0.03229,-0.00347
5.512,0.04047,-0.00456
5.513,0.04811,-0.00553
5.514,0.05483,-0.00632
5.515,0.06027,-0.00687
5.516,0.06419,-0.00715
5.517,0.0664,-0.00716
5.518,0.06681,-0.00688
5.519,0.06541,-0.00635
5.52,0.06236,-0.00563
5.521,0.05786,-0.00476
5.522,0.05217,-0.00382
5.523,0.04566,-0.00284
5.524,0.03868,-0.00191
5.525,0.03167,-0.00106
5.526,0.02502,-3.26E-04
5.527,0.01909,2.68E-04
5.528,0.01418,7.27E-04
5.529,0.01054,0.00106
5.53,0.00835,0.00128
5.531,0.00768,0.00144
5.532,0.00852,0.00156
5.533,0.01075,0.00169
5.534,0.01419,0.00186
5.535,0.01856,0.00211
5.536,0.02355,0.00245
5.537,0.02883,0.0029
5.538,0.03402,0.00344
5.539,0.03879,0.00406
5.54,0.04278,0.00474
5.541,0.04574,0.00544
5.542,0.04746,0.00613
5.543,0.04784,0.00675
5.544,0.04686,0.00726
5.545,0.04459,0.00761
5.546,0.04118,0.00779
5.547,0.03686,0.00777
5.548,0.03193,0.00752
5.549,0.02677,0.00705
5.55,0.02174,0.00638
5.551,0.01722,0.00553
5.552,0.01351,0.00455
5.553,0.01091,0.00348
5.554,0.00962,0.00237
5.555,0.00975,0.00129
5.556,0.01132,2.98E-04
5.557,0.01424,-5.62E-04
5.558,0.01829,-0.00124
5.559,0.02318,-0.00171
5.56,0.02854,-0.00195
5.561,0.03399,-0.00197
5.562,0.03912,-0.00178
5.563,0.04354,-0.0014
5.564,0.04687,-8.88E-04
5.565,0.04884,-2.90E-04
5.566,0.04926,3.32E-04
5.567,0.04809,9.22E-04
5.568,0.04539,0.00143
5.569,0.04133,0.00181
5.57,0.03622,0.00203
5.571,0.03041,0.00208
5.572,0.02434,0.00195
5.573,0.0185,0.00167
5.574,0.01335,0.00126
5.575,0.00932,7.70E-04
5.576,0.00674,2.39E-04
5.577,0.00585,-2.86E-04
5.578,0.00678,-7.62E-04
5.579,0.0095,-0.00115
5.58,0.01386,-0.00142
5.581,0.01957,-0.00156
5.582,0.02626,-0.00159
5.583,0.03348,-0.00151
5.584,0.0407,-0.00134
5.585,0.04743,-0.00113
5.586,0.05321,-9.02E-04
5.587,0.05767,-7.01E-04
5.588,0.0605,-5.53E-04
5.589,0.06154,-4.84E-04
5.59,0.06078,-5.05E-04
5.591,0.05836,-6.14E-04
5.592,0.0545,-8.02E-04
5.593,0.04955,-0.00105
5.594,0.04395,-0.00132
5.595,0.03819,-0.00159
5.596,0.03273,-0.00182
5.597,0.028,-0.00199
5.598,0.02436,-0.00207
5.599,0.02206,-0.00205
5.6,0.02123,-0.00193
5.601,0.02188,-0.00172
5.602,0.02388,-0.00142
5.603,0.027,-0.00107
5.604,0.03088,-7.04E-04
5.605,0.03511,-3.42E-04
5.606,0.0393,-1.86E-05
5.607,0.04304,2.42E-04
5.608,0.04601,4.24E-04
5.609,0.04793,5.14E-04
5.61,0.04866,5.11E-04
5.611,0.04819,4.24E-04
5.612,0.04662,2.70E-04
5.613,0.04416,7.63E-05
5.614,0.04116,-1.36E-04
5.615,0.038,-3.35E-04
5.616,0.0351,-4.95E-04
5.617,0.03283,-5.89E-04
5.618,0.03151,-5.94E-04
5.619,0.03143,-4.98E-04
5.62,0.03273,-2.94E-04
5.621,0.03539,2.00E-05
5.622,0.03927,4.37E-04
5.623,0.04405,9.43E-04
5.624,0.04937,0.00151
5.625,0.05474,0.00213
5.626,0.05966,0.00275
5.627,0.06362,0.00336
5.628,0.06612,0.00393
5.629,0.06678,0.00441
5.63,0.06537,0.00479
5.631,0.06183,0.00504
5.632,0.0562,0.00515
5.633,0.04871,0.00512
5.634,0.03978,0.00493
5.635,0.02994,0.00462
5.636,0.01977,0.00419
5.637,0.0099,0.00368
5.638,9.63E-04,0.00312
5.639,-0.00643,0.00256
5.64,-0.01186,0.00204
5.641,-0.01502,0.00161
5.642,-0.01575,0.0013
5.643,-0.0141,0.00114
5.644,-0.01021,0.00115
5.645,-0.00449,0.00134
5.646,0.00255,0.0017
5.647,0.01037,0.0022
5.648,0.01831,0.00281
5.649,0.02582,0.00347
5.65,0.03232,0.00414
5.651,0.03735,0.00475
5.652,0.04059,0.00525
5.653,0.0418,0.00558
5.654,0.04106,0.00572
5.655,0.03847,0.00564
5.656,0.03429,0.00533
5.657,0.02888,0.0048
5.658,0.02264,0.00407
5.659,0.01609,0.0032
5.66,0.00969,0.00224
5.661,0.00381,0.00125
5.662,-0.00123,2.81E-04
5.663,-0.00526,-6.08E-04
5.664,-0.00814,-0.00136
5.665,-0.00992,-0.00194
5.666,-0.01073,-0.00232
5.667,-0.0108,-0.00251
5.668,-0.01043,-0.00251
5.669,-0.00991,-0.00235
5.67,-0.00956,-0.00207
5.671,-0.00962,-0.00172
5.672,-0.01032,-0.00134
5.673,-0.01177,-9.96E-04
5.674,-0.01396,-7.26E-04
5.675,-0.01683,-5.80E-04
5.676,-0.02024,-5.88E-04
5.677,-0.02395,-7.68E-04
5.678,-0.02769,-0.00112
5.679,-0.03112,-0.00164
5.68,-0.03404,-0.0023
5.681,-0.03624,-0.00308
5.682,-0.03754,-0.00393
5.683,-0.03784,-0.00479
5.684,-0.03716,-0.00562
5.685,-0.03566,-0.00637
5.686,-0.03355,-0.00698
5.687,-0.03106,-0.00742
5.688,-0.02838,-0.00764
5.689,-0.02589,-0.00763
5.69,-0.02383,-0.00738
5.691,-0.02243,-0.0069
5.692,-0.02177,-0.00619
5.693,-0.02178,-0.0053
5.694,-0.02245,-0.00426
5.695,-0.02357,-0.00313
5.696,-0.02488,-0.00197
5.697,-0.02599,-8.52E-04
5.698,-0.02645,1.82E-04
5.699,-0.02592,0.00107
5.7,-0.02404,0.00176
5.701,-0.02053,0.00224
5.702,-0.01519,0.00248
5.703,-0.00794,0.0025
5.704,0.00106,0.00231
5.705,0.01162,0.00195
5.706,0.02336,0.00148
5.707,0.03581,9.60E-04
5.708,0.0484,4.47E-04
5.709,0.06043,2.57E-06
5.71,0.07135,-3.13E-04
5.711,0.0806,-4.59E-04
5.712,0.08771,-4.10E-04
5.713,0.09229,-1.63E-04
5.714,0.09404,2.57E-04
5.715,0.09301,8.20E-04
5.716,0.08935,0.00148
5.717,0.08334,0.00216
5.718,0.07541,0.00281
5.719,0.06604,0.00335
5.72,0.05596,0.00372
5.721,0.04581,0.00387
5.722,0.03622,0.00379
5.723,0.02777,0.00346
5.724,0.02091,0.00291
5.725,0.01604,0.00217
5.726,0.01335,0.00131
5.727,0.01288,3.95E-04
5.728,0.01452,-4.91E-04
5.729,0.018,-0.00127
5.73,0.02294,-0.00186
5.731,0.02888,-0.00221
5.732,0.03533,-0.00227
5.733,0.04176,-0.00204
5.734,0.04769,-0.0015
5.735,0.05265,-6.94E-04
5.736,0.05633,3.29E-04
5.737,0.05851,0.0015
5.738,0.05909,0.00275
5.739,0.05812,0.00398
5.74,0.0557,0.00512
5.741,0.05208,0.00608
5.742,0.04756,0.00681
5.743,0.04256,0.00726
5.744,0.03744,0.00741
5.745,0.03259,0.00725
5.746,0.02832,0.00682
5.747,0.02491,0.00615
5.748,0.02264,0.00529
5.749,0.02157,0.00431
5.75,0.02175,0.00329
5.751,0.02314,0.0023
5.752,0.02562,0.00141
5.753,0.02907,6.77E-04
5.754,0.0332,1.50E-04
5.755,0.03779,-1.41E-04
5.756,0.04263,-1.82E-04
5.757,0.04749,1.83E-05
5.758,0.05223,4.38E-04
5.759,0.05662,0.00103
5.76,0.06058,0.00174
5.761,0.06403,0.00251
5.762,0.06699,0.00327
5.763,0.0695,0.00396
5.764,0.07153,0.00451
5.765,0.07314,0.00488
5.766,0.07439,0.00503
5.767,0.07535,0.00494
5.768,0.07616,0.00463
5.769,0.07676,0.00412
5.77,0.07722,0.00345
5.771,0.07758,0.00268
5.772,0.07787,0.00189
5.773,0.07814,0.00114
5.774,0.07848,5.36E-04
5.775,0.07903,1.38E-04
5.776,0.07994,7.14E-06
5.777,0.08126,1.86E-04
5.778,0.08294,6.93E-04
5.779,0.08543,0.00153
5.78,0.08894,0.00267
5.781,0.09364,0.00406
5.782,0.09943,0.00563
5.783,0.10571,0.00727
5.784,0.11297,0.0089
5.785,0.12093,0.01041
5.786,0.12926,0.01171
5.787,0.13717,0.01272
5.788,0.14314,0.01334
5.789,0.14708,0.01354
5.79,0.14798,0.0133
5.791,0.14489,0.01264
5.792,0.13663,0.01155
5.793,0.12154,0.01008
5.794,0.09943,0.00829
5.795,0.06958,0.00626
5.796,0.03161,0.00407
5.797,-0.01462,0.00178
5.798,-0.06905,-5.42E-04
5.799,-0.13059,-0.00283
5.8,-0.19832,-0.00503
5.801,-0.27088,-0.00711
5.802,-0.34642,-0.00905
5.803,-0.42254,-0.01084
5.804,-0.49676,-0.01245
5.805,-0.56704,-0.0139
5.806,-0.63121,-0.01521
5.807,-0.68685,-0.01636
5.808,-0.73128,-0.01735
5.809,-0.76271,-0.01817
5.81,-0.78047,-0.01883
5.811,-0.78406,-0.01935
5.812,-0.77301,-0.01969
5.813,-0.74706,-0.01984
5.814,-0.70707,-0.01977
5.815,-0.65516,-0.0195
5.816,-0.59338,-0.01904
5.817,-0.52372,-0.01838
5.818,-0.44828,-0.01751
5.819,-0.36977,-0.01644
5.82,-0.29122,-0.01521
5.821,-0.2152,-0.01384
5.822,-0.14384,-0.01237
5.823,-0.07891,-0.0108
5.824,-0.02225,-0.00918
5.825,0.02515,-0.00755
5.826,0.06277,-0.00594
5.827,0.0905,-0.00437
5.828,0.10878,-0.00287
5.829,0.11776,-0.00149
5.83,0.11911,-2.29E-04
5.831,0.11429,8.94E-04
5.832,0.10469,0.00187
5.833,0.09191,0.00268
5.834,0.07671,0.00331
5.835,0.06121,0.00379
5.836,0.04679,0.00413
5.837,0.03433,0.00434
5.838,0.02456,0.00444
5.839,0.01725,0.00443
5.84,0.0131,0.00435
5.841,0.01219,0.00424
5.842,0.01418,0.00411
5.843,0.0186,0.00397
5.844,0.02449,0.00383
5.845,0.03146,0.00371
5.846,0.03897,0.00359
5.847,0.04646,0.00348
5.848,0.0534,0.00335
5.849,0.05929,0.00318
5.85,0.06385,0.00295
5.851,0.06696,0.00265
5.852,0.06863,0.00227
5.853,0.06894,0.00179
5.854,0.06811,0.00122
5.855,0.06632,5.67E-04
5.856,0.06385,-1.38E-04
5.857,0.06101,-8.65E-04
5.858,0.05812,-0.00157
5.859,0.05546,-0.00221
5.86,0.05326,-0.00274
5.861,0.05169,-0.00312
5.862,0.05087,-0.00332
5.863,0.05086,-0.00332
5.864,0.05164,-0.00309
5.865,0.05322,-0.00266
5.866,0.05551,-0.00205
5.867,0.0584,-0.00128
5.868,0.06172,-4.17E-04
5.869,0.06527,4.96E-04
5.87,0.06891,0.0014
5.871,0.07247,0.00222
5.872,0.07578,0.00293
5.873,0.07865,0.00345
5.874,0.08092,0.00377
5.875,0.08247,0.00386
5.876,0.08319,0.00371
5.877,0.08303,0.00334
5.878,0.08197,0.00275
5.879,0.08002,0.00199
5.88,0.07726,0.00108
5.881,0.0738,6.86E-05
5.882,0.0698,-0.001
5.883,0.06548,-0.00209
5.884,0.06106,-0.00315
5.885,0.0568,-0.00415
5.886,0.05296,-0.00506
5.887,0.04976,-0.00587
5.888,0.04743,-0.00654
5.889,0.04611,-0.00706
5.89,0.04591,-0.00743
5.891,0.04685,-0.00765
5.892,0.04888,-0.00773
5.893,0.0519,-0.00764
5.894,0.0557,-0.00741
5.895,0.06003,-0.00705
5.896,0.06459,-0.00658
5.897,0.06908,-0.00601
5.898,0.07317,-0.00535
5.899,0.07663,-0.00462
5.9,0.0792,-0.00385
5.901,0.08074,-0.00306
5.902,0.08116,-0.00226
5.903,0.08041,-0.00147
5.904,0.07864,-7.17E-04
5.905,0.07603,-1.45E-06
5.906,0.0728,6.62E-04
5.907,0.06921,0.00127
5.908,0.06547,0.00181
5.909,0.06193,0.0023
5.91,0.05881,0.00271
5.911,0.05628,0.00308
5.912,0.05443,0.00338
5.913,0.05323,0.00363
5.914,0.05262,0.00381
5.915,0.05244,0.00395
5.916,0.05245,0.00403
5.917,0.05239,0.00406
5.918,0.05194,0.00405
5.919,0.05086,0.00398
5.92,0.04891,0.00388
5.921,0.04592,0.00375
5.922,0.04184,0.00361
5.923,0.03669,0.00346
5.924,0.0307,0.00331
5.925,0.02411,0.00319
5.926,0.01723,0.0031
5.927,0.0105,0.00304
5.928,0.00432,0.00301
5.929,-7.58E-04,0.00302
5.93,-0.00441,0.00304
5.931,-0.00636,0.00307
5.932,-0.0064,0.00309
5.933,-0.0045,0.00307
5.934,-6.82E-04,0.00301
5.935,0.00476,0.00288
5.936,0.01143,0.00268
5.937,0.01886,0.0024
5.938,0.02644,0.00204
5.939,0.03365,0.00162
5.94,0.03986,0.00117
5.941,0.04458,6.93E-04
5.942,0.04736,2.30E-04
5.943,0.04789,-2.00E-04
5.944,0.0461,-5.65E-04
5.945,0.04205,-8.53E-04
5.946,0.03596,-0.00105
5.947,0.02818,-0.00117
5.948,0.01914,-0.0012
5.949,0.0095,-0.00117
5.95,-1.32E-04,-0.00111
5.951,-0.00918,-0.00104
5.952,-0.01713,-9.94E-04
5.953,-0.0236,-9.97E-04
5.954,-0.02823,-0.00107
5.955,-0.03092,-0.00122
5.956,-0.03173,-0.00146
5.957,-0.03085,-0.00177
5.958,-0.02864,-0.00213
5.959,-0.0255,-0.0025
5.96,-0.02196,-0.00285
5.961,-0.01856,-0.00314
5.962,-0.01577,-0.00334
5.963,-0.01401,-0.0034
5.964,-0.01353,-0.0033
5.965,-0.01453,-0.00303
5.966,-0.01702,-0.00258
5.967,-0.02087,-0.00198
5.968,-0.02581,-0.00125
5.969,-0.03136,-4.31E-04
5.97,-0.03713,4.38E-04
5.971,-0.04265,0.0013
5.972,-0.04745,0.00212
5.973,-0.05114,0.00281
5.974,-0.05335,0.00335
5.975,-0.05394,0.00371
5.976,-0.05288,0.00386
5.977,-0.0503,0.00378
5.978,-0.04647,0.00348
5.979,-0.04169,0.00296
5.98,-0.03643,0.00224
5.981,-0.03117,0.00136
5.982,-0.0264,3.55E-04
5.983,-0.02262,-7.42E-04
5.984,-0.02013,-0.00189
5.985,-0.01917,-0.00303
5.986,-0.01987,-0.00414
5.987,-0.02223,-0.00516
5.988,-0.02617,-0.00607
5.989,-0.03136,-0.00683
5.99,-0.03747,-0.00741
5.991,-0.04412,-0.00779
5.992,-0.05092,-0.00798
5.993,-0.05751,-0.00795
5.994,-0.06351,-0.00772
5.995,-0.0687,-0.0073
5.996,-0.07295,-0.00672
5.997,-0.07622,-0.006
5.998,-0.07856,-0.00519
5.999,-0.08009,-0.00432
6,-0.08105,-0.00343
6.001,-0.08169,-0.00258
6.002,-0.08226,-0.00179
6.003,-0.08296,-0.00111
6.004,-0.08391,-5.63E-04
6.005,-0.08524,-1.63E-04
6.006,-0.08694,7.94E-05
6.007,-0.08892,1.65E-04
6.008,-0.09104,1.08E-04
6.009,-0.09298,-7.74E-05
6.01,-0.09454,-3.62E-04
6.011,-0.09547,-7.17E-04
6.012,-0.09553,-0.00111
6.013,-0.09458,-0.00152
6.014,-0.09246,-0.00191
6.015,-0.08926,-0.00226
6.016,-0.08512,-0.00255
6.017,-0.08029,-0.00277
6.018,-0.0751,-0.00291
6.019,-0.06994,-0.00298
6.02,-0.06527,-0.00297
6.021,-0.06151,-0.00288
6.022,-0.05904,-0.00272
6.023,-0.05816,-0.00249
6.024,-0.05906,-0.00222
6.025,-0.06176,-0.00189
6.026,-0.06613,-0.00153
6.027,-0.07195,-0.00114
6.028,-0.07882,-7.26E-04
6.029,-0.08627,-3.08E-04
6.03,-0.09371,1.03E-04
6.031,-0.10059,4.93E-04
6.032,-0.1064,8.44E-04
6.033,-0.11065,0.00114
6.034,-0.11301,0.00136
6.035,-0.11329,0.00149
6.036,-0.11146,0.00154
6.037,-0.10767,0.00148
6.038,-0.10222,0.00132
6.039,-0.09555,0.00106
6.04,-0.08823,7.21E-04
6.041,-0.08083,3.05E-04
6.042,-0.07395,-1.66E-04
6.043,-0.06817,-6.80E-04
6.044,-0.06393,-0.00122
6.045,-0.06158,-0.00176
6.046,-0.06128,-0.0023
6.047,-0.06303,-0.00283
6.048,-0.06667,-0.00334
6.049,-0.07187,-0.00382
6.05,-0.07818,-0.00428
6.051,-0.08508,-0.00472
6.052,-0.092,-0.00514
6.053,-0.09838,-0.00552
6.054,-0.10373,-0.00587
6.055,-0.10766,-0.00617
6.056,-0.10992,-0.00641
6.057,-0.1104,-0.00657
6.058,-0.10911,-0.00662
6.059,-0.10629,-0.00655
6.06,-0.10226,-0.00634
6.061,-0.09742,-0.00598
6.062,-0.09223,-0.00546
6.063,-0.08711,-0.0048
6.064,-0.08254,-0.00399
6.065,-0.07887,-0.00308
6.066,-0.07634,-0.0021
6.067,-0.07505,-0.00109
6.068,-0.07495,-9.90E-05
6.069,-0.07591,8.24E-04
6.07,-0.07767,0.00164
6.071,-0.07991,0.0023
6.072,-0.0822,0.00279
6.073,-0.08413,0.00307
6.074,-0.08535,0.00315
6.075,-0.08558,0.00302
6.076,-0.08463,0.00272
6.077,-0.08239,0.00226
6.078,-0.07886,0.00168
6.079,-0.07428,0.001
6.08,-0.0689,2.80E-04
6.081,-0.06304,-4.56E-04
6.082,-0.05708,-0.00118
6.083,-0.05135,-0.00186
6.084,-0.04633,-0.00249
6.085,-0.04224,-0.00306
6.086,-0.03929,-0.00356
6.087,-0.03755,-0.00399
6.088,-0.03693,-0.00436
6.089,-0.03739,-0.00468
6.09,-0.03863,-0.00495
6.091,-0.04031,-0.00519
6.092,-0.04205,-0.00538
6.093,-0.04342,-0.00553
6.094,-0.04415,-0.00562
6.095,-0.04389,-0.00567
6.096,-0.04244,-0.00566
6.097,-0.03968,-0.00558
6.098,-0.03555,-0.00543
6.099,-0.03031,-0.00518
6.1,-0.02412,-0.00486
6.101,-0.01731,-0.00445
6.102,-0.01021,-0.00396
6.103,-0.00317,-0.00339
6.104,0.0033,-0.00276
6.105,0.00892,-0.00208
6.106,0.01346,-0.00137
6.107,0.01675,-6.36E-04
6.108,0.01877,8.86E-05
6.109,0.01948,7.82E-04
6.11,0.01907,0.00142
6.111,0.01782,0.00199
6.112,0.01602,0.00245
6.113,0.01408,0.00279
6.114,0.01226,0.00299
6.115,0.01094,0.00303
6.116,0.01041,0.00291
6.117,0.01087,0.00262
6.118,0.01248,0.00219
6.119,0.01517,0.00161
6.12,0.01893,9.29E-04
6.121,0.0236,1.77E-04
6.122,0.02896,-6.03E-04
6.123,0.03473,-0.00136
6.124,0.04054,-0.00204
6.125,0.04614,-0.00261
6.126,0.05127,-0.00301
6.127,0.0557,-0.00322
6.128,0.05922,-0.0032
6.129,0.06168,-0.00297
6.13,0.06307,-0.00252
6.131,0.06345,-0.00189
6.132,0.06288,-0.00112
6.133,0.06148,-2.43E-04
6.134,0.05938,6.67E-04
6.135,0.05678,0.00155
6.136,0.05385,0.00235
6.137,0.05076,0.00302
6.138,0.04765,0.00351
6.139,0.04461,0.00381
6.14,0.04175,0.0039
6.141,0.03913,0.00379
6.142,0.03679,0.00352
6.143,0.03477,0.00311
6.144,0.03307,0.00262
6.145,0.03174,0.0021
6.146,0.03079,0.0016
6.147,0.03026,0.00117
6.148,0.03017,8.52E-04
6.149,0.03056,6.68E-04
6.15,0.03144,6.35E-04
6.151,0.03282,7.52E-04
6.152,0.0347,0.001
6.153,0.037,0.00136
6.154,0.03968,0.00178
6.155,0.04258,0.00222
6.156,0.04555,0.00264
6.157,0.04842,0.003
6.158,0.05099,0.00325
6.159,0.05307,0.00339
6.16,0.05447,0.00337
6.161,0.05504,0.00321
6.162,0.05467,0.00291
6.163,0.05332,0.00249
6.164,0.05102,0.00197
6.165,0.04788,0.0014
6.166,0.04406,8.18E-04
6.167,0.03978,2.58E-04
6.168,0.0353,-2.43E-04
6.169,0.03094,-6.40E-04
6.17,0.02699,-9.06E-04
6.171,0.02371,-0.00102
6.172,0.02135,-9.84E-04
6.173,0.02004,-8.02E-04
6.174,0.01987,-4.83E-04
6.175,0.02083,-5.65E-05
6.176,0.02281,4.40E-04
6.177,0.02563,9.61E-04
6.178,0.02903,0.00145
6.179,0.03271,0.00185
6.18,0.03633,0.00212
6.181,0.03958,0.00221
6.182,0.04215,0.00209
6.183,0.04383,0.00172
6.184,0.04444,0.0011
6.185,0.04393,2.43E-04
6.186,0.04231,-8.29E-04
6.187,0.0397,-0.00208
6.188,0.03631,-0.00344
6.189,0.03242,-0.00485
6.19,0.02833,-0.00623
6.191,0.02437,-0.00751
6.192,0.02083,-0.00863
6.193,0.01802,-0.00952
6.194,0.01615,-0.01012
6.195,0.01536,-0.01043
6.196,0.01568,-0.01044
6.197,0.01708,-0.01017
6.198,0.01944,-0.00964
6.199,0.02256,-0.0089
6.2,0.02619,-0.00803
6.201,0.03005,-0.0071
6.202,0.03385,-0.00618
6.203,0.03731,-0.00533
6.204,0.04021,-0.0046
6.205,0.04239,-0.00403
6.206,0.04374,-0.00365
6.207,0.04423,-0.00344
6.208,0.04389,-0.0034
6.209,0.04284,-0.00347
6.21,0.04123,-0.00363
6.211,0.03926,-0.00381
6.212,0.03711,-0.00397
6.213,0.03496,-0.00405
6.214,0.03296,-0.00402
6.215,0.03124,-0.00386
6.216,0.02985,-0.00355
6.217,0.0288,-0.00311
6.218,0.02807,-0.00257
6.219,0.02752,-0.00197
6.22,0.02706,-0.00136
6.221,0.02655,-7.83E-04
6.222,0.02587,-2.92E-04
6.223,0.02494,6.81E-05
6.224,0.02367,2.52E-04
6.225,0.02205,2.46E-04
6.226,0.02011,4.54E-05
6.227,0.01798,-3.38E-04
6.228,0.01582,-8.78E-04
6.229,0.01383,-0.00154
6.23,0.01221,-0.00227
6.231,0.01117,-0.00302
6.232,0.01092,-0.00374
6.233,0.01164,-0.00435
6.234,0.01345,-0.00484
6.235,0.01635,-0.00514
6.236,0.0203,-0.00526
6.237,0.02517,-0.00517
6.238,0.03075,-0.00487
6.239,0.03676,-0.00439
6.24,0.0429,-0.00376
6.241,0.04881,-0.00301
6.242,0.05416,-0.00218
6.243,0.05861,-0.00133
6.244,0.06188,-5.13E-04
6.245,0.06379,2.39E-04
6.246,0.06424,8.81E-04
6.247,0.06322,0.00138
6.248,0.06076,0.00172
6.249,0.05703,0.00188
6.25,0.05231,0.00188
6.251,0.04689,0.00171
6.252,0.04109,0.00142
6.253,0.03526,0.00101
6.254,0.02972,5.40E-04
6.255,0.02479,4.32E-05
6.256,0.0207,-4.39E-04
6.257,0.01761,-8.74E-04
6.258,0.01561,-0.00124
6.259,0.01471,-0.00151
6.26,0.01483,-0.00168
6.261,0.01585,-0.00176
6.262,0.01757,-0.00176
6.263,0.01977,-0.0017
6.264,0.02224,-0.00163
6.265,0.02471,-0.00158
6.266,0.02699,-0.0016
6.267,0.0289,-0.0017
6.268,0.03031,-0.00192
6.269,0.03118,-0.00226
6.27,0.03147,-0.00273
6.271,0.03121,-0.00331
6.272,0.03048,-0.00397
6.273,0.02938,-0.00467
6.274,0.02807,-0.00533
6.275,0.02667,-0.00592
6.276,0.02531,-0.00638
6.277,0.02408,-0.00666
6.278,0.02308,-0.00672
6.279,0.02237,-0.00653
6.28,0.02195,-0.0061
6.281,0.0218,-0.00544
6.282,0.02189,-0.00459
6.283,0.02212,-0.0036
6.284,0.02241,-0.00253
6.285,0.02266,-0.00147
6.286,0.02278,-4.72E-04
6.287,0.0227,3.83E-04
6.288,0.02238,0.00105
6.289,0.02177,0.00147
6.29,0.02089,0.00165
6.291,0.01975,0.00157
6.292,0.01845,0.00127
6.293,0.01707,7.75E-04
6.294,0.01575,1.49E-04
6.295,0.0146,-5.42E-04
6.296,0.01374,-0.00123
6.297,0.0133,-0.00185
6.298,0.01336,-0.00234
6.299,0.01403,-0.00266
6.3,0.01533,-0.00277
6.301,0.01725,-0.00266
6.302,0.01976,-0.00234
6.303,0.02275,-0.00184
6.304,0.0261,-0.0012
6.305,0.02964,-4.54E-04
6.306,0.0332,3.30E-04
6.307,0.03657,0.0011
6.308,0.03952,0.00179
6.309,0.04187,0.00235
6.31,0.04345,0.00274
6.311,0.04413,0.00294
6.312,0.04383,0.00294
6.313,0.04251,0.00272
6.314,0.0402,0.00231
6.315,0.03699,0.00174
6.316,0.03305,0.00104
6.317,0.02856,2.43E-04
6.318,0.02379,-5.93E-04
6.319,0.01897,-0.00142
6.32,0.01439,-0.00219
6.321,0.0103,-0.00286
6.322,0.00696,-0.0034
6.323,0.0046,-0.00378
6.324,0.00333,-0.00399
6.325,0.00322,-0.00403
6.326,0.00427,-0.00392
6.327,0.00645,-0.00366
6.328,0.00966,-0.00329
6.329,0.01369,-0.00286
6.33,0.0183,-0.0024
6.331,0.02324,-0.00197
6.332,0.02826,-0.0016
6.333,0.03314,-0.00134
6.334,0.03765,-0.0012
6.335,0.0416,-0.00121
6.336,0.04488,-0.00137
6.337,0.04744,-0.00167
6.338,0.04928,-0.00208
6.339,0.05047,-0.00257
6.34,0.05114,-0.00309
6.341,0.05146,-0.00359
6.342,0.0516,-0.00402
6.343,0.05169,-0.00431
6.344,0.05191,-0.00445
6.345,0.05241,-0.00439
6.346,0.05328,-0.00412
6.347,0.05452,-0.00364
6.348,0.05604,-0.00295
6.349,0.05773,-0.00211
6.35,0.05946,-0.00114
6.351,0.06104,-1.09E-04
6.352,0.06223,9.46E-04
6.353,0.06278,0.00197
6.354,0.06247,0.00291
6.355,0.06117,0.00373
6.356,0.05879,0.0044
6.357,0.05529,0.0049
6.358,0.05072,0.00526
6.359,0.04524,0.00547
6.36,0.03908,0.00557
6.361,0.03254,0.00558
6.362,0.02596,0.00556
6.363,0.0197,0.00554
6.364,0.01417,0.00555
6.365,0.00968,0.00563
6.366,0.00648,0.00579
6.367,0.00479,0.00606
6.368,0.0047,0.00642
6.369,0.00624,0.00685
6.37,0.00924,0.00735
6.371,0.01348,0.00789
6.372,0.01866,0.00844
6.373,0.02441,0.00894
6.374,0.03034,0.00938
6.375,0.036,0.00971
6.376,0.041,0.00992
6.377,0.04502,0.00999
6.378,0.04781,0.00989
6.379,0.04923,0.00963
6.38,0.04921,0.0092
6.381,0.04784,0.00863
6.382,0.04529,0.00791
6.383,0.0418,0.00708
6.384,0.03773,0.00616
6.385,0.03343,0.00519
6.386,0.02926,0.0042
6.387,0.02558,0.00323
6.388,0.02267,0.0023
6.389,0.02076,0.00147
6.39,0.01996,7.45E-04
6.391,0.02032,1.61E-04
6.392,0.02176,-2.70E-04
6.393,0.02414,-5.42E-04
6.394,0.0272,-6.53E-04
6.395,0.03068,-6.23E-04
6.396,0.03429,-4.77E-04
6.397,0.03774,-2.42E-04
6.398,0.04075,5.02E-05
6.399,0.04313,3.64E-04
6.4,0.04474,6.54E-04
6.401,0.04554,8.85E-04
6.402,0.04554,0.00103
6.403,0.04482,0.00109
6.404,0.04357,0.00105
6.405,0.04201,9.26E-04
6.406,0.04035,7.28E-04
6.407,0.03879,4.92E-04
6.408,0.03749,2.63E-04
6.409,0.03662,8.55E-05
6.41,0.03625,-9.83E-08
6.411,0.03636,4.29E-05
6.412,0.03688,2.44E-04
6.413,0.03763,6.20E-04
6.414,0.03842,0.00117
6.415,0.039,0.00189
6.416,0.03916,0.00274
6.417,0.03864,0.00368
6.418,0.03725,0.00466
6.419,0.03488,0.00562
6.42,0.03147,0.00649
6.421,0.02708,0.00724
6.422,0.02183,0.0078
6.423,0.01597,0.00814
6.424,0.00981,0.00823
6.425,0.00368,0.00809
6.426,-0.00204,0.00771
6.427,-0.007,0.00712
6.428,-0.01084,0.00637
6.429,-0.01325,0.0055
6.43,-0.01406,0.00456
6.431,-0.01321,0.00361
6.432,-0.01073,0.0027
6.433,-0.00675,0.00188
6.434,-0.00148,0.00118
6.435,0.00472,6.48E-04
6.436,0.01145,2.88E-04
6.437,0.01828,1.11E-04
6.438,0.02471,1.13E-04
6.439,0.0304,2.82E-04
6.44,0.03496,5.98E-04
6.441,0.03814,0.00103
6.442,0.03972,0.00156
6.443,0.03955,0.00213
6.444,0.03774,0.00273
6.445,0.03443,0.00331
6.446,0.02984,0.00383
6.447,0.02421,0.00427
6.448,0.01781,0.0046
6.449,0.01103,0.0048
6.45,0.00418,0.00486
6.451,-0.00245,0.00477
6.452,-0.00867,0.00452
6.453,-0.01434,0.00413
6.454,-0.01939,0.00361
6.455,-0.02381,0.00301
6.456,-0.02768,0.00233
6.457,-0.03112,0.00162
6.458,-0.03424,9.13E-04
6.459,-0.03719,2.53E-04
6.46,-0.04014,-3.27E-04
6.461,-0.0432,-7.98E-04
6.462,-0.04639,-0.00114
6.463,-0.04961,-0.00134
6.464,-0.05279,-0.00139
6.465,-0.05584,-0.0013
6.466,-0.05856,-0.00109
6.467,-0.0607,-7.81E-04
6.468,-0.06192,-3.99E-04
6.469,-0.06198,2.10E-05
6.47,-0.06077,4.43E-04
6.471,-0.05816,8.36E-04
6.472,-0.05405,0.00118
6.473,-0.04837,0.00144
6.474,-0.04129,0.00162
6.475,-0.03306,0.00171
6.476,-0.02397,0.0017
6.477,-0.01432,0.0016
6.478,-0.00441,0.00145
6.479,0.00528,0.00124
6.48,0.01441,9.98E-04
6.481,0.02269,7.50E-04
6.482,0.02989,5.16E-04
6.483,0.03592,3.25E-04
6.484,0.04061,1.88E-04
6.485,0.04411,1.27E-04
6.486,0.04657,1.55E-04
6.487,0.04821,2.84E-04
6.488,0.04929,5.25E-04
6.489,0.05003,8.79E-04
6.49,0.05081,0.00135
6.491,0.05192,0.00193
6.492,0.05353,0.00261
6.493,0.05574,0.00338
6.494,0.05847,0.00421
6.495,0.06174,0.00507
6.496,0.0654,0.00594
6.497,0.06917,0.00677
6.498,0.07274,0.00752
6.499,0.07565,0.00815
6.5,0.07765,0.00862
6.501,0.07845,0.00892
6.502,0.07781,0.00901
6.503,0.0756,0.00887
6.504,0.07171,0.00851
6.505,0.06629,0.00794
6.506,0.05956,0.00719
6.507,0.05187,0.00629
6.508,0.04366,0.00528
6.509,0.03542,0.00421
6.51,0.02768,0.00313
6.511,0.02094,0.0021
6.512,0.01569,0.00114
6.513,0.01236,3.06E-04
6.514,0.01123,-3.88E-04
6.515,0.0124,-9.27E-04
6.516,0.01587,-0.00131
6.517,0.02149,-0.00154
6.518,0.02899,-0.00165
6.519,0.03793,-0.00163
6.52,0.04778,-0.00153
6.521,0.05797,-0.00136
6.522,0.06793,-0.00116
6.523,0.07711,-9.30E-04
6.524,0.08499,-6.82E-04
6.525,0.0912,-4.28E-04
6.526,0.09546,-1.73E-04
6.527,0.09765,8.55E-05
6.528,0.09778,3.49E-04
6.529,0.09599,6.29E-04
6.53,0.0926,9.17E-04
6.531,0.08798,0.00121
6.532,0.08257,0.0015
6.533,0.07683,0.00178
6.534,0.0712,0.00203
6.535,0.06617,0.00224
6.536,0.06207,0.00239
6.537,0.05916,0.00246
6.538,0.05758,0.00245
6.539,0.05729,0.00234
6.54,0.05825,0.00215
6.541,0.06027,0.00188
6.542,0.06309,0.00155
6.543,0.06641,0.00117
6.544,0.0698,7.65E-04
6.545,0.07292,3.64E-04
6.546,0.07547,-9.85E-06
6.547,0.07722,-3.35E-04
6.548,0.07808,-5.91E-04
6.549,0.07789,-7.70E-04
6.55,0.07665,-8.69E-04
6.551,0.07448,-8.89E-04
6.552,0.07159,-8.35E-04
6.553,0.06836,-7.12E-04
6.554,0.0651,-5.35E-04
6.555,0.06219,-3.19E-04
6.556,0.05998,-7.56E-05
6.557,0.05881,1.86E-04
6.558,0.05895,4.61E-04
6.559,0.06083,7.50E-04
6.56,0.06472,0.00105
6.561,0.07072,0.00137
6.562,0.07872,0.00171
6.563,0.08824,0.00207
6.564,0.09953,0.00245
6.565,0.11229,0.00287
6.566,0.12614,0.00332
6.567,0.14031,0.00379
6.568,0.15336,0.00425
6.569,0.16525,0.0047
6.57,0.17507,0.00512
6.571,0.18199,0.00549
6.572,0.18486,0.00577
6.573,0.18189,0.00591
6.574,0.17288,0.00591
6.575,0.15696,0.00573
6.576,0.1335,0.00535
6.577,0.10187,0.00475
6.578,0.0614,0.00388
6.579,0.01262,0.00275
6.58,-0.04414,0.00135
6.581,-0.1082,-3.05E-04
6.582,-0.17843,-0.00221
6.583,-0.25325,-0.00433
6.584,-0.33059,-0.00663
6.585,-0.40859,-0.00905
6.586,-0.48513,-0.01154
6.587,-0.5577,-0.01403
6.588,-0.62333,-0.0164
6.589,-0.67959,-0.01858
6.59,-0.72488,-0.02049
6.591,-0.7577,-0.02207
6.592,-0.7765,-0.02321
6.593,-0.77983,-0.02385
6.594,-0.76735,-0.02394
6.595,-0.74016,-0.02349
6.596,-0.69943,-0.02249
6.597,-0.64641,-0.02097
6.598,-0.58261,-0.01897
6.599,-0.51043,-0.01655
6.6,-0.43315,-0.01382
6.601,-0.35368,-0.0109
6.602,-0.2746,-0.00788
6.603,-0.19829,-0.00487
6.604,-0.12731,-0.00198
6.605,-0.06375,6.76E-04
6.606,-0.00908,0.00303
6.607,0.0358,0.00502
6.608,0.07065,0.0066
6.609,0.09514,0.00773
6.61,0.11035,0.00844
6.611,0.11746,0.00873
6.612,0.11779,0.00865
6.613,0.11298,0.00823
6.614,0.10405,0.00753
6.615,0.09334,0.00664
6.616,0.08252,0.00561
6.617,0.07275,0.00452
6.618,0.06499,0.00343
6.619,0.05913,0.00239
6.62,0.0561,0.00145
6.621,0.05599,6.87E-04
6.622,0.05836,1.14E-04
6.623,0.06261,-2.48E-04
6.624,0.06744,-3.98E-04
6.625,0.07244,-3.30E-04
6.626,0.07695,-5.27E-05
6.627,0.08027,4.07E-04
6.628,0.08183,0.00101
6.629,0.08113,0.00169
6.63,0.07819,0.00242
6.631,0.07321,0.00312
6.632,0.06656,0.00374
6.633,0.05876,0.00423
6.634,0.05051,0.00454
6.635,0.04246,0.00462
6.636,0.03529,0.00446
6.637,0.02961,0.00405
6.638,0.02591,0.00341
6.639,0.02456,0.00257
6.64,0.02558,0.00159
6.641,0.02886,5.13E-04
6.642,0.03408,-5.75E-04
6.643,0.04078,-0.00159
6.644,0.04838,-0.00247
6.645,0.05622,-0.00313
6.646,0.06363,-0.00352
6.647,0.07,-0.0036
6.648,0.07482,-0.00335
6.649,0.07771,-0.00277
6.65,0.07851,-0.00189
6.651,0.07721,-7.51E-04
6.652,0.07399,5.87E-04
6.653,0.06914,0.00204
6.654,0.06315,0.00354
6.655,0.05657,0.00499
6.656,0.04994,0.00631
6.657,0.04381,0.00743
6.658,0.03862,0.00829
6.659,0.03479,0.00884
6.66,0.03252,0.00908
6.661,0.03189,0.00898
6.662,0.03282,0.00857
6.663,0.0351,0.00788
6.664,0.03839,0.00695
6.665,0.04227,0.00586
6.666,0.0463,0.00465
6.667,0.05004,0.0034
6.668,0.05307,0.00219
6.669,0.05506,0.00108
6.67,0.0558,1.28E-04
6.671,0.05521,-6.11E-04
6.672,0.05331,-0.0011
6.673,0.05025,-0.00132
6.674,0.04633,-0.00126
6.675,0.04188,-9.22E-04
6.676,0.03727,-3.30E-04
6.677,0.03289,4.80E-04
6.678,0.02909,0.00145
6.679,0.02624,0.00254
6.68,0.0245,0.00367
6.681,0.024,0.00478
6.682,0.02473,0.00581
6.683,0.02659,0.00667
6.684,0.02937,0.00732
6.685,0.0328,0.00773
6.686,0.03653,0.00785
6.687,0.04021,0.00769
6.688,0.0435,0.00723
6.689,0.0461,0.00649
6.69,0.04777,0.00553
6.691,0.04836,0.00437
6.692,0.04783,0.00307
6.693,0.0462,0.0017
6.694,0.04363,3.09E-04
6.695,0.04034,-0.00105
6.696,0.03657,-0.00232
6.697,0.03265,-0.00346
6.698,0.02886,-0.00443
6.699,0.02552,-0.00521
6.7,0.02289,-0.00579
6.701,0.02112,-0.00617
6.702,0.02033,-0.00635
6.703,0.02051,-0.00633
6.704,0.02163,-0.00611
6.705,0.02355,-0.00572
6.706,0.02605,-0.00516
6.707,0.02889,-0.00445
6.708,0.03178,-0.00359
6.709,0.03444,-0.00259
6.71,0.03664,-0.00147
6.711,0.03815,-2.45E-04
6.712,0.03881,0.00105
6.713,0.03849,0.00239
6.714,0.0372,0.00373
6.715,0.03499,0.00503
6.716,0.03194,0.00625
6.717,0.02822,0.00732
6.718,0.024,0.00819
6.719,0.01956,0.00882
6.72,0.01513,0.00917
6.721,0.01091,0.00921
6.722,0.00708,0.00893
6.723,0.0038,0.00832
6.724,0.00122,0.0074
6.725,-6.06E-04,0.0062
6.726,-0.00167,0.00479
6.727,-0.00203,0.00321
6.728,-0.00181,0.00155
6.729,-0.00107,-1.45E-04
6.73,2.47E-05,-0.00178
6.731,0.0013,-0.00329
6.732,0.00258,-0.00462
6.733,0.00365,-0.00571
6.734,0.00443,-0.00653
6.735,0.00476,-0.00704
6.736,0.00455,-0.00726
6.737,0.00371,-0.00718
6.738,0.00217,-0.00682
6.739,1.77E-05,-0.0062
6.74,-0.00274,-0.00538
6.741,-0.00604,-0.00441
6.742,-0.00981,-0.00334
6.743,-0.01397,-0.00222
6.744,-0.0183,-0.0011
6.745,-0.0227,-4.06E-05
6.746,-0.02703,9.10E-04
6.747,-0.03119,0.00171
6.748,-0.03509,0.00234
6.749,-0.03855,0.00276
6.75,-0.04154,0.00298
6.751,-0.04401,0.00298
6.752,-0.04597,0.00278
6.753,-0.04747,0.00241
6.754,-0.04847,0.0019
6.755,-0.04911,0.00128
6.756,-0.04949,6.13E-04
6.757,-0.04973,-6.36E-05
6.758,-0.04997,-7.05E-04
6.759,-0.05028,-0.00127
6.76,-0.05081,-0.00173
6.761,-0.05168,-0.00206
6.762,-0.05294,-0.00224
6.763,-0.05465,-0.00229
6.764,-0.05675,-0.00222
6.765,-0.05923,-0.00206
6.766,-0.06203,-0.00185
6.767,-0.06505,-0.00162
6.768,-0.06817,-0.0014
6.769,-0.07117,-0.00125
6.77,-0.07392,-0.0012
6.771,-0.0763,-0.00125
6.772,-0.07819,-0.00141
6.773,-0.07951,-0.00168
6.774,-0.08013,-0.00203
6.775,-0.08007,-0.00243
6.776,-0.07938,-0.00285
6.777,-0.07814,-0.00324
6.778,-0.07651,-0.00356
6.779,-0.07461,-0.00375
6.78,-0.07266,-0.0038
6.781,-0.07086,-0.00368
6.782,-0.06943,-0.00339
6.783,-0.06857,-0.00294
6.784,-0.06842,-0.00234
6.785,-0.0691,-0.00163
6.786,-0.07069,-8.42E-04
6.787,-0.0732,-3.69E-05
6.788,-0.07658,7.36E-04
6.789,-0.08068,0.00143
6.79,-0.08534,0.00201
6.791,-0.09036,0.00243
6.792,-0.09549,0.00267
6.793,-0.10049,0.00272
6.794,-0.10505,0.00257
6.795,-0.10895,0.00224
6.796,-0.112,0.00175
6.797,-0.11405,0.00111
6.798,-0.11503,3.61E-04
6.799,-0.11487,-4.62E-04
6.8,-0.11368,-0.00132
6.801,-0.11157,-0.00218
6.802,-0.10873,-0.00301
6.803,-0.10542,-0.00378
6.804,-0.10188,-0.00447
6.805,-0.09844,-0.00505
6.806,-0.09539,-0.00551
6.807,-0.09298,-0.00585
6.808,-0.09144,-0.00606
6.809,-0.0909,-0.00615
6.81,-0.09148,-0.00613
6.811,-0.09319,-0.00602
6.812,-0.09595,-0.00584
6.813,-0.09959,-0.00561
6.814,-0.10387,-0.00536
6.815,-0.10852,-0.00511
6.816,-0.11324,-0.00489
6.817,-0.11769,-0.00472
6.818,-0.12152,-0.00462
6.819,-0.12444,-0.00459
6.82,-0.12622,-0.00464
6.821,-0.12671,-0.00477
6.822,-0.12579,-0.00495
6.823,-0.12345,-0.00518
6.824,-0.11981,-0.00542
6.825,-0.11506,-0.00566
6.826,-0.10944,-0.00586
6.827,-0.10326,-0.006
6.828,-0.09682,-0.00607
6.829,-0.09053,-0.00605
6.83,-0.08472,-0.00595
6.831,-0.07969,-0.00576
6.832,-0.07566,-0.0055
6.833,-0.07279,-0.00518
6.834,-0.0712,-0.00483
6.835,-0.07087,-0.00448
6.836,-0.07169,-0.00415
6.837,-0.07349,-0.00385
6.838,-0.076,-0.0036
6.839,-0.07899,-0.00342
6.84,-0.08211,-0.0033
6.841,-0.08505,-0.00324
6.842,-0.08753,-0.00322
6.843,-0.08926,-0.00323
6.844,-0.09012,-0.00325
6.845,-0.08996,-0.00326
6.846,-0.08873,-0.00325
6.847,-0.08647,-0.0032
6.848,-0.08327,-0.0031
6.849,-0.07936,-0.00295
6.85,-0.07493,-0.00277
6.851,-0.07022,-0.00255
6.852,-0.06548,-0.0023
6.853,-0.06092,-0.00204
6.854,-0.05683,-0.00179
6.855,-0.05335,-0.00156
6.856,-0.05058,-0.00134
6.857,-0.04858,-0.00116
6.858,-0.04732,-0.001
6.859,-0.04679,-8.75E-04
6.86,-0.04686,-7.73E-04
6.861,-0.04739,-6.89E-04
6.862,-0.04819,-6.17E-04
6.863,-0.04907,-5.54E-04
6.864,-0.04992,-4.99E-04
6.865,-0.05058,-4.53E-04
6.866,-0.05091,-4.16E-04
6.867,-0.05085,-3.94E-04
6.868,-0.05031,-3.95E-04
6.869,-0.04938,-4.26E-04
6.87,-0.04806,-4.90E-04
6.871,-0.04641,-5.89E-04
6.872,-0.0445,-7.23E-04
6.873,-0.04237,-8.87E-04
6.874,-0.04019,-0.00107
6.875,-0.038,-0.00127
6.876,-0.03583,-0.00147
6.877,-0.0337,-0.00165
6.878,-0.03157,-0.0018
6.879,-0.02948,-0.00191
6.88,-0.02738,-0.00198
6.881,-0.02519,-0.002
6.882,-0.02285,-0.00198
6.883,-0.0203,-0.00191
6.884,-0.01756,-0.00182
6.885,-0.01461,-0.0017
6.886,-0.01149,-0.00158
6.887,-0.00822,-0.00147
6.888,-0.00485,-0.00136
6.889,-0.00158,-0.00128
6.89,0.00152,-0.00121
6.891,0.00434,-0.00117
6.892,0.00679,-0.00113
6.893,0.00882,-0.0011
6.894,0.01029,-0.00107
6.895,0.01125,-0.00104
6.896,0.01174,-9.90E-04
6.897,0.01185,-9.30E-04
6.898,0.01174,-8.51E-04
6.899,0.01148,-7.65E-04
6.9,0.0113,-6.79E-04
6.901,0.01139,-6.01E-04
6.902,0.01192,-5.36E-04
6.903,0.01307,-4.81E-04
6.904,0.01485,-4.47E-04
6.905,0.01737,-4.29E-04
6.906,0.02061,-4.20E-04
6.907,0.02452,-4.05E-04
6.908,0.02897,-3.62E-04
6.909,0.03373,-2.75E-04
6.91,0.0386,-1.24E-04
6.911,0.04337,1.14E-04
6.912,0.0478,4.53E-04
6.913,0.05166,9.04E-04
6.914,0.05472,0.00147
6.915,0.05688,0.00214
6.916,0.05808,0.00291
6.917,0.0583,0.00375
6.918,0.05761,0.00463
6.919,0.05609,0.0055
6.92,0.05394,0.00634
6.921,0.0514,0.00711
6.922,0.04869,0.00777
6.923,0.04605,0.00828
6.924,0.04364,0.00861
6.925,0.04168,0.00875
6.926,0.04029,0.0087
6.927,0.03954,0.00844
6.928,0.03947,0.00798
6.929,0.03999,0.00734
6.93,0.04101,0.00655
6.931,0.04239,0.00564
6.932,0.044,0.00465
6.933,0.04566,0.0036
6.934,0.04722,0.00254
6.935,0.04854,0.00153
6.936,0.04954,5.93E-04
6.937,0.05019,-2.27E-04
6.938,0.05049,-9.04E-04
6.939,0.0505,-0.0014
6.94,0.05032,-0.00171
6.941,0.05009,-0.00181
6.942,0.04993,-0.00172
6.943,0.04998,-0.00145
6.944,0.05036,-0.00101
6.945,0.05116,-4.68E-04
6.946,0.05242,1.45E-04
6.947,0.05411,7.72E-04
6.948,0.05613,0.00135
6.949,0.05835,0.00183
6.95,0.0606,0.00216
6.951,0.06265,0.00229
6.952,0.06429,0.00219
6.953,0.06529,0.00185
6.954,0.06544,0.00128
6.955,0.06459,4.85E-04
6.956,0.06268,-4.82E-04
6.957,0.0597,-0.00157
6.958,0.05574,-0.00273
6.959,0.05095,-0.00386
6.96,0.04558,-0.00491
6.961,0.03994,-0.00581
6.962,0.03436,-0.0065
6.963,0.02922,-0.00695
6.964,0.02488,-0.00713
6.965,0.02166,-0.00703
6.966,0.01981,-0.00668
6.967,0.01949,-0.00611
6.968,0.02077,-0.00537
6.969,0.02365,-0.00451
6.97,0.02795,-0.00362
6.971,0.03342,-0.00274
6.972,0.03972,-0.00195
6.973,0.04643,-0.00131
6.974,0.05313,-8.40E-04
6.975,0.05934,-5.81E-04
6.976,0.06464,-5.41E-04
6.977,0.06867,-7.17E-04
6.978,0.07112,-0.00109
6.979,0.07181,-0.00163
6.98,0.07067,-0.00231
6.981,0.06774,-0.00307
6.982,0.0632,-0.00389
6.983,0.05732,-0.0047
6.984,0.05046,-0.00548
6.985,0.04307,-0.0062
6.986,0.03559,-0.00681
6.987,0.02848,-0.00732
6.988,0.02216,-0.00768
6.989,0.01702,-0.00791
6.99,0.01335,-0.00799
6.991,0.01132,-0.00793
6.992,0.01099,-0.00773
6.993,0.01233,-0.0074
6.994,0.0152,-0.00696
6.995,0.01934,-0.00642
6.996,0.02444,-0.0058
6.997,0.03012,-0.00511
6.998,0.03596,-0.00438
6.999,0.04159,-0.00362
7,0.04662,-0.00286
7.001,0.05073,-0.00212
7.002,0.05367,-0.0014
7.003,0.05526,-7.32E-04
7.004,0.05543,-1.16E-04
7.005,0.05418,4.40E-04
7.006,0.0516,9.36E-04
7.007,0.04786,0.00137
7.008,0.04318,0.00176
7.009,0.03784,0.00209
7.01,0.03214,0.00238
7.011,0.02636,0.00263
7.012,0.0208,0.00286
7.013,0.01574,0.00306
7.014,0.01138,0.00323
7.015,0.0079,0.00337
7.016,0.00541,0.00348
7.017,0.00397,0.00356
7.018,0.00363,0.00361
7.019,0.00433,0.0036
7.02,0.00598,0.00356
7.021,0.00846,0.00348
7.022,0.01165,0.00337
7.023,0.01541,0.00325
7.024,0.01958,0.00311
7.025,0.02398,0.00298
7.026,0.02846,0.00287
7.027,0.03289,0.00279
7.028,0.03713,0.00275
7.029,0.04108,0.00276
7.03,0.04464,0.00281
7.031,0.04772,0.00291
7.032,0.05027,0.00304
7.033,0.0522,0.00318
7.034,0.0535,0.00333
7.035,0.05416,0.00347
7.036,0.05417,0.00359
7.037,0.05355,0.00367
7.038,0.05229,0.00371
7.039,0.05044,0.0037
7.04,0.04807,0.00366
7.041,0.04528,0.00358
7.042,0.04215,0.00348
7.043,0.03878,0.00337
7.044,0.03526,0.00326
7.045,0.03173,0.00317
7.046,0.02833,0.00309
7.047,0.02517,0.00304
7.048,0.02238,0.00299
7.049,0.02003,0.00296
7.05,0.01821,0.00292
7.051,0.01697,0.00287
7.052,0.01634,0.00278
7.053,0.01636,0.00263
7.054,0.017,0.00243
7.055,0.01819,0.00215
7.056,0.01986,0.00179
7.057,0.02194,0.00136
7.058,0.02434,8.60E-04
7.059,0.02698,3.03E-04
7.06,0.02971,-2.99E-04
7.061,0.03246,-9.30E-04
7.062,0.03512,-0.00157
7.063,0.03764,-0.00221
7.064,0.03995,-0.00283
7.065,0.04199,-0.00342
7.066,0.04374,-0.00397
7.067,0.04517,-0.00448
7.068,0.04629,-0.00492
7.069,0.04708,-0.0053
7.07,0.04757,-0.0056
7.071,0.04778,-0.00582
7.072,0.04772,-0.00595
7.073,0.04744,-0.00596
7.074,0.04694,-0.00585
7.075,0.04627,-0.00561
7.076,0.04547,-0.00523
7.077,0.0446,-0.00471
7.078,0.04369,-0.00405
7.079,0.04279,-0.00326
7.08,0.04199,-0.00237
7.081,0.04135,-0.00141
7.082,0.04092,-4.07E-04
7.083,0.04075,5.95E-04
7.084,0.04088,0.00155
7.085,0.04137,0.00243
7.086,0.04222,0.00318
7.087,0.04341,0.00379
7.088,0.04488,0.00422
7.089,0.04657,0.00448
7.09,0.04838,0.00458
7.091,0.05019,0.00452
7.092,0.05187,0.00434
7.093,0.05322,0.00407
7.094,0.05412,0.00374
7.095,0.05443,0.00339
7.096,0.05403,0.00306
7.097,0.05284,0.00278
7.098,0.0508,0.00257
7.099,0.04794,0.00242
7.1,0.04433,0.00235
7.101,0.04006,0.00235
7.102,0.03531,0.00239
7.103,0.03028,0.00245
7.104,0.02523,0.00251
7.105,0.0204,0.00254
7.106,0.01603,0.00253
7.107,0.01236,0.00245
7.108,0.00959,0.00231
7.109,0.0079,0.00211
7.11,0.00736,0.00186
7.111,0.00797,0.00157
7.112,0.00971,0.00128
7.113,0.01245,9.95E-04
7.114,0.01604,7.60E-04
7.115,0.02019,5.92E-04
7.116,0.02465,5.09E-04
7.117,0.02914,5.24E-04
7.118,0.03337,6.43E-04
7.119,0.03708,8.65E-04
7.12,0.04001,0.00118
7.121,0.04201,0.00156
7.122,0.04296,0.00199
7.123,0.04286,0.00245
7.124,0.04175,0.0029
7.125,0.03976,0.00331
7.126,0.03707,0.00365
7.127,0.03392,0.00391
7.128,0.03061,0.00408
7.129,0.02742,0.00412
7.13,0.02466,0.00406
7.131,0.02259,0.00388
7.132,0.0214,0.00361
7.133,0.02127,0.00327
7.134,0.02225,0.00288
7.135,0.02435,0.00249
7.136,0.0275,0.00213
7.137,0.03153,0.00183
7.138,0.03621,0.00163
7.139,0.04124,0.00156
7.14,0.04634,0.00165
7.141,0.05119,0.00191
7.142,0.05551,0.00234
7.143,0.05898,0.00293
7.144,0.06138,0.00364
7.145,0.06259,0.00445
7.146,0.06252,0.00529
7.147,0.06116,0.00613
7.148,0.05858,0.00687
7.149,0.05494,0.00747
7.15,0.05044,0.00786
7.151,0.04533,0.00801
7.152,0.03989,0.00787
7.153,0.0344,0.00744
7.154,0.02912,0.00671
7.155,0.0243,0.00571
7.156,0.02012,0.0045
7.157,0.01673,0.00313
7.158,0.01424,0.00169
7.159,0.01265,2.49E-04
7.16,0.01193,-0.0011
7.161,0.012,-0.00228
7.162,0.01275,-0.00321
7.163,0.01409,-0.00384
7.164,0.01586,-0.00413
7.165,0.01792,-0.00406
7.166,0.02016,-0.00365
7.167,0.02248,-0.00292
7.168,0.0248,-0.00189
7.169,0.02716,-6.38E-04
7.17,0.0295,7.79E-04
7.171,0.03185,0.00229
7.172,0.03423,0.00382
7.173,0.0366,0.00533
7.174,0.03905,0.00674
7.175,0.04154,0.00801
7.176,0.04405,0.00912
7.177,0.04648,0.01005
7.178,0.04868,0.01077
7.179,0.05054,0.01129
7.18,0.05191,0.01162
7.181,0.05261,0.01179
7.182,0.05247,0.01179
7.183,0.0513,0.01164
7.184,0.049,0.01136
7.185,0.04552,0.01098
7.186,0.04087,0.01051
7.187,0.03511,0.00996
7.188,0.02838,0.00935
7.189,0.02093,0.00868
7.19,0.01305,0.00798
7.191,0.00508,0.00727
7.192,-0.00262,0.00655
7.193,-0.00966,0.00584
7.194,-0.01565,0.00514
7.195,-0.02027,0.00448
7.196,-0.02329,0.00386
7.197,-0.02456,0.00328
7.198,-0.02401,0.00276
7.199,-0.02165,0.00229
7.2,-0.01769,0.00187
7.201,-0.01243,0.0015
7.202,-0.00621,0.00117
7.203,4.91E-04,8.75E-04
7.204,0.00727,6.23E-04
7.205,0.0136,4.00E-04
7.206,0.01901,1.99E-04
7.207,0.02311,1.72E-05
7.208,0.02556,-1.48E-04
7.209,0.02622,-2.89E-04
7.21,0.02501,-4.16E-04
7.211,0.02197,-5.38E-04
7.212,0.01728,-6.56E-04
7.213,0.0112,-7.76E-04
7.214,0.00419,-8.95E-04
7.215,-0.00327,-0.00102
7.216,-0.01072,-0.00117
7.217,-0.01771,-0.00134
7.218,-0.02385,-0.00152
7.219,-0.02875,-0.00171
7.22,-0.03216,-0.0019
7.221,-0.03398,-0.00209
7.222,-0.03425,-0.00224
7.223,-0.03315,-0.00236
7.224,-0.03094,-0.00241
7.225,-0.02803,-0.00238
7.226,-0.02484,-0.00226
7.227,-0.02185,-0.00206
7.228,-0.01948,-0.00176
7.229,-0.01815,-0.00139
7.23,-0.01822,-9.81E-04
7.231,-0.01988,-5.51E-04
7.232,-0.02318,-1.41E-04
7.233,-0.02797,2.11E-04
7.234,-0.03402,4.62E-04
7.235,-0.041,5.77E-04
7.236,-0.04847,5.31E-04
7.237,-0.05585,3.11E-04
7.238,-0.06248,-7.64E-05
7.239,-0.06781,-6.20E-04
7.24,-0.07136,-0.00129
7.241,-0.07273,-0.00203
7.242,-0.07162,-0.0028
7.243,-0.06779,-0.00352
7.244,-0.06133,-0.00413
7.245,-0.05244,-0.00458
7.246,-0.04148,-0.00482
7.247,-0.0289,-0.0048
7.248,-0.01525,-0.00452
7.249,-0.00123,-0.00397
7.25,0.0125,-0.00318
7.251,0.02531,-0.00218
7.252,0.03667,-0.00103
7.253,0.0461,2.12E-04
7.254,0.0532,0.00147
7.255,0.05784,0.00267
7.256,0.06001,0.00375
7.257,0.05983,0.00464
7.258,0.05759,0.00532
7.259,0.05359,0.00573
7.26,0.04839,0.00588
7.261,0.04252,0.00576
7.262,0.03649,0.00541
7.263,0.03082,0.00485
7.264,0.02587,0.00414
7.265,0.02207,0.00332
7.266,0.01969,0.00246
7.267,0.01884,0.00161
7.268,0.01952,8.21E-04
7.269,0.02154,1.38E-04
7.27,0.02474,-4.00E-04
7.271,0.02884,-7.72E-04
7.272,0.0335,-9.63E-04
7.273,0.03833,-9.69E-04
7.274,0.0429,-8.07E-04
7.275,0.0469,-4.94E-04
7.276,0.05006,-5.85E-05
7.277,0.05216,4.69E-04
7.278,0.05307,0.00105
7.279,0.05274,0.00166
7.28,0.05121,0.00224
7.281,0.04861,0.00279
7.282,0.04513,0.00326
7.283,0.04104,0.00365
7.284,0.0366,0.00395
7.285,0.03212,0.00416
7.286,0.02784,0.00429
7.287,0.02404,0.00435
7.288,0.02096,0.00435
7.289,0.01875,0.00432
7.29,0.01753,0.00428
7.291,0.01734,0.00423
7.292,0.01819,0.00419
7.293,0.02002,0.00416
7.294,0.02272,0.00412
7.295,0.02614,0.00406
7.296,0.03011,0.00397
7.297,0.03445,0.0038
7.298,0.03897,0.00356
7.299,0.04348,0.00319
7.3,0.04778,0.00269
7.301,0.05173,0.00206
7.302,0.05519,0.0013
7.303,0.05807,4.38E-04
7.304,0.06027,-4.85E-04
7.305,0.06174,-0.00142
7.306,0.06249,-0.0023
7.307,0.06254,-0.00307
7.308,0.06197,-0.00364
7.309,0.06079,-0.00395
7.31,0.05911,-0.00395
7.311,0.05705,-0.00361
7.312,0.05474,-0.00292
7.313,0.05243,-0.00188
7.314,0.0501,-5.32E-04
7.315,0.04793,0.00106
7.316,0.04605,0.0028
7.317,0.04458,0.00461
7.318,0.04375,0.00637
7.319,0.04355,0.00798
7.32,0.04409,0.00933
7.321,0.04543,0.01036
7.322,0.04761,0.01099
7.323,0.05069,0.01119
7.324,0.05478,0.01096
7.325,0.05995,0.01033
7.326,0.06626,0.00936
7.327,0.07359,0.00811
7.328,0.08163,0.00668
7.329,0.09075,0.00517
7.33,0.10088,0.0037
7.331,0.11193,0.00236
7.332,0.12346,0.00123
7.333,0.13446,3.58E-04
7.334,0.14519,-2.01E-04
7.335,0.15511,-4.34E-04
7.336,0.16364,-3.52E-04
7.337,0.16978,-1.14E-06
7.338,0.1718,5.36E-04
7.339,0.16953,0.0012
7.34,0.16199,0.0019
7.341,0.14833,0.00253
7.342,0.12753,0.00302
7.343,0.09831,0.00324
7.344,0.06076,0.00316
7.345,0.01459,0.00271
7.346,-0.04007,0.00187
7.347,-0.10277,6.15E-04
7.348,-0.17262,-0.00103
7.349,-0.24802,-0.00301
7.35,-0.32745,-0.00527
7.351,-0.40902,-0.00773
7.352,-0.4903,-0.01029
7.353,-0.56828,-0.01285
7.354,-0.6402,-0.01528
7.355,-0.70394,-0.01749
7.356,-0.75736,-0.01939
7.357,-0.79815,-0.0209
7.358,-0.82391,-0.02194
7.359,-0.83333,-0.02248
7.36,-0.82655,-0.02251
7.361,-0.80385,-0.02205
7.362,-0.76568,-0.02115
7.363,-0.71281,-0.01986
7.364,-0.64714,-0.01825
7.365,-0.57177,-0.01645
7.366,-0.48964,-0.01455
7.367,-0.40356,-0.01267
7.368,-0.31633,-0.01087
7.369,-0.23116,-0.00925
7.37,-0.15114,-0.00789
7.371,-0.07875,-0.00682
7.372,-0.01585,-0.00605
7.373,0.03626,-0.00556
7.374,0.07637,-0.00532
7.375,0.10461,-0.00528
7.376,0.12151,-0.00537
7.377,0.128,-0.00552
7.378,0.12559,-0.00562
7.379,0.11537,-0.00563
7.38,0.10005,-0.00548
7.381,0.08183,-0.00512
7.382,0.06258,-0.00452
7.383,0.04421,-0.00369
7.384,0.02746,-0.00266
7.385,0.01423,-0.00146
7.386,0.00545,-1.30E-04
7.387,0.0014,0.00125
7.388,0.00204,0.00262
7.389,0.00629,0.00387
7.39,0.01388,0.00496
7.391,0.02401,0.00583
7.392,0.03561,0.00645
7.393,0.04757,0.00677
7.394,0.05858,0.00678
7.395,0.0679,0.00649
7.396,0.07495,0.00594
7.397,0.07934,0.00515
7.398,0.08093,0.00419
7.399,0.07982,0.00309
7.4,0.07635,0.00194
7.401,0.07105,7.78E-04
7.402,0.06463,-3.22E-04
7.403,0.05782,-0.00131
7.404,0.05144,-0.00214
7.405,0.0461,-0.00279
7.406,0.04231,-0.00323
7.407,0.04044,-0.00344
7.408,0.04066,-0.00344
7.409,0.04296,-0.00325
7.41,0.04712,-0.00288
7.411,0.05278,-0.00238
7.412,0.05941,-0.00178
7.413,0.06642,-0.00112
7.414,0.07316,-4.41E-04
7.415,0.0791,2.05E-04
7.416,0.08376,7.88E-04
7.417,0.08675,0.00129
7.418,0.08781,0.00169
7.419,0.08687,0.00199
7.42,0.08401,0.00219
7.421,0.07949,0.00232
7.422,0.07364,0.00239
7.423,0.06689,0.00243
7.424,0.05978,0.00247
7.425,0.05279,0.00254
7.426,0.04637,0.00267
7.427,0.04092,0.00286
7.428,0.03674,0.00311
7.429,0.03404,0.00343
7.43,0.03287,0.00378
7.431,0.03316,0.00415
7.432,0.03475,0.00451
7.433,0.03738,0.00481
7.434,0.04072,0.00502
7.435,0.04443,0.00511
7.436,0.04814,0.00508
7.437,0.05154,0.00492
7.438,0.05435,0.00462
7.439,0.05639,0.00422
7.44,0.05751,0.00374
7.441,0.05769,0.00325
7.442,0.05698,0.00277
7.443,0.0555,0.00236
7.444,0.05348,0.00206
7.445,0.05111,0.0019
7.446,0.04864,0.00191
7.447,0.04628,0.00208
7.448,0.04422,0.00239
7.449,0.04267,0.00282
7.45,0.04174,0.00331
7.451,0.04144,0.00381
7.452,0.04177,0.00425
7.453,0.04261,0.00457
7.454,0.04384,0.00471
7.455,0.0453,0.00463
7.456,0.0468,0.0043
7.457,0.04812,0.00371
7.458,0.04905,0.00287
7.459,0.04944,0.00183
7.46,0.04914,6.34E-04
7.461,0.04808,-6.57E-04
7.462,0.04623,-0.00197
7.463,0.04363,-0.00324
7.464,0.04037,-0.00437
7.465,0.03657,-0.00531
7.466,0.03242,-0.00602
7.467,0.02811,-0.00647
7.468,0.02389,-0.00664
7.469,0.02002,-0.00654
7.47,0.01669,-0.00621
7.471,0.01411,-0.00569
7.472,0.01241,-0.00504
7.473,0.0117,-0.00432
7.474,0.0121,-0.00359
7.475,0.01356,-0.00292
7.476,0.01603,-0.00238
7.477,0.01938,-0.00199
7.478,0.02341,-0.00181
7.479,0.02793,-0.00182
7.48,0.03265,-0.00205
7.481,0.03731,-0.00247
7.482,0.0416,-0.00306
7.483,0.04524,-0.00375
7.484,0.04797,-0.0045
7.485,0.04957,-0.00526
7.486,0.04989,-0.00596
7.487,0.04882,-0.00655
7.488,0.04634,-0.00698
7.489,0.04251,-0.0072
7.49,0.03749,-0.0072
7.491,0.03149,-0.00696
7.492,0.02477,-0.00649
7.493,0.01767,-0.00579
7.494,0.01059,-0.00492
7.495,0.00391,-0.00391
7.496,-0.00201,-0.00281
7.497,-0.00683,-0.00169
7.498,-0.0103,-6.00E-04
7.499,-0.01216,3.96E-04
7.5,-0.01234,0.00125
7.501,-0.01082,0.00194
7.502,-0.00772,0.00243
7.503,-0.00326,0.00271
7.504,0.0023,0.0028
7.505,0.00854,0.00272
7.506,0.01504,0.0025
7.507,0.02135,0.00218
7.508,0.02698,0.00181
7.509,0.03157,0.00144
7.51,0.03474,0.00111
7.511,0.03626,8.46E-04
7.512,0.03595,6.77E-04
7.513,0.03375,6.10E-04
7.514,0.02982,6.35E-04
7.515,0.02437,7.42E-04
7.516,0.01771,9.07E-04
7.517,0.01021,0.0011
7.518,0.00227,0.00128
7.519,-0.00559,0.00143
7.52,-0.01293,0.00151
7.521,-0.01936,0.00151
7.522,-0.02461,0.00144
7.523,-0.0285,0.00128
7.524,-0.03088,0.00106
7.525,-0.0318,7.97E-04
7.526,-0.03141,5.24E-04
7.527,-0.02997,2.70E-04
7.528,-0.02784,6.06E-05
7.529,-0.02535,-8.05E-05
7.53,-0.02292,-1.45E-04
7.531,-0.02095,-1.31E-04
7.532,-0.01977,-4.66E-05
7.533,-0.0197,9.24E-05
7.534,-0.02081,2.57E-04
7.535,-0.02321,4.15E-04
7.536,-0.02683,5.34E-04
7.537,-0.03154,5.87E-04
7.538,-0.03713,5.57E-04
7.539,-0.04316,4.30E-04
7.54,-0.04932,2.09E-04
7.541,-0.05526,-9.10E-05
7.542,-0.06064,-4.45E-04
7.543,-0.06523,-8.15E-04
7.544,-0.06872,-0.00116
7.545,-0.07105,-0.00143
7.546,-0.07224,-0.00158
7.547,-0.0724,-0.00158
7.548,-0.07175,-0.00141
7.549,-0.07053,-0.00105
7.55,-0.0691,-5.07E-04
7.551,-0.06782,1.97E-04
7.552,-0.06703,0.00102
7.553,-0.06701,0.00192
7.554,-0.06796,0.00283
7.555,-0.07001,0.00369
7.556,-0.07319,0.00443
7.557,-0.07739,0.005
7.558,-0.08239,0.00534
7.559,-0.08783,0.00541
7.56,-0.09337,0.00518
7.561,-0.09861,0.00466
7.562,-0.10314,0.00387
7.563,-0.10661,0.00283
7.564,-0.10862,0.0016
7.565,-0.10903,2.47E-04
7.566,-0.10776,-0.00116
7.567,-0.10485,-0.00255
7.568,-0.1005,-0.00381
7.569,-0.09496,-0.00489
7.57,-0.08866,-0.0057
7.571,-0.08207,-0.00619
7.572,-0.07569,-0.00633
7.573,-0.07003,-0.00608
7.574,-0.06554,-0.00544
7.575,-0.06257,-0.00445
7.576,-0.0614,-0.00315
7.577,-0.06214,-0.00159
7.578,-0.06479,1.40E-04
7.579,-0.06919,0.00195
7.58,-0.07503,0.00375
7.581,-0.08192,0.00545
7.582,-0.0894,0.00695
7.583,-0.09696,0.00817
7.584,-0.10407,0.00907
7.585,-0.11029,0.0096
7.586,-0.11522,0.00976
7.587,-0.11859,0.00955
7.588,-0.12021,0.00902
7.589,-0.12009,0.0082
7.59,-0.11835,0.00719
7.591,-0.11522,0.00606
7.592,-0.11101,0.00489
7.593,-0.10608,0.00376
7.594,-0.10088,0.00272
7.595,-0.09583,0.00184
7.596,-0.0913,0.00115
7.597,-0.08756,6.60E-04
7.598,-0.0848,3.45E-04
7.599,-0.08311,1.77E-04
7.6,-0.08246,1.13E-04
7.601,-0.08272,9.85E-05
7.602,-0.08367,7.39E-05
7.603,-0.085,-1.84E-05
7.604,-0.08639,-2.21E-04
7.605,-0.08752,-5.67E-04
7.606,-0.08808,-0.00107
7.607,-0.08787,-0.00173
7.608,-0.08672,-0.00252
7.609,-0.08461,-0.00338
7.61,-0.08162,-0.00427
7.611,-0.07789,-0.00514
7.612,-0.07368,-0.00591
7.613,-0.06928,-0.00653
7.614,-0.06515,-0.00695
7.615,-0.06162,-0.00713
7.616,-0.05902,-0.00707
7.617,-0.0576,-0.00676
7.618,-0.05749,-0.00625
7.619,-0.05888,-0.00555
7.62,-0.06168,-0.00474
7.621,-0.06573,-0.00387
7.622,-0.07071,-0.00302
7.623,-0.07616,-0.00225
7.624,-0.08172,-0.00161
7.625,-0.08687,-0.00117
7.626,-0.09112,-9.47E-04
7.627,-0.094,-9.60E-04
7.628,-0.09503,-0.00119
7.629,-0.09399,-0.00164
7.63,-0.09069,-0.00225
7.631,-0.08511,-0.00299
7.632,-0.07733,-0.00378
7.633,-0.06754,-0.00455
7.634,-0.05619,-0.00526
7.635,-0.04373,-0.00582
7.636,-0.03069,-0.0062
7.637,-0.0176,-0.00635
7.638,-0.00504,-0.00622
7.639,0.00636,-0.00582
7.64,0.01616,-0.00515
7.641,0.02401,-0.00422
7.642,0.02965,-0.00308
7.643,0.03298,-0.00175
7.644,0.03388,-3.24E-04
7.645,0.03256,0.00115
7.646,0.02929,0.00261
7.647,0.02442,0.00399
7.648,0.01845,0.00523
7.649,0.01174,0.00627
7.65,0.0049,0.00708
7.651,-0.00155,0.00764
7.652,-0.00718,0.00795
7.653,-0.01151,0.00801
7.654,-0.01435,0.00784
7.655,-0.01538,0.0075
7.656,-0.0145,0.00703
7.657,-0.0117,0.00647
7.658,-0.00709,0.00588
7.659,-9.41E-04,0.00529
7.66,0.00646,0.00476
7.661,0.01478,0.00431
7.662,0.02361,0.00395
7.663,0.03248,0.00368
7.664,0.04092,0.00347
7.665,0.04852,0.0033
7.666,0.05491,0.00315
7.667,0.05982,0.00297
7.668,0.06303,0.00274
7.669,0.06435,0.00242
7.67,0.0638,0.002
7.671,0.06144,0.00148
7.672,0.05745,8.58E-04
7.673,0.05214,1.73E-04
7.674,0.04579,-5.35E-04
7.675,0.03883,-0.00122
7.676,0.0317,-0.00184
7.677,0.02484,-0.00233
7.678,0.01872,-0.00266
7.679,0.01367,-0.00276
7.68,0.01009,-0.00264
7.681,0.00823,-0.00228
7.682,0.00824,-0.00171
7.683,0.01018,-9.53E-04
7.684,0.01398,-5.43E-05
7.685,0.01948,9.21E-04
7.686,0.02642,0.0019
7.687,0.03445,0.00283
7.688,0.04312,0.00363
7.689,0.05197,0.00425
7.69,0.06051,0.00464
7.691,0.06829,0.00479
7.692,0.07487,0.00468
7.693,0.07988,0.00433
7.694,0.08305,0.00376
7.695,0.08422,0.00301
7.696,0.08334,0.00214
7.697,0.08049,0.0012
7.698,0.07585,2.66E-04
7.699,0.06968,-6.10E-04
7.7,0.0624,-0.00137
7.701,0.05444,-0.00198
7.702,0.04624,-0.00239
7.703,0.03829,-0.00258
7.704,0.03101,-0.00256
7.705,0.02482,-0.00232
7.706,0.02003,-0.00187
7.707,0.01685,-0.00125
7.708,0.01542,-4.94E-04
7.709,0.01573,3.61E-04
7.71,0.01766,0.00127
7.711,0.02104,0.00218
7.712,0.02559,0.00305
7.713,0.03097,0.00383
7.714,0.03682,0.00449
7.715,0.04272,0.00498
7.716,0.04832,0.0053
7.717,0.05331,0.00542
7.718,0.05739,0.00534
7.719,0.06041,0.00506
7.72,0.0622,0.0046
7.721,0.06275,0.004
7.722,0.06211,0.00328
7.723,0.06041,0.00247
7.724,0.05784,0.00162
7.725,0.05464,7.81E-04
7.726,0.05106,-1.36E-05
7.727,0.04736,-7.34E-04
7.728,0.04382,-0.00136
7.729,0.04066,-0.00187
7.73,0.03808,-0.00226
7.731,0.03623,-0.00253
7.732,0.03518,-0.00271
7.733,0.03498,-0.00281
7.734,0.03558,-0.00285
7.735,0.03693,-0.00288
7.736,0.03892,-0.00292
7.737,0.04142,-0.003
7.738,0.04425,-0.00313
7.739,0.04727,-0.00332
7.74,0.05032,-0.00359
7.741,0.05327,-0.00394
7.742,0.056,-0.00434
7.743,0.05836,-0.00478
7.744,0.06034,-0.00524
7.745,0.06187,-0.00569
7.746,0.06292,-0.00611
7.747,0.06348,-0.00647
7.748,0.0635,-0.00675
7.749,0.06301,-0.00693
7.75,0.06201,-0.00701
7.751,0.06048,-0.00697
7.752,0.05844,-0.00681
7.753,0.05587,-0.00653
7.754,0.05278,-0.00615
7.755,0.04919,-0.00566
7.756,0.04513,-0.00508
7.757,0.04067,-0.00443
7.758,0.03591,-0.00373
7.759,0.03096,-0.00299
7.76,0.02598,-0.00225
7.761,0.02115,-0.00153
7.762,0.01668,-8.59E-04
7.763,0.01281,-2.68E-04
7.764,0.00978,2.14E-04
7.765,0.00777,5.58E-04
7.766,0.00694,7.44E-04
7.767,0.00743,7.52E-04
7.768,0.0093,5.70E-04
7.769,0.01258,1.96E-04
7.77,0.01711,-3.55E-04
7.771,0.02273,-0.00106
7.772,0.02917,-0.00189
7.773,0.03612,-0.0028
7.774,0.04321,-0.00375
7.775,0.05002,-0.00469
7.776,0.05615,-0.00556
7.777,0.06123,-0.00632
7.778,0.06494,-0.00692
7.779,0.06706,-0.00735
7.78,0.06746,-0.00758
7.781,0.06612,-0.00761
7.782,0.06314,-0.00745
7.783,0.05873,-0.00712
7.784,0.0532,-0.00664
7.785,0.04699,-0.00607
7.786,0.04055,-0.00543
7.787,0.03432,-0.00477
7.788,0.02874,-0.00411
7.789,0.02422,-0.00348
7.79,0.02109,-0.00292
7.791,0.01955,-0.00242
7.792,0.01969,-0.002
7.793,0.02141,-0.00165
7.794,0.02456,-0.00136
7.795,0.0288,-0.00113
7.796,0.03376,-9.28E-04
7.797,0.03898,-7.58E-04
7.798,0.04398,-6.06E-04
7.799,0.04828,-4.70E-04
7.8,0.05147,-3.46E-04
7.801,0.05322,-2.35E-04
7.802,0.05333,-1.44E-04
7.803,0.05171,-7.91E-05
7.804,0.04846,-5.03E-05
7.805,0.04375,-5.45E-05
7.806,0.03792,-9.11E-05
7.807,0.03135,-1.60E-04
7.808,0.02454,-2.61E-04
7.809,0.01802,-3.85E-04
7.81,0.01223,-5.20E-04
7.811,0.0076,-6.52E-04
7.812,0.00446,-7.75E-04
7.813,0.00303,-8.89E-04
7.814,0.00339,-9.86E-04
7.815,0.00547,-0.00107
7.816,0.00907,-0.00114
7.817,0.01388,-0.00122
7.818,0.01954,-0.00131
7.819,0.02557,-0.00142
7.82,0.0315,-0.00158
7.821,0.0369,-0.00178
7.822,0.0414,-0.00205
7.823,0.04472,-0.00237
7.824,0.04669,-0.00276
7.825,0.04726,-0.00319
7.826,0.04652,-0.00365
7.827,0.04467,-0.00414
7.828,0.04199,-0.00463
7.829,0.03886,-0.00511
7.83,0.03566,-0.00555
7.831,0.03277,-0.00594
7.832,0.03052,-0.00628
7.833,0.02919,-0.00655
7.834,0.02891,-0.00676
7.835,0.02976,-0.00691
7.836,0.03167,-0.00701
7.837,0.03447,-0.00707
7.838,0.0379,-0.00709
7.839,0.04158,-0.0071
7.84,0.04518,-0.00709
7.841,0.04833,-0.0071
7.842,0.05071,-0.00712
7.843,0.0521,-0.00716
7.844,0.05229,-0.00723
7.845,0.05125,-0.00733
7.846,0.04908,-0.00746
7.847,0.04596,-0.00763
7.848,0.04218,-0.00782
7.849,0.0381,-0.00802
7.85,0.03413,-0.00824
7.851,0.03066,-0.00847
7.852,0.02807,-0.00868
7.853,0.02666,-0.00886
7.854,0.02664,-0.00899
7.855,0.0281,-0.00906
7.856,0.031,-0.00905
7.857,0.03518,-0.00894
7.858,0.04036,-0.00873
7.859,0.04617,-0.0084
7.86,0.05218,-0.00795
7.861,0.05795,-0.00739
7.862,0.06306,-0.00674
7.863,0.0671,-0.00601
7.864,0.06977,-0.00522
7.865,0.07088,-0.00442
7.866,0.07039,-0.00362
7.867,0.06834,-0.00286
7.868,0.0649,-0.00217
7.869,0.06037,-0.00157
7.87,0.05512,-0.00108
7.871,0.04955,-7.01E-04
7.872,0.0441,-4.41E-04
7.873,0.03916,-2.94E-04
7.874,0.03508,-2.49E-04
7.875,0.03214,-2.82E-04
7.876,0.03049,-3.71E-04
7.877,0.03018,-4.98E-04
7.878,0.03116,-6.49E-04
7.879,0.03326,-8.16E-04
7.88,0.03623,-9.86E-04
7.881,0.03978,-0.00116
7.882,0.04357,-0.00133
7.883,0.04727,-0.00153
7.884,0.05056,-0.00175
7.885,0.0532,-0.00202
7.886,0.05499,-0.00233
7.887,0.05586,-0.0027
7.888,0.05578,-0.00311
7.889,0.05484,-0.00357
7.89,0.05317,-0.00406
7.891,0.05097,-0.00455
7.892,0.04847,-0.00502
7.893,0.04591,-0.00544
7.894,0.04353,-0.00578
7.895,0.04151,-0.00601
7.896,0.03999,-0.00613
7.897,0.03905,-0.00613
7.898,0.03871,-0.00598
7.899,0.03893,-0.00571
7.9,0.03963,-0.00532
7.901,0.04066,-0.00485
7.902,0.04188,-0.00432
7.903,0.04311,-0.00375
7.904,0.04421,-0.00317
7.905,0.04506,-0.00262
7.906,0.0456,-0.00211
7.907,0.04578,-0.00166
7.908,0.04559,-0.00127
7.909,0.04509,-9.59E-04
7.91,0.04438,-7.15E-04
7.911,0.04355,-5.35E-04
7.912,0.04271,-4.10E-04
7.913,0.04197,-3.30E-04
7.914,0.04141,-2.92E-04
7.915,0.04107,-2.85E-04
7.916,0.04095,-3.06E-04
7.917,0.04104,-3.48E-04
7.918,0.04129,-4.05E-04
7.919,0.04156,-4.83E-04
7.92,0.04175,-5.74E-04
7.921,0.04171,-6.72E-04
7.922,0.04136,-7.70E-04
7.923,0.04063,-8.53E-04
7.924,0.03946,-9.18E-04
7.925,0.03786,-9.47E-04
7.926,0.03588,-9.26E-04
7.927,0.03367,-8.41E-04
7.928,0.03142,-6.79E-04
7.929,0.02933,-4.41E-04
7.93,0.02764,-1.27E-04
7.931,0.02658,2.59E-04
7.932,0.02638,7.05E-04
7.933,0.02722,0.0012
7.934,0.02922,0.00171
7.935,0.03243,0.00222
7.936,0.03678,0.00271
7.937,0.04215,0.00314
7.938,0.04829,0.00352
7.939,0.05493,0.00382
7.94,0.06169,0.00403
7.941,0.06821,0.00417
7.942,0.0741,0.00425
7.943,0.07894,0.00427
7.944,0.08241,0.00426
7.945,0.08429,0.00424
7.946,0.08444,0.00423
7.947,0.08279,0.00426
7.948,0.07936,0.00433
7.949,0.07435,0.00446
7.95,0.06806,0.00466
7.951,0.06083,0.00492
7.952,0.05304,0.00523
7.953,0.04511,0.00558
7.954,0.03748,0.00595
7.955,0.03057,0.00632
7.956,0.0247,0.00667
7.957,0.02013,0.00698
7.958,0.01697,0.00722
7.959,0.01532,0.00736
7.96,0.01512,0.0074
7.961,0.01619,0.00733
7.962,0.01829,0.00715
7.963,0.02109,0.00684
7.964,0.02429,0.00641
7.965,0.02749,0.00588
7.966,0.03036,0.00527
7.967,0.03257,0.00459
7.968,0.03383,0.00388
7.969,0.03405,0.00317
7.97,0.03312,0.00249
7.971,0.03101,0.00188
7.972,0.02782,0.00137
7.973,0.02364,9.96E-04
7.974,0.01881,7.83E-04
7.975,0.01354,7.46E-04
7.976,0.0081,8.90E-04
7.977,0.00274,0.00121
7.978,-0.00233,0.00169
7.979,-0.00684,0.00231
7.98,-0.01068,0.00302
7.981,-0.01381,0.00379
7.982,-0.01621,0.00456
7.983,-0.01796,0.00528
7.984,-0.01916,0.00591
7.985,-0.02,0.0064
7.986,-0.02068,0.00673
7.987,-0.02138,0.00688
7.988,-0.02222,0.00683
7.989,-0.02336,0.0066
7.99,-0.0249,0.00621
7.991,-0.02688,0.0057
7.992,-0.02923,0.00509
7.993,-0.03178,0.00443
7.994,-0.03436,0.00376
7.995,-0.03676,0.00311
7.996,-0.03876,0.00251
7.997,-0.04008,0.00198
7.998,-0.0404,0.00154
7.999,-0.03952,0.00117
8,-0.03733,8.83E-04
8.001,-0.03376,6.50E-04
8.002,-0.02881,4.59E-04
8.003,-0.02253,3.01E-04
8.004,-0.01518,1.57E-04
8.005,-0.00704,1.84E-05
8.006,0.00154,-1.16E-04
8.007,0.01019,-2.37E-04
8.008,0.01857,-3.23E-04
8.009,0.02618,-3.54E-04
8.01,0.03272,-3.12E-04
8.011,0.03793,-1.73E-04
8.012,0.04164,8.51E-05
8.013,0.04379,4.83E-04
8.014,0.04433,0.00103
8.015,0.04349,0.00171
8.016,0.04151,0.00252
8.017,0.03874,0.00343
8.018,0.03558,0.0044
8.019,0.03238,0.00541
8.02,0.0296,0.00639
8.021,0.02764,0.00732
8.022,0.02679,0.00814
8.023,0.02726,0.00881
8.024,0.02908,0.00931
8.025,0.03226,0.00963
8.026,0.03667,0.00975
8.027,0.04206,0.00967
8.028,0.04809,0.00942
8.029,0.05428,0.009
8.03,0.06023,0.00844
8.031,0.06553,0.00779
8.032,0.0698,0.00708
8.033,0.07275,0.00634
8.034,0.07411,0.00561
8.035,0.07383,0.00492
8.036,0.07197,0.00429
8.037,0.06869,0.00377
8.038,0.06426,0.00336
8.039,0.05907,0.00307
8.04,0.05356,0.00291
8.041,0.0482,0.00289
8.042,0.04344,0.003
8.043,0.03969,0.00322
8.044,0.03726,0.00355
8.045,0.03641,0.00394
8.046,0.03721,0.00439
8.047,0.03964,0.00485
8.048,0.04351,0.00531
8.049,0.04851,0.00573
8.05,0.05426,0.00609
8.051,0.06031,0.00636
8.052,0.06619,0.00654
8.053,0.0714,0.00661
8.054,0.07548,0.00658
8.055,0.07809,0.00646
8.056,0.07897,0.00626
8.057,0.07801,0.00601
8.058,0.07523,0.00573
8.059,0.07077,0.00546
8.06,0.06492,0.00521
8.061,0.05805,0.00502
8.062,0.05061,0.0049
8.063,0.04314,0.00486
8.064,0.03615,0.0049
8.065,0.0301,0.00502
8.066,0.0254,0.0052
8.067,0.02238,0.00543
8.068,0.02126,0.00569
8.069,0.0221,0.00595
8.07,0.02481,0.0062
8.071,0.0292,0.00641
8.072,0.03501,0.00657
8.073,0.04191,0.00668
8.074,0.04937,0.00674
8.075,0.0569,0.00674
8.076,0.06405,0.0067
8.077,0.07044,0.00663
8.078,0.07581,0.00654
8.079,0.07982,0.00644
8.08,0.08234,0.00636
8.081,0.08334,0.00628
8.082,0.08295,0.00622
8.083,0.08146,0.00618
8.084,0.07919,0.00616
8.085,0.07662,0.00616
8.086,0.07419,0.00617
8.087,0.07233,0.00619
8.088,0.07136,0.00621
8.089,0.07195,0.00624
8.09,0.07451,0.00629
8.091,0.0793,0.00635
8.092,0.08627,0.00643
8.093,0.09484,0.00651
8.094,0.1053,0.0066
8.095,0.11728,0.00671
8.096,0.13026,0.00683
8.097,0.14325,0.00693
8.098,0.15457,0.00696
8.099,0.16388,0.00693
8.1,0.17007,0.0068
8.101,0.17209,0.00655
8.102,0.16864,0.00613
8.103,0.15797,0.00549
8.104,0.13984,0.00463
8.105,0.11352,0.00353
8.106,0.07863,0.00219
8.107,0.03497,5.96E-04
8.108,-0.0175,-0.00124
8.109,-0.07772,-0.00329
8.11,-0.14479,-0.00551
8.111,-0.21742,-0.00787
8.112,-0.29383,-0.01032
8.113,-0.37172,-0.0128
8.114,-0.44862,-0.01522
8.115,-0.52246,-0.01756
8.116,-0.59101,-0.01975
8.117,-0.65177,-0.02172
8.118,-0.70196,-0.0234
8.119,-0.73963,-0.02474
8.12,-0.76387,-0.0257
8.121,-0.77396,-0.02626
8.122,-0.76918,-0.02639
8.123,-0.74904,-0.02606
8.124,-0.71419,-0.02525
8.125,-0.66657,-0.02401
8.126,-0.60812,-0.02238
8.127,-0.54073,-0.0204
8.128,-0.46646,-0.01812
8.129,-0.38803,-0.01561
8.13,-0.3086,-0.01297
8.131,-0.23087,-0.01031
8.132,-0.15713,-0.00771
8.133,-0.08927,-0.00525
8.134,-0.02929,-0.00303
8.135,0.02163,-0.0011
8.136,0.06282,4.84E-04
8.137,0.09406,0.00169
8.138,0.1157,0.00252
8.139,0.12792,0.00297
8.14,0.13233,0.0031
8.141,0.13038,0.00295
8.142,0.12348,0.0026
8.143,0.11321,0.00211
8.144,0.10036,0.00153
8.145,0.08705,9.36E-04
8.146,0.07461,3.97E-04
8.147,0.06384,-5.69E-05
8.148,0.05535,-4.05E-04
8.149,0.04878,-6.68E-04
8.15,0.04477,-8.39E-04
8.151,0.04325,-9.41E-04
8.152,0.04378,-0.00101
8.153,0.04578,-0.00108
8.154,0.04824,-0.00121
8.155,0.05083,-0.00142
8.156,0.05309,-0.00172
8.157,0.05458,-0.00214
8.158,0.05495,-0.00264
8.159,0.05397,-0.00321
8.16,0.05165,-0.00382
8.161,0.04816,-0.00443
8.162,0.04382,-0.00497
8.163,0.03899,-0.0054
8.164,0.03415,-0.00565
8.165,0.02964,-0.0057
8.166,0.02582,-0.00551
8.167,0.02302,-0.00508
8.168,0.0215,-0.00441
8.169,0.02142,-0.00352
8.17,0.02271,-0.00245
8.171,0.02524,-0.00125
8.172,0.02881,2.56E-05
8.173,0.03315,0.00129
8.174,0.03795,0.00249
8.175,0.04286,0.00356
8.176,0.04758,0.00443
8.177,0.05183,0.00507
8.178,0.0554,0.00544
8.179,0.05816,0.00551
8.18,0.06006,0.00529
8.181,0.06115,0.0048
8.182,0.06151,0.00407
8.183,0.06127,0.00313
8.184,0.06062,0.00203
8.185,0.05974,8.40E-04
8.186,0.0588,-3.81E-04
8.187,0.05794,-0.00157
8.188,0.05724,-0.00268
8.189,0.05674,-0.00366
8.19,0.05645,-0.00446
8.191,0.05634,-0.00506
8.192,0.05627,-0.00544
8.193,0.05613,-0.00561
8.194,0.05578,-0.00557
8.195,0.05513,-0.00536
8.196,0.05411,-0.00499
8.197,0.05263,-0.00452
8.198,0.05065,-0.00398
8.199,0.04824,-0.00342
8.2,0.04546,-0.00287
8.201,0.04244,-0.00238
8.202,0.0393,-0.00196
8.203,0.03616,-0.00164
8.204,0.03322,-0.00141
8.205,0.03057,-0.00128
8.206,0.02831,-0.00124
8.207,0.02649,-0.00129
8.208,0.0251,-0.00138
8.209,0.02416,-0.00151
8.21,0.02356,-0.00167
8.211,0.02318,-0.00184
8.212,0.02289,-0.00201
8.213,0.02256,-0.00217
8.214,0.02209,-0.00232
8.215,0.02135,-0.00246
8.216,0.02025,-0.0026
8.217,0.01878,-0.00272
8.218,0.01693,-0.00281
8.219,0.01482,-0.00287
8.22,0.01252,-0.00288
8.221,0.01016,-0.0028
8.222,0.00788,-0.00262
8.223,0.00585,-0.00229
8.224,0.00427,-0.0018
8.225,0.00324,-0.00112
8.226,0.00283,-2.38E-04
8.227,0.00311,8.40E-04
8.228,0.00407,0.00209
8.229,0.00568,0.00347
8.23,0.00783,0.00493
8.231,0.01037,0.00641
8.232,0.01313,0.00782
8.233,0.01591,0.00906
8.234,0.01854,0.01006
8.235,0.02083,0.01074
8.236,0.02262,0.01105
8.237,0.0238,0.01095
8.238,0.02427,0.0104
8.239,0.02404,0.00943
8.24,0.02312,0.00809
8.241,0.0216,0.00645
8.242,0.01959,0.0046
8.243,0.01722,0.00263
8.244,0.01467,6.63E-04
8.245,0.01214,-0.00119
8.246,0.00978,-0.00282
8.247,0.00772,-0.00415
8.248,0.00607,-0.00512
8.249,0.00494,-0.00569
8.25,0.00434,-0.00585
8.251,0.00429,-0.00564
8.252,0.0047,-0.0051
8.253,0.00544,-0.00429
8.254,0.00644,-0.00331
8.255,0.00754,-0.00225
8.256,0.00858,-0.0012
8.257,0.00941,-2.39E-04
8.258,0.00982,5.51E-04
8.259,0.00977,0.00113
8.26,0.00916,0.00145
8.261,0.00795,0.0015
8.262,0.00612,0.00129
8.263,0.00362,8.65E-04
8.264,6.19E-04,2.64E-04
8.265,-0.00281,-4.59E-04
8.266,-0.00655,-0.00124
8.267,-0.01051,-0.00203
8.268,-0.0146,-0.00274
8.269,-0.01864,-0.00332
8.27,-0.02257,-0.00375
8.271,-0.02632,-0.00398
8.272,-0.02988,-0.00401
8.273,-0.03326,-0.00383
8.274,-0.03642,-0.00346
8.275,-0.03946,-0.00291
8.276,-0.04245,-0.00223
8.277,-0.04544,-0.00146
8.278,-0.04851,-6.28E-04
8.279,-0.05164,2.06E-04
8.28,-0.05489,0.00101
8.281,-0.05825,0.00174
8.282,-0.06168,0.00238
8.283,-0.06509,0.00289
8.284,-0.06827,0.00327
8.285,-0.07112,0.00353
8.286,-0.07352,0.00366
8.287,-0.07529,0.00367
8.288,-0.07633,0.00359
8.289,-0.07643,0.00343
8.29,-0.07559,0.00322
8.291,-0.07382,0.00297
8.292,-0.07118,0.0027
8.293,-0.06788,0.00241
8.294,-0.06401,0.00211
8.295,-0.05989,0.00179
8.296,-0.05582,0.00145
8.297,-0.05214,0.00108
8.298,-0.04923,6.68E-04
8.299,-0.04732,1.99E-04
8.3,-0.04669,-3.24E-04
8.301,-0.04754,-9.01E-04
8.302,-0.04997,-0.00152
8.303,-0.05402,-0.00217
8.304,-0.05954,-0.00283
8.305,-0.06631,-0.00345
8.306,-0.07405,-0.00401
8.307,-0.08239,-0.00447
8.308,-0.09096,-0.00481
8.309,-0.09925,-0.00499
8.31,-0.10682,-0.005
8.311,-0.11333,-0.00485
8.312,-0.11845,-0.00455
8.313,-0.12202,-0.00412
8.314,-0.12385,-0.0036
8.315,-0.12402,-0.00304
8.316,-0.12268,-0.0025
8.317,-0.12008,-0.00203
8.318,-0.1166,-0.00168
8.319,-0.11261,-0.00148
8.32,-0.10862,-0.00147
8.321,-0.10507,-0.00164
8.322,-0.10239,-0.00199
8.323,-0.10092,-0.0025
8.324,-0.10086,-0.00311
8.325,-0.10238,-0.00377
8.326,-0.10549,-0.00443
8.327,-0.11005,-0.00501
8.328,-0.11581,-0.00547
8.329,-0.12235,-0.00574
8.33,-0.12928,-0.00581
8.331,-0.13616,-0.00566
8.332,-0.1425,-0.00528
8.333,-0.14785,-0.00472
8.334,-0.15181,-0.00399
8.335,-0.15414,-0.00317
8.336,-0.15471,-0.00231
8.337,-0.15347,-0.00147
8.338,-0.1505,-7.08E-04
8.339,-0.14605,-8.61E-05
8.34,-0.14046,3.63E-04
8.341,-0.13412,6.16E-04
8.342,-0.12747,6.68E-04
8.343,-0.12092,5.27E-04
8.344,-0.11491,2.17E-04
8.345,-0.1098,-2.23E-04
8.346,-0.10584,-7.48E-04
8.347,-0.10317,-0.00131
8.348,-0.10184,-0.00186
8.349,-0.10177,-0.00236
8.35,-0.1028,-0.00277
8.351,-0.10466,-0.00306
8.352,-0.10705,-0.00322
8.353,-0.10962,-0.00325
8.354,-0.11206,-0.00316
8.355,-0.11406,-0.00297
8.356,-0.11537,-0.0027
8.357,-0.11585,-0.00238
8.358,-0.11541,-0.00202
8.359,-0.11413,-0.00168
8.36,-0.11209,-0.00136
8.361,-0.10949,-0.00109
8.362,-0.10654,-8.77E-04
8.363,-0.10351,-7.19E-04
8.364,-0.10073,-6.18E-04
8.365,-0.09844,-5.62E-04
8.366,-0.09682,-5.37E-04
8.367,-0.096,-5.21E-04
8.368,-0.096,-4.91E-04
8.369,-0.09685,-4.26E-04
8.37,-0.09844,-3.06E-04
8.371,-0.10059,-1.13E-04
8.372,-0.10303,1.63E-04
8.373,-0.10544,5.26E-04
8.374,-0.10759,9.71E-04
8.375,-0.10917,0.00149
8.376,-0.10995,0.00205
8.377,-0.10972,0.00265
8.378,-0.10827,0.00324
8.379,-0.10561,0.00378
8.38,-0.10176,0.00424
8.381,-0.0968,0.00459
8.382,-0.09088,0.00481
8.383,-0.0842,0.00487
8.384,-0.07709,0.00476
8.385,-0.06981,0.00448
8.386,-0.06264,0.00406
8.387,-0.05584,0.00353
8.388,-0.04964,0.00291
8.389,-0.04432,0.00226
8.39,-0.03999,0.00162
8.391,-0.03674,0.00104
8.392,-0.03458,5.81E-04
8.393,-0.03347,2.71E-04
8.394,-0.03342,1.36E-04
8.395,-0.03426,1.90E-04
8.396,-0.03581,4.32E-04
8.397,-0.03789,8.46E-04
8.398,-0.04025,0.00141
8.399,-0.04279,0.00207
8.4,-0.04523,0.0028
8.401,-0.04737,0.00353
8.402,-0.04904,0.00424
8.403,-0.05004,0.00487
8.404,-0.05036,0.00539
8.405,-0.04987,0.00579
8.406,-0.04851,0.00607
8.407,-0.04629,0.00622
8.408,-0.04321,0.00625
8.409,-0.03944,0.0062
8.41,-0.03509,0.00609
8.411,-0.03031,0.00595
8.412,-0.02524,0.0058
8.413,-0.02006,0.00566
8.414,-0.01505,0.00554
8.415,-0.01041,0.00544
8.416,-0.00631,0.00535
8.417,-0.00289,0.00527
8.418,-2.16E-04,0.00516
8.419,0.00156,0.00501
8.42,0.00247,0.0048
8.421,0.00256,0.00452
8.422,0.00196,0.00415
8.423,9.02E-04,0.00369
8.424,-4.90E-04,0.00315
8.425,-0.0019,0.00255
8.426,-0.00306,0.00191
8.427,-0.00369,0.00127
8.428,-0.00351,6.44E-04
8.429,-0.0024,7.73E-05
8.43,-1.48E-04,-4.10E-04
8.431,0.00332,-7.98E-04
8.432,0.00799,-0.00107
8.433,0.01375,-0.00123
8.434,0.02034,-0.00127
8.435,0.02751,-0.00121
8.436,0.03494,-0.00107
8.437,0.04226,-8.62E-04
8.438,0.04904,-6.18E-04
8.439,0.05482,-3.53E-04
8.44,0.05929,-8.96E-05
8.441,0.06216,1.55E-04
8.442,0.06326,3.69E-04
8.443,0.0625,5.46E-04
8.444,0.05983,6.89E-04
8.445,0.05546,7.95E-04
8.446,0.04967,8.67E-04
8.447,0.0428,9.10E-04
8.448,0.03538,9.28E-04
8.449,0.02782,9.26E-04
8.45,0.0207,9.05E-04
8.451,0.01451,8.64E-04
8.452,0.0097,8.02E-04
8.453,0.0067,7.18E-04
8.454,0.00572,6.09E-04
8.455,0.00692,4.79E-04
8.456,0.01031,3.26E-04
8.457,0.01576,1.55E-04
8.458,0.02302,-2.94E-05
8.459,0.0317,-2.19E-04
8.46,0.04134,-4.03E-04
8.461,0.05144,-5.70E-04
8.462,0.06147,-7.12E-04
8.463,0.07089,-8.23E-04
8.464,0.07921,-8.93E-04
8.465,0.08604,-9.20E-04
8.466,0.09108,-9.05E-04
8.467,0.09414,-8.51E-04
8.468,0.09513,-7.66E-04
8.469,0.0941,-6.60E-04
8.47,0.09125,-5.46E-04
8.471,0.08686,-4.38E-04
8.472,0.08126,-3.47E-04
8.473,0.07482,-2.86E-04
8.474,0.06797,-2.65E-04
8.475,0.06117,-2.97E-04
8.476,0.0548,-3.87E-04
8.477,0.04917,-5.36E-04
8.478,0.04455,-7.36E-04
8.479,0.04109,-9.85E-04
8.48,0.0389,-0.00127
8.481,0.038,-0.00158
8.482,0.03828,-0.0019
8.483,0.03957,-0.00219
8.484,0.04167,-0.00244
8.485,0.04433,-0.00262
8.486,0.04728,-0.00271
8.487,0.05026,-0.00267
8.488,0.053,-0.0025
8.489,0.05534,-0.00217
8.49,0.05707,-0.00169
8.491,0.0581,-0.00105
8.492,0.05835,-2.76E-04
8.493,0.05783,6.05E-04
8.494,0.05662,0.00155
8.495,0.05478,0.00252
8.496,0.05244,0.00346
8.497,0.04973,0.0043
8.498,0.04679,0.00499
8.499,0.04381,0.00546
8.5,0.04091,0.00569
8.501,0.03818,0.00564
8.502,0.03572,0.0053
8.503,0.03359,0.00467
8.504,0.03184,0.00378
8.505,0.03048,0.00269
8.506,0.0295,0.00145
8.507,0.02887,1.42E-04
8.508,0.02857,-0.00116
8.509,0.02858,-0.00236
8.51,0.02886,-0.0034
8.511,0.02939,-0.00421
8.512,0.03015,-0.00475
8.513,0.03111,-0.00498
8.514,0.03229,-0.00491
8.515,0.03365,-0.00456
8.516,0.03518,-0.00396
8.517,0.03685,-0.00319
8.518,0.0386,-0.0023
8.519,0.04038,-0.00137
8.52,0.04209,-4.77E-04
8.521,0.04365,3.11E-04
8.522,0.04493,9.41E-04
8.523,0.04581,0.00137
8.524,0.04619,0.00158
8.525,0.04595,0.00157
8.526,0.04503,0.00135
8.527,0.04337,9.46E-04
8.528,0.041,4.06E-04
8.529,0.03796,-2.21E-04
8.53,0.03437,-8.86E-04
8.531,0.03038,-0.00154
8.532,0.02619,-0.00215
8.533,0.02207,-0.00267
8.534,0.01826,-0.00307
8.535,0.01506,-0.00336
8.536,0.01269,-0.00352
8.537,0.01138,-0.00356
8.538,0.01129,-0.00349
8.539,0.01253,-0.00334
8.54,0.01509,-0.00313
8.541,0.01891,-0.00287
8.542,0.0238,-0.00258
8.543,0.02951,-0.00228
8.544,0.03574,-0.00197
8.545,0.0421,-0.00166
8.546,0.04819,-0.00136
8.547,0.05363,-0.00106
8.548,0.05802,-7.53E-04
8.549,0.06105,-4.32E-04
8.55,0.06249,-9.23E-05
8.551,0.0622,2.72E-04
8.552,0.06013,6.66E-04
8.553,0.05638,0.00109
8.554,0.05112,0.00155
8.555,0.0447,0.00203
8.556,0.03746,0.00254
8.557,0.02986,0.00305
8.558,0.02235,0.00356
8.559,0.01541,0.00404
8.56,0.00948,0.00448
8.561,0.00493,0.00485
8.562,0.00202,0.00514
8.563,9.20E-04,0.00533
8.564,0.00168,0.0054
8.565,0.00422,0.00532
8.566,0.00834,0.00511
8.567,0.01373,0.00475
8.568,0.02,0.00427
8.569,0.02673,0.00368
8.57,0.0334,0.00301
8.571,0.03958,0.00229
8.572,0.04484,0.00157
8.573,0.04881,9.09E-04
8.574,0.05124,3.41E-04
8.575,0.05196,-8.39E-05
8.576,0.05093,-3.26E-04
8.577,0.04823,-3.53E-04
8.578,0.04405,-1.40E-04
8.579,0.03869,3.12E-04
8.58,0.03253,9.95E-04
8.581,0.02595,0.00188
8.582,0.01939,0.00294
8.583,0.01329,0.00412
8.584,0.00802,0.00536
8.585,0.00391,0.00661
8.586,0.00119,0.00781
8.587,-1.23E-06,0.00891
8.588,4.00E-04,0.00984
8.589,0.00229,0.01058
8.59,0.00551,0.01111
8.591,0.0098,0.01142
8.592,0.0149,0.0115
8.593,0.02047,0.01136
8.594,0.02612,0.01102
8.595,0.03149,0.01052
8.596,0.03629,0.00988
8.597,0.04028,0.00914
8.598,0.04332,0.00833
8.599,0.04527,0.00747
8.6,0.04612,0.0066
8.601,0.04595,0.00573
8.602,0.04492,0.00489
8.603,0.04328,0.00409
8.604,0.04126,0.00334
8.605,0.03918,0.00265
8.606,0.03732,0.00203
8.607,0.03597,0.00148
8.608,0.03538,0.00101
8.609,0.0357,6.21E-04
8.61,0.0371,3.16E-04
8.611,0.03961,8.98E-05
8.612,0.0432,-5.56E-05
8.613,0.04771,-1.17E-04
8.614,0.05293,-9.60E-05
8.615,0.05864,-6.88E-06
8.616,0.06455,1.42E-04
8.617,0.07033,3.48E-04
8.618,0.07558,6.11E-04
8.619,0.07999,9.33E-04
8.62,0.0833,0.0013
8.621,0.0853,0.00172
8.622,0.08581,0.00219
8.623,0.08469,0.00272
8.624,0.08198,0.00329
8.625,0.07779,0.00392
8.626,0.0723,0.00459
8.627,0.06573,0.00529
8.628,0.05838,0.00601
8.629,0.05058,0.00672
8.63,0.04272,0.00739
8.631,0.03514,0.00799
8.632,0.02815,0.00849
8.633,0.02204,0.00886
8.634,0.01704,0.00906
8.635,0.01329,0.00908
8.636,0.01082,0.0089
8.637,0.00964,0.00854
8.638,0.00967,0.00799
8.639,0.01077,0.00728
8.64,0.01271,0.00645
8.641,0.01525,0.00555
8.642,0.01815,0.00463
8.643,0.02118,0.00373
8.644,0.02417,0.00291
8.645,0.02691,0.00222
8.646,0.02927,0.00168
8.647,0.03119,0.00132
8.648,0.03264,0.00115
8.649,0.03371,0.00117
8.65,0.03445,0.00135
8.651,0.03492,0.00167
8.652,0.03526,0.0021
8.653,0.03553,0.00259
8.654,0.03585,0.0031
8.655,0.03624,0.0036
8.656,0.0367,0.00404
8.657,0.0372,0.00442
8.658,0.03768,0.00471
8.659,0.03801,0.0049
8.66,0.0381,0.00501
8.661,0.03782,0.00504
8.662,0.03709,0.00501
8.663,0.03585,0.00494
8.664,0.03408,0.00486
8.665,0.03183,0.00478
8.666,0.02922,0.00474
8.667,0.02641,0.00473
8.668,0.02362,0.00479
8.669,0.0211,0.0049
8.67,0.01911,0.00509
8.671,0.01791,0.00533
8.672,0.01771,0.00564
8.673,0.01863,0.00599
8.674,0.02076,0.00637
8.675,0.02406,0.00677
8.676,0.02838,0.00717
8.677,0.03351,0.00755
8.678,0.0391,0.00788
8.679,0.04474,0.00815
8.68,0.04999,0.00834
8.681,0.05442,0.00843
8.682,0.05761,0.0084
8.683,0.05925,0.00824
8.684,0.05906,0.00795
8.685,0.05695,0.00754
8.686,0.05294,0.00701
8.687,0.04723,0.00638
8.688,0.04016,0.00568
8.689,0.03219,0.00496
8.69,0.02388,0.00424
8.691,0.01584,0.00358
8.692,0.00869,0.003
8.693,0.00303,0.00257
8.694,-6.13E-04,0.0023
8.695,-0.00188,0.00222
8.696,-5.49E-04,0.00235
8.697,0.00341,0.00267
8.698,0.00985,0.00318
8.699,0.01843,0.00385
8.7,0.02863,0.00463
8.701,0.03982,0.00548
8.702,0.0513,0.00635
8.703,0.06228,0.00716
8.704,0.07204,0.00788
8.705,0.07994,0.00844
8.706,0.08546,0.0088
8.707,0.08823,0.00893
8.708,0.08806,0.00883
8.709,0.085,0.00846
8.71,0.07932,0.00786
8.711,0.07145,0.00703
8.712,0.06192,0.00601
8.713,0.05137,0.00486
8.714,0.04056,0.00362
8.715,0.03022,0.00236
8.716,0.021,0.00112
8.717,0.01341,-2.32E-05
8.718,0.00782,-9.99E-04
8.719,0.00446,-0.00176
8.72,0.00337,-0.00226
8.721,0.00439,-0.00245
8.722,0.00717,-0.00232
8.723,0.01126,-0.00184
8.724,0.01611,-0.00102
8.725,0.02112,1.22E-04
8.726,0.0257,0.00155
8.727,0.02934,0.00321
8.728,0.0316,0.00503
8.729,0.03224,0.00695
8.73,0.03109,0.00888
8.731,0.02818,0.01073
8.732,0.0237,0.01242
8.733,0.01794,0.01385
8.734,0.01144,0.01497
8.735,0.00465,0.01572
8.736,-0.00195,0.01609
8.737,-0.00786,0.01606
8.738,-0.01268,0.01562
8.739,-0.01598,0.01481
8.74,-0.01761,0.0137
8.741,-0.01753,0.01234
8.742,-0.01581,0.01081
8.743,-0.01272,0.00918
8.744,-0.00854,0.00752
8.745,-0.00369,0.00591
8.746,0.00137,0.0044
8.747,0.00617,0.00304
8.748,0.01021,0.00185
8.749,0.01316,8.31E-04
8.75,0.01472,-1.48E-05
8.751,0.01472,-7.05E-04
8.752,0.0131,-0.00127
8.753,0.0099,-0.00173
8.754,0.00533,-0.00211
8.755,-3.81E-04,-0.00245
8.756,-0.00691,-0.00276
8.757,-0.01387,-0.00307
8.758,-0.02087,-0.00335
8.759,-0.02755,-0.0036
8.76,-0.03359,-0.00382
8.761,-0.03876,-0.00399
8.762,-0.04286,-0.00408
8.763,-0.04569,-0.00408
8.764,-0.04726,-0.00396
8.765,-0.04761,-0.00372
8.766,-0.04684,-0.00337
8.767,-0.04503,-0.00292
8.768,-0.04226,-0.00236
8.769,-0.03875,-0.00173
8.77,-0.03466,-0.00106
8.771,-0.03012,-3.71E-04
8.772,-0.02523,3.03E-04
8.773,-0.02004,9.38E-04
8.774,-0.01465,0.00151
8.775,-0.00916,0.00201
8.776,-0.00363,0.00242
8.777,0.00193,0.00274
8.778,0.00751,0.00297
8.779,0.01297,0.00312
8.78,0.01822,0.00321
8.781,0.02319,0.00324
8.782,0.02778,0.00323
8.783,0.03195,0.00318
8.784,0.0355,0.00312
8.785,0.03842,0.00304
8.786,0.04067,0.00295
8.787,0.04225,0.00287
8.788,0.04325,0.00276
8.789,0.04365,0.00265
8.79,0.04366,0.00251
8.791,0.04346,0.00234
8.792,0.04327,0.00213
8.793,0.04329,0.00188
8.794,0.04366,0.00157
8.795,0.04461,0.0012
8.796,0.04631,7.55E-04
8.797,0.04883,2.46E-04
8.798,0.05219,-3.24E-04
8.799,0.05627,-9.47E-04
8.8,0.06098,-0.00161
8.801,0.06613,-0.0023
8.802,0.07148,-0.00298
8.803,0.07671,-0.00363
8.804,0.08146,-0.00421
8.805,0.08548,-0.00469
8.806,0.08851,-0.00504
8.807,0.09034,-0.00524
8.808,0.09079,-0.00525
8.809,0.08979,-0.00506
8.81,0.08739,-0.00467
8.811,0.08375,-0.00409
8.812,0.07906,-0.00334
8.813,0.07358,-0.00245
8.814,0.06763,-0.00145
8.815,0.06159,-4.12E-04
8.816,0.0558,6.27E-04
8.817,0.05059,0.00161
8.818,0.04624,0.00248
8.819,0.04294,0.0032
8.82,0.04083,0.00373
8.821,0.03992,0.00406
8.822,0.04019,0.00416
8.823,0.04152,0.00405
8.824,0.0437,0.00374
8.825,0.0465,0.00326
8.826,0.04963,0.00264
8.827,0.05286,0.00193
8.828,0.05595,0.00115
8.829,0.0587,3.61E-04
8.83,0.06097,-4.10E-04
8.831,0.06267,-0.00113
8.832,0.06379,-0.00178
8.833,0.06437,-0.00235
8.834,0.06455,-0.00283
8.835,0.06445,-0.00321
8.836,0.06422,-0.0035
8.837,0.06402,-0.00371
8.838,0.06402,-0.00386
8.839,0.06428,-0.00393
8.84,0.06487,-0.00396
8.841,0.06577,-0.00394
8.842,0.06694,-0.0039
8.843,0.06835,-0.00384
8.844,0.06974,-0.00378
8.845,0.07096,-0.00372
8.846,0.07184,-0.00369
8.847,0.07223,-0.00371
8.848,0.07213,-0.00379
8.849,0.07136,-0.00394
8.85,0.06999,-0.00417
8.851,0.0681,-0.00451
8.852,0.06588,-0.00494
8.853,0.06359,-0.00547
8.854,0.06161,-0.00606
8.855,0.06036,-0.0067
8.856,0.06022,-0.00736
8.857,0.06148,-0.008
8.858,0.06422,-0.00857
8.859,0.06903,-0.00904
8.86,0.07604,-0.00936
8.861,0.08527,-0.0095
8.862,0.09637,-0.00944
8.863,0.1084,-0.00919
8.864,0.12144,-0.00874
8.865,0.13477,-0.00811
8.866,0.14761,-0.00735
8.867,0.15877,-0.00651
8.868,0.1664,-0.00567
8.869,0.17013,-0.00487
8.87,0.16886,-0.00418
8.871,0.16166,-0.00368
8.872,0.1475,-0.00341
8.873,0.12507,-0.00344
8.874,0.09455,-0.00378
8.875,0.05575,-0.00446
8.876,0.00885,-0.00547
8.877,-0.04572,-0.00678
8.878,-0.10727,-0.00838
8.879,-0.17424,-0.01021
8.88,-0.2453,-0.0122
8.881,-0.31883,-0.0143
8.882,-0.39282,-0.01644
8.883,-0.46487,-0.01852
8.884,-0.53267,-0.02049
8.885,-0.59452,-0.02228
8.886,-0.64867,-0.02384
8.887,-0.69321,-0.0251
8.888,-0.72607,-0.02602
8.889,-0.74606,-0.02656
8.89,-0.75311,-0.02672
8.891,-0.74723,-0.02649
8.892,-0.7284,-0.02589
8.893,-0.69672,-0.02492
8.894,-0.65328,-0.02362
8.895,-0.60025,-0.02204
8.896,-0.53962,-0.02026
8.897,-0.47319,-0.01832
8.898,-0.4028,-0.01629
8.899,-0.33078,-0.01423
8.9,-0.2597,-0.01223
8.901,-0.19165,-0.01034
8.902,-0.12831,-0.00861
8.903,-0.07097,-0.00708
8.904,-0.02115,-0.00578
8.905,0.02057,-0.00473
8.906,0.0539,-0.00391
8.907,0.07887,-0.0033
8.908,0.09598,-0.00289
8.909,0.10536,-0.00265
8.91,0.10855,-0.00252
8.911,0.10684,-0.00246
8.912,0.10138,-0.00244
8.913,0.09349,-0.0024
8.914,0.08361,-0.00235
8.915,0.07357,-0.00225
8.916,0.06442,-0.00207
8.917,0.05679,-0.00181
8.918,0.05112,-0.00148
8.919,0.04702,-0.00111
8.92,0.04503,-6.87E-04
8.921,0.04511,-2.35E-04
8.922,0.04688,2.30E-04
8.923,0.04987,6.84E-04
8.924,0.05321,0.0011
8.925,0.05664,0.00147
8.926,0.05976,0.00178
8.927,0.06219,0.00203
8.928,0.06362,0.00219
8.929,0.06381,0.00226
8.93,0.06276,0.00223
8.931,0.06057,0.0021
8.932,0.05747,0.00186
8.933,0.05374,0.00152
8.934,0.04976,0.00108
8.935,0.04583,5.44E-04
8.936,0.04228,-6.22E-05
8.937,0.03941,-7.25E-04
8.938,0.03743,-0.00142
8.939,0.03653,-0.00212
8.94,0.03671,-0.00279
8.941,0.0379,-0.00341
8.942,0.03996,-0.00394
8.943,0.04269,-0.00435
8.944,0.04581,-0.00463
8.945,0.04905,-0.00477
8.946,0.05213,-0.00477
8.947,0.0548,-0.00462
8.948,0.05686,-0.00434
8.949,0.05816,-0.00395
8.95,0.05863,-0.00349
8.951,0.05828,-0.00298
8.952,0.0572,-0.00246
8.953,0.05553,-0.00194
8.954,0.05347,-0.00146
8.955,0.05123,-0.00104
8.956,0.04903,-6.96E-04
8.957,0.04709,-4.24E-04
8.958,0.0456,-2.13E-04
8.959,0.04473,-6.19E-05
8.96,0.04457,4.47E-05
8.961,0.04517,1.24E-04
8.962,0.04649,1.99E-04
8.963,0.04848,2.95E-04
8.964,0.05101,4.22E-04
8.965,0.05396,5.96E-04
8.966,0.05715,8.28E-04
8.967,0.06039,0.00113
8.968,0.06346,0.00149
8.969,0.06621,0.00193
8.97,0.06851,0.00242
8.971,0.07025,0.00299
8.972,0.07133,0.00361
8.973,0.07164,0.00427
8.974,0.0712,0.00496
8.975,0.07003,0.00567
8.976,0.06818,0.00639
8.977,0.06568,0.00711
8.978,0.06257,0.00777
8.979,0.05899,0.00838
8.98,0.05502,0.00889
8.981,0.05078,0.0093
8.982,0.04634,0.00955
8.983,0.0418,0.00962
8.984,0.03729,0.00949
8.985,0.03289,0.00914
8.986,0.02869,0.00858
8.987,0.02477,0.00781
8.988,0.0212,0.00681
8.989,0.01809,0.00563
8.99,0.01544,0.0043
8.991,0.0133,0.00285
8.992,0.01168,0.00134
8.993,0.01059,-1.96E-04
8.994,0.01008,-0.00171
8.995,0.01005,-0.00317
8.996,0.01047,-0.00453
8.997,0.01127,-0.00577
8.998,0.01239,-0.00688
8.999,0.01381,-0.00783
9,0.01543,-0.00863
9.001,0.01717,-0.0093
9.002,0.01895,-0.00983
9.003,0.02069,-0.01023
9.004,0.02241,-0.01051
9.005,0.02403,-0.01067
9.006,0.02552,-0.01074
9.007,0.02682,-0.01071
9.008,0.02789,-0.01056
9.009,0.02872,-0.01029
9.01,0.02929,-0.00991
9.011,0.02955,-0.00941
9.012,0.02947,-0.0088
9.013,0.02895,-0.00808
9.014,0.02798,-0.00726
9.015,0.02652,-0.00637
9.016,0.02454,-0.00543
9.017,0.022,-0.00448
9.018,0.01891,-0.00354
9.019,0.01528,-0.00265
9.02,0.01119,-0.00184
9.021,0.00673,-0.00114
9.022,0.00201,-5.60E-04
9.023,-0.00282,-1.22E-04
9.024,-0.00755,1.73E-04
9.025,-0.01199,3.39E-04
9.026,-0.01594,3.95E-04
9.027,-0.01922,3.59E-04
9.028,-0.02167,2.57E-04
9.029,-0.0231,1.10E-04
9.03,-0.02346,-4.65E-05
9.031,-0.02273,-1.87E-04
9.032,-0.02097,-2.96E-04
9.033,-0.0183,-3.65E-04
9.034,-0.01485,-3.96E-04
9.035,-0.01089,-3.84E-04
9.036,-0.00671,-3.36E-04
9.037,-0.00262,-2.66E-04
9.038,0.00104,-1.97E-04
9.039,0.00403,-1.49E-04
9.04,0.00606,-1.38E-04
9.041,0.00694,-1.78E-04
9.042,0.00652,-2.84E-04
9.043,0.00472,-4.69E-04
9.044,0.00164,-7.34E-04
9.045,-0.00256,-0.00108
9.046,-0.00769,-0.00149
9.047,-0.01348,-0.00197
9.048,-0.01967,-0.0025
9.049,-0.02583,-0.00305
9.05,-0.03164,-0.0036
9.051,-0.03679,-0.00413
9.052,-0.04108,-0.00461
9.053,-0.04438,-0.00504
9.054,-0.04655,-0.00537
9.055,-0.04763,-0.0056
9.056,-0.04774,-0.00572
9.057,-0.0471,-0.00572
9.058,-0.04602,-0.00562
9.059,-0.04476,-0.00541
9.06,-0.04367,-0.00513
9.061,-0.0431,-0.0048
9.062,-0.04333,-0.00446
9.063,-0.04462,-0.00414
9.064,-0.04702,-0.00389
9.065,-0.05063,-0.00373
9.066,-0.0554,-0.0037
9.067,-0.06116,-0.00383
9.068,-0.06769,-0.00413
9.069,-0.07458,-0.00459
9.07,-0.0815,-0.00519
9.071,-0.08809,-0.00593
9.072,-0.09399,-0.00676
9.073,-0.09891,-0.00763
9.074,-0.10248,-0.00849
9.075,-0.1046,-0.00929
9.076,-0.10521,-0.00998
9.077,-0.10437,-0.01054
9.078,-0.10227,-0.01091
9.079,-0.09909,-0.0111
9.08,-0.0952,-0.01109
9.081,-0.09098,-0.01091
9.082,-0.08685,-0.01057
9.083,-0.08325,-0.01012
9.084,-0.08046,-0.00959
9.085,-0.07884,-0.00904
9.086,-0.0786,-0.0085
9.087,-0.07986,-0.00802
9.088,-0.08266,-0.00761
9.089,-0.08685,-0.00729
9.09,-0.09225,-0.00708
9.091,-0.0986,-0.00696
9.092,-0.10559,-0.00692
9.093,-0.11282,-0.00692
9.094,-0.11989,-0.00695
9.095,-0.12645,-0.00697
9.096,-0.1322,-0.00695
9.097,-0.13689,-0.00687
9.098,-0.14033,-0.00673
9.099,-0.14241,-0.0065
9.1,-0.14316,-0.00621
9.101,-0.14269,-0.00586
9.102,-0.14115,-0.00547
9.103,-0.13871,-0.00507
9.104,-0.13564,-0.00469
9.105,-0.13225,-0.00434
9.106,-0.1288,-0.00406
9.107,-0.12551,-0.00385
9.108,-0.12254,-0.00373
9.109,-0.12003,-0.0037
9.11,-0.11808,-0.00375
9.111,-0.11669,-0.00389
9.112,-0.11581,-0.00407
9.113,-0.1153,-0.00429
9.114,-0.115,-0.00453
9.115,-0.11475,-0.00477
9.116,-0.11439,-0.00497
9.117,-0.11374,-0.00512
9.118,-0.11268,-0.00521
9.119,-0.11112,-0.00523
9.12,-0.10901,-0.00516
9.121,-0.10637,-0.005
9.122,-0.10329,-0.00476
9.123,-0.09991,-0.00444
9.124,-0.09646,-0.00406
9.125,-0.09311,-0.00363
9.126,-0.09008,-0.00316
9.127,-0.08759,-0.00268
9.128,-0.08584,-0.00222
9.129,-0.08504,-0.00181
9.13,-0.08529,-0.00147
9.131,-0.08661,-0.00123
9.132,-0.08898,-0.0011
9.133,-0.09225,-0.00111
9.134,-0.09633,-0.00126
9.135,-0.10098,-0.00156
9.136,-0.10594,-0.00199
9.137,-0.11087,-0.00253
9.138,-0.1154,-0.00315
9.139,-0.11928,-0.00382
9.14,-0.1222,-0.00449
9.141,-0.12393,-0.00511
9.142,-0.12426,-0.00565
9.143,-0.12298,-0.00605
9.144,-0.12012,-0.00629
9.145,-0.11569,-0.00634
9.146,-0.10981,-0.00621
9.147,-0.10264,-0.00588
9.148,-0.09438,-0.00538
9.149,-0.08539,-0.00473
9.15,-0.076,-0.00399
9.151,-0.06655,-0.00319
9.152,-0.05739,-0.00237
9.153,-0.04883,-0.00159
9.154,-0.04125,-8.82E-04
9.155,-0.03488,-2.84E-04
9.156,-0.02989,1.82E-04
9.157,-0.02641,5.08E-04
9.158,-0.02447,6.96E-04
9.159,-0.02413,7.51E-04
9.16,-0.02521,6.95E-04
9.161,-0.02754,5.54E-04
9.162,-0.03089,3.56E-04
9.163,-0.03493,1.35E-04
9.164,-0.03947,-9.03E-05
9.165,-0.04411,-2.92E-04
9.166,-0.04854,-4.52E-04
9.167,-0.05244,-5.58E-04
9.168,-0.05549,-5.98E-04
9.169,-0.05761,-5.83E-04
9.17,-0.05859,-5.10E-04
9.171,-0.05833,-3.84E-04
9.172,-0.0568,-2.11E-04
9.173,-0.05397,6.11E-06
9.174,-0.05007,2.52E-04
9.175,-0.04523,5.24E-04
9.176,-0.03964,8.21E-04
9.177,-0.0335,0.00114
9.178,-0.027,0.00148
9.179,-0.02046,0.00184
9.18,-0.01408,0.00221
9.181,-0.00805,0.00259
9.182,-0.0025,0.00298
9.183,0.00248,0.00337
9.184,0.00676,0.00375
9.185,0.01034,0.00412
9.186,0.01325,0.00446
9.187,0.01554,0.00477
9.188,0.01732,0.00504
9.189,0.0186,0.00526
9.19,0.01953,0.00543
9.191,0.02024,0.00555
9.192,0.0208,0.00562
9.193,0.02134,0.00563
9.194,0.02179,0.00559
9.195,0.02228,0.00549
9.196,0.02282,0.00534
9.197,0.02344,0.00515
9.198,0.02414,0.00491
9.199,0.02481,0.00462
9.2,0.0255,0.00429
9.201,0.02619,0.00393
9.202,0.02688,0.00355
9.203,0.02762,0.00316
9.204,0.02834,0.00278
9.205,0.0291,0.00241
9.206,0.02995,0.00209
9.207,0.03095,0.00182
9.208,0.03216,0.00163
9.209,0.03358,0.00151
9.21,0.03526,0.00149
9.211,0.03722,0.00154
9.212,0.03948,0.00168
9.213,0.04202,0.00189
9.214,0.04478,0.00215
9.215,0.04771,0.00243
9.216,0.05074,0.00271
9.217,0.05378,0.00298
9.218,0.05672,0.00321
9.219,0.05943,0.00338
9.22,0.06183,0.00349
9.221,0.06386,0.00354
9.222,0.06541,0.00354
9.223,0.06642,0.00349
9.224,0.06684,0.00341
9.225,0.06669,0.00334
9.226,0.066,0.00328
9.227,0.0648,0.00326
9.228,0.06313,0.00329
9.229,0.06105,0.00338
9.23,0.05867,0.00353
9.231,0.05609,0.00372
9.232,0.0534,0.00395
9.233,0.05065,0.00418
9.234,0.04792,0.0044
9.235,0.04529,0.00458
9.236,0.0428,0.00469
9.237,0.04049,0.00472
9.238,0.03838,0.00466
9.239,0.0365,0.00451
9.24,0.03484,0.00427
9.241,0.03339,0.00397
9.242,0.03217,0.00363
9.243,0.03117,0.00329
9.244,0.03042,0.00297
9.245,0.02988,0.0027
9.246,0.02957,0.00251
9.247,0.02948,0.00242
9.248,0.02963,0.00246
9.249,0.03004,0.00262
9.25,0.03067,0.00289
9.251,0.03151,0.00328
9.252,0.03253,0.00376
9.253,0.03372,0.00431
9.254,0.03505,0.0049
9.255,0.03644,0.00552
9.256,0.03784,0.00613
9.257,0.03921,0.00672
9.258,0.04047,0.00726
9.259,0.0416,0.00774
9.26,0.04254,0.00816
9.261,0.04326,0.00851
9.262,0.04375,0.00878
9.263,0.044,0.00897
9.264,0.04403,0.00908
9.265,0.04386,0.00911
9.266,0.04353,0.00906
9.267,0.04309,0.00894
9.268,0.04257,0.00874
9.269,0.04202,0.00847
9.27,0.04149,0.00813
9.271,0.04102,0.00774
9.272,0.04064,0.00731
9.273,0.04034,0.00684
9.274,0.04013,0.00635
9.275,0.04002,0.00585
9.276,0.03999,0.00536
9.277,0.04001,0.00488
9.278,0.04004,0.00443
9.279,0.04005,0.00401
9.28,0.04003,0.00362
9.281,0.03996,0.00325
9.282,0.03979,0.00291
9.283,0.0395,0.00258
9.284,0.03909,0.00228
9.285,0.03855,0.00198
9.286,0.03786,0.0017
9.287,0.03702,0.00142
9.288,0.03603,0.00117
9.289,0.03489,9.55E-04
9.29,0.03359,7.90E-04
9.291,0.03213,6.90E-04
9.292,0.03053,6.73E-04
9.293,0.02881,7.61E-04
9.294,0.02699,9.67E-04
9.295,0.0251,0.00129
9.296,0.02317,0.00174
9.297,0.02128,0.0023
9.298,0.01952,0.00295
9.299,0.01797,0.00367
9.3,0.01671,0.00444
9.301,0.01582,0.00521
9.302,0.01539,0.00596
9.303,0.01552,0.00665
9.304,0.01627,0.00724
9.305,0.01767,0.00772
9.306,0.01971,0.00807
9.307,0.02237,0.00828
9.308,0.02558,0.00834
9.309,0.02925,0.00826
9.31,0.03325,0.00804
9.311,0.03741,0.00772
9.312,0.04155,0.0073
9.313,0.04549,0.00678
9.314,0.04903,0.00619
9.315,0.05201,0.00554
9.316,0.0543,0.00484
9.317,0.05577,0.00411
9.318,0.05634,0.00334
9.319,0.05599,0.00255
9.32,0.05474,0.00174
9.321,0.05269,9.27E-04
9.322,0.04993,1.15E-04
9.323,0.04662,-6.72E-04
9.324,0.04293,-0.00142
9.325,0.03906,-0.0021
9.326,0.03523,-0.00271
9.327,0.03162,-0.00322
9.328,0.0284,-0.0036
9.329,0.02571,-0.00383
9.33,0.02366,-0.00391
9.331,0.02233,-0.00384
9.332,0.02172,-0.0036
9.333,0.02182,-0.0032
9.334,0.02256,-0.00265
9.335,0.02384,-0.00197
9.336,0.02552,-0.00118
9.337,0.02747,-3.17E-04
9.338,0.02953,6.03E-04
9.339,0.03156,0.00155
9.34,0.0334,0.00249
9.341,0.03492,0.00339
9.342,0.03603,0.00422
9.343,0.03667,0.00495
9.344,0.03682,0.00556
9.345,0.03645,0.00603
9.346,0.03559,0.00635
9.347,0.03432,0.00649
9.348,0.03272,0.00647
9.349,0.03091,0.00627
9.35,0.029,0.00593
9.351,0.0271,0.00545
9.352,0.02534,0.00486
9.353,0.02384,0.00421
9.354,0.0227,0.00351
9.355,0.022,0.00283
9.356,0.02179,0.0022
9.357,0.0221,0.00167
9.358,0.02294,0.00126
9.359,0.02428,9.91E-04
9.36,0.02606,8.82E-04
9.361,0.02821,9.29E-04
9.362,0.03064,0.00112
9.363,0.03322,0.00142
9.364,0.03582,0.0018
9.365,0.03832,0.00221
9.366,0.04058,0.00259
9.367,0.04248,0.0029
9.368,0.04391,0.00312
9.369,0.04478,0.00319
9.37,0.04502,0.00312
9.371,0.04462,0.00288
9.372,0.04356,0.00251
9.373,0.04189,0.00204
9.374,0.03967,0.00151
9.375,0.03702,9.79E-04
9.376,0.03407,4.99E-04
9.377,0.03095,1.30E-04
9.378,0.02784,-7.35E-05
9.379,0.0249,-7.26E-05
9.38,0.0223,1.55E-04
9.381,0.02016,6.15E-04
9.382,0.0186,0.0013
9.383,0.01771,0.00217
9.384,0.01751,0.00318
9.385,0.01799,0.00428
9.386,0.0191,0.0054
9.387,0.02075,0.00647
9.388,0.02282,0.00744
9.389,0.02515,0.00823
9.39,0.02757,0.00882
9.391,0.0299,0.00917
9.392,0.032,0.00927
9.393,0.03375,0.00913
9.394,0.03505,0.00877
9.395,0.03583,0.00821
9.396,0.03608,0.00752
9.397,0.03584,0.00673
9.398,0.03521,0.00589
9.399,0.03431,0.00506
9.4,0.03329,0.00429
9.401,0.0323,0.00361
9.402,0.03153,0.00306
9.403,0.0311,0.00265
9.404,0.03115,0.0024
9.405,0.03177,0.0023
9.406,0.03299,0.00236
9.407,0.0348,0.00254
9.408,0.0371,0.00283
9.409,0.03978,0.0032
9.41,0.04267,0.00362
9.411,0.0456,0.00405
9.412,0.04835,0.00446
9.413,0.05072,0.00482
9.414,0.0525,0.0051
9.415,0.05356,0.00529
9.416,0.0538,0.00536
9.417,0.05316,0.00531
9.418,0.05165,0.00512
9.419,0.04935,0.00481
9.42,0.0464,0.00439
9.421,0.04297,0.00387
9.422,0.03929,0.00326
9.423,0.03556,0.00259
9.424,0.03204,0.00188
9.425,0.02896,0.00115
9.426,0.0265,4.22E-04
9.427,0.02478,-2.98E-04
9.428,0.02389,-9.97E-04
9.429,0.02385,-0.00167
9.43,0.02462,-0.00232
9.431,0.02607,-0.00295
9.432,0.02805,-0.00356
9.433,0.03034,-0.00416
9.434,0.03274,-0.00473
9.435,0.03497,-0.00529
9.436,0.03682,-0.00582
9.437,0.03809,-0.00632
9.438,0.03864,-0.00674
9.439,0.03837,-0.00707
9.44,0.03724,-0.00728
9.441,0.03527,-0.00735
9.442,0.03258,-0.00724
9.443,0.02935,-0.00695
9.444,0.02579,-0.00645
9.445,0.02215,-0.00575
9.446,0.01867,-0.00487
9.447,0.01561,-0.00384
9.448,0.01325,-0.00269
9.449,0.01177,-0.00146
9.45,0.01132,-2.29E-04
9.451,0.01196,9.61E-04
9.452,0.01371,0.00205
9.453,0.01652,0.00297
9.454,0.02025,0.00369
9.455,0.02469,0.00418
9.456,0.0296,0.00442
9.457,0.03473,0.00439
9.458,0.03978,0.00412
9.459,0.04448,0.0036
9.46,0.04856,0.00289
9.461,0.05185,0.00202
9.462,0.05418,0.00105
9.463,0.05548,-8.98E-07
9.464,0.05571,-0.00107
9.465,0.05496,-0.00213
9.466,0.05334,-0.00312
9.467,0.05102,-0.00403
9.468,0.04821,-0.00482
9.469,0.04514,-0.00548
9.47,0.04207,-0.006
9.471,0.03924,-0.00636
9.472,0.03682,-0.00657
9.473,0.03497,-0.00662
9.474,0.03378,-0.00651
9.475,0.03333,-0.00627
9.476,0.0336,-0.00589
9.477,0.03452,-0.00539
9.478,0.03595,-0.00479
9.479,0.03774,-0.0041
9.48,0.03971,-0.00336
9.481,0.04166,-0.00259
9.482,0.04342,-0.00182
9.483,0.04479,-0.00106
9.484,0.04564,-3.50E-04
9.485,0.04586,3.01E-04
9.486,0.0454,8.75E-04
9.487,0.04426,0.00137
9.488,0.04245,0.00178
9.489,0.04011,0.00211
9.49,0.03733,0.00239
9.491,0.03428,0.00263
9.492,0.0311,0.00284
9.493,0.02798,0.00305
9.494,0.0251,0.00328
9.495,0.02262,0.00353
9.496,0.02065,0.00382
9.497,0.01928,0.00415
9.498,0.01853,0.00452
9.499,0.01846,0.0049
9.5,0.01901,0.00527
9.501,0.02012,0.00563
9.502,0.02168,0.00595
9.503,0.02351,0.0062
9.504,0.0255,0.00637
9.505,0.02748,0.00644
9.506,0.02927,0.00643
9.507,0.03072,0.00633
9.508,0.03164,0.00614
9.509,0.03197,0.0059
9.51,0.0316,0.00562
9.511,0.03049,0.00533
9.512,0.02861,0.00505
9.513,0.02596,0.00481
9.514,0.02267,0.00463
9.515,0.01883,0.00451
9.516,0.01455,0.00446
9.517,0.01,0.0045
9.518,0.00531,0.00459
9.519,7.40E-04,0.00474
9.52,-0.00355,0.00493
9.521,-0.0074,0.00514
9.522,-0.01066,0.00535
9.523,-0.01325,0.00553
9.524,-0.01503,0.00568
9.525,-0.01596,0.00576
9.526,-0.01606,0.00579
9.527,-0.01539,0.00573
9.528,-0.0141,0.00559
9.529,-0.01226,0.00537
9.53,-0.0101,0.00508
9.531,-0.00783,0.00473
9.532,-0.00567,0.00432
9.533,-0.00389,0.00387
9.534,-0.00267,0.0034
9.535,-0.00226,0.00293
9.536,-0.00281,0.00249
9.537,-0.00444,0.00208
9.538,-0.00716,0.00173
9.539,-0.01096,0.00145
9.54,-0.01577,0.00126
9.541,-0.02144,0.00115
9.542,-0.02772,0.00113
9.543,-0.03424,0.00116
9.544,-0.0407,0.00125
9.545,-0.04674,0.00137
9.546,-0.05201,0.00147
9.547,-0.05613,0.00152
9.548,-0.05868,0.00149
9.549,-0.05945,0.00136
9.55,-0.05825,0.00109
9.551,-0.05501,6.64E-04
9.552,-0.0497,8.78E-05
9.553,-0.04237,-6.26E-04
9.554,-0.03329,-0.00145
9.555,-0.02279,-0.00235
9.556,-0.01126,-0.00327
9.557,8.90E-04,-0.00417
9.558,0.01319,-0.00496
9.559,0.02507,-0.00561
9.56,0.03607,-0.00606
9.561,0.04579,-0.00629
9.562,0.05387,-0.00626
9.563,0.06009,-0.00595
9.564,0.06419,-0.0054
9.565,0.06622,-0.00464
9.566,0.06627,-0.0037
9.567,0.06453,-0.00265
9.568,0.06132,-0.00153
9.569,0.05691,-4.15E-04
9.57,0.05182,6.42E-04
9.571,0.04652,0.00159
9.572,0.04143,0.00241
9.573,0.03698,0.00308
9.574,0.03344,0.0036
9.575,0.03114,0.00399
9.576,0.03029,0.00428
9.577,0.03095,0.0045
9.578,0.03307,0.0047
9.579,0.03644,0.00491
9.58,0.04088,0.00519
9.581,0.04609,0.00556
9.582,0.05174,0.00605
9.583,0.05744,0.00664
9.584,0.06277,0.00732
9.585,0.0674,0.00808
9.586,0.07106,0.00888
9.587,0.07352,0.00967
9.588,0.07465,0.01039
9.589,0.07439,0.01099
9.59,0.07279,0.01142
9.591,0.06998,0.01165
9.592,0.06618,0.01164
9.593,0.06167,0.01137
9.594,0.05676,0.01081
9.595,0.05178,0.01
9.596,0.04706,0.00896
9.597,0.04288,0.00771
9.598,0.03954,0.00631
9.599,0.0372,0.0048
9.6,0.03598,0.00325
9.601,0.03593,0.00172
9.602,0.03701,2.70E-04
9.603,0.03915,-0.00104
9.604,0.04214,-0.00215
9.605,0.04577,-0.00304
9.606,0.04981,-0.00366
9.607,0.05401,-0.00401
9.608,0.05815,-0.00406
9.609,0.06201,-0.00383
9.61,0.06541,-0.00334
9.611,0.06823,-0.00263
9.612,0.07042,-0.00173
9.613,0.07198,-6.90E-04
9.614,0.07298,4.38E-04
9.615,0.07351,0.0016
9.616,0.07372,0.00273
9.617,0.07376,0.00379
9.618,0.07377,0.00474
9.619,0.07389,0.00554
9.62,0.07425,0.00619
9.621,0.07492,0.00665
9.622,0.07592,0.00694
9.623,0.07724,0.00704
9.624,0.07873,0.00698
9.625,0.08029,0.00678
9.626,0.08175,0.00645
9.627,0.08296,0.00602
9.628,0.08381,0.0055
9.629,0.08401,0.0049
9.63,0.08347,0.00424
9.631,0.08211,0.00354
9.632,0.07996,0.00279
9.633,0.07718,0.00202
9.634,0.07384,0.00121
9.635,0.07023,4.03E-04
9.636,0.06662,-4.00E-04
9.637,0.06335,-0.00118
9.638,0.06081,-0.00191
9.639,0.0595,-0.00256
9.64,0.05983,-0.00312
9.641,0.06211,-0.00354
9.642,0.06651,-0.00382
9.643,0.07287,-0.00395
9.644,0.08158,-0.0039
9.645,0.09251,-0.0037
9.646,0.10539,-0.00335
9.647,0.11958,-0.0029
9.648,0.13381,-0.00237
9.649,0.14795,-0.00181
9.65,0.16109,-0.00126
9.651,0.17232,-7.76E-04
9.652,0.1804,-3.97E-04
9.653,0.18353,-1.76E-04
9.654,0.18143,-1.19E-04
9.655,0.17317,-2.46E-04
9.656,0.15809,-5.59E-04
9.657,0.13547,-0.00105
9.658,0.10444,-0.00172
9.659,0.06553,-0.00252
9.66,0.01894,-0.00342
9.661,-0.03478,-0.00441
9.662,-0.09482,-0.00544
9.663,-0.16011,-0.00649
9.664,-0.22888,-0.00755
9.665,-0.29968,-0.00859
9.666,-0.37083,-0.00963
9.667,-0.44034,-0.01064
9.668,-0.50592,-0.01162
9.669,-0.56546,-0.01256
9.67,-0.61764,-0.01346
9.671,-0.66109,-0.01431
9.672,-0.69432,-0.01508
9.673,-0.71572,-0.01573
9.674,-0.72456,-0.01621
9.675,-0.72126,-0.01651
9.676,-0.70622,-0.01658
9.677,-0.67977,-0.01637
9.678,-0.6423,-0.01585
9.679,-0.59509,-0.015
9.68,-0.54034,-0.01381
9.681,-0.47998,-0.01232
9.682,-0.41573,-0.01055
9.683,-0.34921,-0.00854
9.684,-0.28251,-0.00637
9.685,-0.21775,-0.00414
9.686,-0.15663,-0.00193
9.687,-0.10047,1.65E-04
9.688,-0.05023,0.00205
9.689,-0.0071,0.00363
9.69,0.02868,0.00485
9.691,0.05704,0.00566
9.692,0.07812,0.00605
9.693,0.09246,0.00599
9.694,0.10013,0.00552
9.695,0.10257,0.0047
9.696,0.10091,0.0036
9.697,0.0961,0.00229
9.698,0.08921,8.87E-04
9.699,0.08047,-5.40E-04
9.7,0.07143,-0.00188
9.701,0.06296,-0.00304
9.702,0.05554,-0.00395
9.703,0.0496,-0.00457
9.704,0.04474,-0.00487
9.705,0.04151,-0.00486
9.706,0.03998,-0.00453
9.707,0.03994,-0.00394
9.708,0.04116,-0.00315
9.709,0.04301,-0.00223
9.71,0.04541,-0.00127
9.711,0.04817,-3.60E-04
9.712,0.05107,4.28E-04
9.713,0.0539,0.00103
9.714,0.0565,0.00138
9.715,0.0588,0.00145
9.716,0.06082,0.00124
9.717,0.06262,7.63E-04
9.718,0.06424,6.08E-05
9.719,0.06578,-7.97E-04
9.72,0.06728,-0.00173
9.721,0.06874,-0.00266
9.722,0.0702,-0.00348
9.723,0.07163,-0.00413
9.724,0.07298,-0.0045
9.725,0.07416,-0.00458
9.726,0.07507,-0.00431
9.727,0.07561,-0.00372
9.728,0.07566,-0.00282
9.729,0.07515,-0.0017
9.73,0.07405,-4.25E-04
9.731,0.0724,8.93E-04
9.732,0.07022,0.00215
9.733,0.06763,0.00325
9.734,0.06477,0.00408
9.735,0.06183,0.00456
9.736,0.05903,0.00466
9.737,0.05657,0.00436
9.738,0.05462,0.00368
9.739,0.05337,0.00268
9.74,0.05291,0.00145
9.741,0.0533,9.27E-05
9.742,0.05452,-0.00126
9.743,0.05649,-0.00248
9.744,0.05909,-0.00344
9.745,0.0621,-0.00403
9.746,0.06529,-0.00418
9.747,0.06843,-0.00383
9.748,0.07122,-0.00298
9.749,0.07346,-0.00165
9.75,0.07493,7.29E-05
9.751,0.07549,0.00211
9.752,0.07505,0.00433
9.753,0.07357,0.00659
9.754,0.07113,0.00874
9.755,0.06783,0.01065
9.756,0.06385,0.0122
9.757,0.05939,0.0133
9.758,0.05471,0.01386
9.759,0.05007,0.01386
9.76,0.04572,0.0133
9.761,0.04189,0.01223
9.762,0.03874,0.01072
9.763,0.03643,0.00884
9.764,0.03506,0.00672
9.765,0.03467,0.00449
9.766,0.03521,0.00225
9.767,0.0366,1.26E-04
9.768,0.03871,-0.00178
9.769,0.04143,-0.00339
9.77,0.04455,-0.00464
9.771,0.0479,-0.00549
9.772,0.05128,-0.00595
9.773,0.05446,-0.00602
9.774,0.05733,-0.00573
9.775,0.05974,-0.00516
9.776,0.06155,-0.00436
9.777,0.06268,-0.0034
9.778,0.06301,-0.00237
9.779,0.06255,-0.00132
9.78,0.06128,-3.43E-04
9.781,0.05922,5.12E-04
9.782,0.05638,0.00121
9.783,0.05281,0.00172
9.784,0.0486,0.00205
9.785,0.04386,0.00219
9.786,0.0387,0.00217
9.787,0.03323,0.00201
9.788,0.02759,0.00176
9.789,0.02197,0.00146
9.79,0.01651,0.00116
9.791,0.01138,8.96E-04
9.792,0.00672,6.95E-04
9.793,0.00269,5.89E-04
9.794,-5.63E-04,5.82E-04
9.795,-0.00297,6.78E-04
9.796,-0.00448,8.69E-04
9.797,-0.00507,0.00114
9.798,-0.00474,0.00146
9.799,-0.00353,0.00181
9.8,-0.0016,0.00215
9.801,9.07E-04,0.00249
9.802,0.00382,0.00278
9.803,0.00695,0.00304
9.804,0.01016,0.00326
9.805,0.01321,0.00344
9.806,0.01593,0.00361
9.807,0.01818,0.00379
9.808,0.01984,0.00398
9.809,0.02092,0.0042
9.81,0.02142,0.00446
9.811,0.02137,0.00476
9.812,0.02084,0.00509
9.813,0.01987,0.00543
9.814,0.01868,0.00574
9.815,0.01738,0.00599
9.816,0.0161,0.00615
9.817,0.01491,0.00617
9.818,0.01378,0.00602
9.819,0.01278,0.00568
9.82,0.01188,0.00515
9.821,0.011,0.00444
9.822,0.00999,0.00357
9.823,0.00865,0.00258
9.824,0.00685,0.00153
9.825,0.00443,4.75E-04
9.826,0.00126,-5.12E-04
9.827,-0.00277,-0.00137
9.828,-0.00773,-0.00204
9.829,-0.01355,-0.00247
9.83,-0.02014,-0.00265
9.831,-0.02736,-0.00256
9.832,-0.03496,-0.00222
9.833,-0.04268,-0.00166
9.834,-0.05011,-9.20E-04
9.835,-0.05699,-7.20E-05
9.836,-0.06299,8.19E-04
9.837,-0.06785,0.00169
9.838,-0.07134,0.00247
9.839,-0.0732,0.00312
9.84,-0.07346,0.00359
9.841,-0.07215,0.00387
9.842,-0.0694,0.00395
9.843,-0.06546,0.00384
9.844,-0.06053,0.00359
9.845,-0.055,0.00322
9.846,-0.04928,0.0028
9.847,-0.04376,0.00238
9.848,-0.03885,0.00199
9.849,-0.03479,0.0017
9.85,-0.03188,0.00152
9.851,-0.03028,0.00149
9.852,-0.03013,0.0016
9.853,-0.0315,0.00183
9.854,-0.0342,0.00215
9.855,-0.03809,0.00254
9.856,-0.04295,0.00294
9.857,-0.04855,0.0033
9.858,-0.05469,0.00357
9.859,-0.061,0.00369
9.86,-0.06725,0.00363
9.861,-0.07322,0.00336
9.862,-0.07879,0.00286
9.863,-0.08389,0.00216
9.864,-0.08845,0.00126
9.865,-0.09249,1.99E-04
9.866,-0.0961,-9.62E-04
9.867,-0.09939,-0.00216
9.868,-0.10249,-0.00334
9.869,-0.10548,-0.0044
9.87,-0.10851,-0.00527
9.871,-0.11169,-0.00591
9.872,-0.11504,-0.00626
9.873,-0.11854,-0.00629
9.874,-0.12207,-0.00597
9.875,-0.1256,-0.00533
9.876,-0.12899,-0.00441
9.877,-0.13206,-0.00324
9.878,-0.13461,-0.00192
9.879,-0.13637,-5.34E-04
9.88,-0.13727,8.26E-04
9.881,-0.13719,0.00206
9.882,-0.13606,0.00308
9.883,-0.13386,0.0038
9.884,-0.13058,0.00417
9.885,-0.1264,0.00415
9.886,-0.1215,0.00374
9.887,-0.11611,0.00296
9.888,-0.11052,0.00187
9.889,-0.105,5.36E-04
9.89,-0.09986,-9.41E-04
9.891,-0.09536,-0.00246
9.892,-0.09176,-0.00392
9.893,-0.08927,-0.0052
9.894,-0.08803,-0.00622
9.895,-0.08806,-0.00691
9.896,-0.08936,-0.00723
9.897,-0.09184,-0.00715
9.898,-0.09537,-0.00668
9.899,-0.09974,-0.00586
9.9,-0.10469,-0.00474
9.901,-0.10995,-0.0034
9.902,-0.11524,-0.00193
9.903,-0.12028,-4.29E-04
9.904,-0.12487,0.00103
9.905,-0.1288,0.00237
9.906,-0.13192,0.00351
9.907,-0.13413,0.00442
9.908,-0.13536,0.00504
9.909,-0.13567,0.00538
9.91,-0.13514,0.00543
9.911,-0.13386,0.00521
9.912,-0.13197,0.00474
9.913,-0.12956,0.00405
9.914,-0.12682,0.00319
9.915,-0.12391,0.00218
9.916,-0.12095,0.00107
9.917,-0.11803,-1.24E-04
9.918,-0.11517,-0.00137
9.919,-0.11244,-0.00265
9.92,-0.10985,-0.00394
9.921,-0.10741,-0.00521
9.922,-0.10505,-0.00645
9.923,-0.10269,-0.00763
9.924,-0.10033,-0.00874
9.925,-0.09791,-0.00974
9.926,-0.09541,-0.01062
9.927,-0.09278,-0.01134
9.928,-0.09,-0.01188
9.929,-0.08717,-0.01222
9.93,-0.08429,-0.01235
9.931,-0.08142,-0.01227
9.932,-0.07862,-0.01197
9.933,-0.07589,-0.01146
9.934,-0.07343,-0.01075
9.935,-0.07123,-0.00988
9.936,-0.06932,-0.00888
9.937,-0.0677,-0.0078
9.938,-0.06631,-0.00665
9.939,-0.0652,-0.00549
9.94,-0.06427,-0.00435
9.941,-0.06341,-0.00327
9.942,-0.06251,-0.00229
9.943,-0.06141,-0.00143
9.944,-0.06009,-7.09E-04
9.945,-0.05841,-1.42E-04
9.946,-0.05628,2.67E-04
9.947,-0.05365,5.11E-04
9.948,-0.05045,5.88E-04
9.949,-0.04681,5.03E-04
9.95,-0.04275,2.75E-04
9.951,-0.03836,-7.69E-05
9.952,-0.03376,-5.39E-04
9.953,-0.02909,-0.00109
9.954,-0.0246,-0.00172
9.955,-0.02045,-0.0024
9.956,-0.01677,-0.0031
9.957,-0.01369,-0.00381
9.958,-0.0113,-0.00449
9.959,-0.00973,-0.00515
9.96,-0.00896,-0.00576
9.961,-0.00891,-0.00631
9.962,-0.0095,-0.0068
9.963,-0.01054,-0.00721
9.964,-0.01194,-0.00754
9.965,-0.01344,-0.00779
9.966,-0.01481,-0.00796
9.967,-0.01585,-0.00805
9.968,-0.01635,-0.00803
9.969,-0.01623,-0.00791
9.97,-0.01536,-0.00767
9.971,-0.01369,-0.00733
9.972,-0.01124,-0.00685
9.973,-0.00806,-0.00624
9.974,-0.00438,-0.0055
9.975,-3.50E-04,-0.00462
9.976,0.00381,-0.00363
9.977,0.0079,-0.00254
9.978,0.01171,-0.00139
9.979,0.01497,-2.13E-04
9.98,0.01753,9.52E-04
9.981,0.0193,0.00205
9.982,0.02024,0.00304
9.983,0.02041,0.00387
9.984,0.01984,0.00449
9.985,0.01871,0.00487
9.986,0.01724,0.00501
9.987,0.01566,0.00489
9.988,0.01427,0.00452
9.989,0.01328,0.00391
9.99,0.01294,0.00312
9.991,0.01345,0.00219
9.992,0.01495,0.00117
9.993,0.01752,1.16E-04
9.994,0.02109,-9.31E-04
9.995,0.02561,-0.00192
9.996,0.03092,-0.0028
9.997,0.03679,-0.00356
9.998,0.04296,-0.00419
9.999,0.04908,-0.00468
10,0.05486,-0.00504
10.001,0.06004,-0.0053
10.002,0.06435,-0.00546
10.003,0.06756,-0.00557
10.004,0.0695,-0.00562
10.005,0.07014,-0.00567
10.006,0.06951,-0.00571
10.007,0.06768,-0.00575
10.008,0.0648,-0.0058
10.009,0.06106,-0.00585
10.01,0.05677,-0.00588
10.011,0.05221,-0.0059
10.012,0.04765,-0.00588
10.013,0.04335,-0.00581
10.014,0.03952,-0.00568
10.015,0.03637,-0.0055
10.016,0.03403,-0.00525
10.017,0.03254,-0.00496
10.018,0.03187,-0.00462
10.019,0.03193,-0.00425
10.02,0.03259,-0.00386
10.021,0.03368,-0.00348
10.022,0.03498,-0.00311
10.023,0.03631,-0.00277
10.024,0.03744,-0.00246
10.025,0.03818,-0.00219
10.026,0.0384,-0.00197
10.027,0.03803,-0.00178
10.028,0.03707,-0.00162
10.029,0.03556,-0.00149
10.03,0.03359,-0.00137
10.031,0.03128,-0.00126
10.032,0.02885,-0.00114
10.033,0.02652,-9.98E-04
10.034,0.02452,-8.34E-04
10.035,0.02306,-6.33E-04
10.036,0.0223,-3.84E-04
10.037,0.02239,-7.99E-05
10.038,0.02341,2.84E-04
10.039,0.0254,7.07E-04
10.04,0.0283,0.00119
10.041,0.03201,0.00174
10.042,0.03635,0.00234
10.043,0.0411,0.00297
10.044,0.04601,0.00361
10.045,0.0508,0.00423
10.046,0.05521,0.00482
10.047,0.05899,0.00534
10.048,0.06189,0.00574
10.049,0.06375,0.006
10.05,0.06445,0.0061
10.051,0.06397,0.00602
10.052,0.06232,0.00574
10.053,0.05958,0.00528
10.054,0.05591,0.00464
10.055,0.05155,0.00385
10.056,0.04673,0.00296
10.057,0.04173,0.002
10.058,0.03682,0.00102
10.059,0.03227,8.00E-05
10.06,0.02835,-7.81E-04
10.061,0.02525,-0.00152
10.062,0.02311,-0.00211
10.063,0.02201,-0.00253
10.064,0.02199,-0.00278
10.065,0.02298,-0.00286
10.066,0.02488,-0.00281
10.067,0.02752,-0.00265
10.068,0.03068,-0.00241
10.069,0.03412,-0.00213
10.07,0.03758,-0.00185
10.071,0.04081,-0.00161
10.072,0.04357,-0.00142
10.073,0.04566,-0.00129
10.074,0.04694,-0.00121
10.075,0.04731,-0.00117
10.076,0.04672,-0.00117
10.077,0.04521,-0.00115
10.078,0.04288,-0.00109
10.079,0.03989,-9.50E-04
10.08,0.03644,-6.97E-04
10.081,0.03275,-3.11E-04
10.082,0.02905,2.26E-04
10.083,0.02557,9.20E-04
10.084,0.02257,0.00176
10.085,0.02022,0.00273
10.086,0.01867,0.00379
10.087,0.01799,0.00492
10.088,0.01819,0.00605
10.089,0.01924,0.00713
10.09,0.02104,0.00812
10.091,0.02342,0.00897
10.092,0.0262,0.00963
10.093,0.02912,0.01007
10.094,0.03196,0.01025
10.095,0.03449,0.01018
10.096,0.03648,0.00984
10.097,0.03778,0.00926
10.098,0.03823,0.00847
10.099,0.0378,0.00748
10.1,0.03645,0.00636
10.101,0.03425,0.00518
10.102,0.0313,0.00397
10.103,0.02775,0.00283
10.104,0.02382,0.00179
10.105,0.01971,9.30E-04
10.106,0.01564,2.91E-04
10.107,0.01181,-9.06E-05
10.108,0.00846,-1.89E-04
10.109,0.00572,2.60E-06
10.11,0.00373,4.71E-04
10.111,0.00252,0.00119
10.112,0.00215,0.00211
10.113,0.00259,0.00319
10.114,0.00378,0.00435
10.115,0.00559,0.00553
10.116,0.00788,0.00666
10.117,0.01052,0.00768
10.118,0.01337,0.00852
10.119,0.0163,0.00915
10.12,0.01914,0.00953
10.121,0.0218,0.00967
10.122,0.02421,0.00955
10.123,0.02634,0.00919
10.124,0.02816,0.00863
10.125,0.02968,0.00792
10.126,0.03093,0.00708
10.127,0.03196,0.00617
10.128,0.03283,0.00522
10.129,0.0336,0.00427
10.13,0.03433,0.00335
10.131,0.03507,0.00247
10.132,0.03584,0.00165
10.133,0.03665,8.83E-04
10.134,0.03747,1.71E-04
10.135,0.03832,-4.89E-04
10.136,0.03916,-0.0011
10.137,0.03993,-0.00167
10.138,0.04058,-0.0022
10.139,0.04104,-0.00267
10.14,0.0413,-0.00307
10.141,0.04133,-0.00339
10.142,0.04111,-0.00361
10.143,0.04059,-0.00371
10.144,0.0398,-0.00368
10.145,0.03877,-0.00351
10.146,0.03753,-0.00321
10.147,0.03612,-0.00278
10.148,0.03455,-0.00225
10.149,0.03287,-0.00165
10.15,0.03113,-0.00101
10.151,0.02934,-3.89E-04
10.152,0.02753,1.77E-04
10.153,0.02569,6.45E-04
10.154,0.02383,9.82E-04
10.155,0.02194,0.00116
10.156,0.01999,0.00116
10.157,0.01799,9.76E-04
10.158,0.01594,6.35E-04
10.159,0.01385,1.54E-04
10.16,0.01171,-4.30E-04
10.161,0.00954,-0.00107
10.162,0.00741,-0.00173
10.163,0.00542,-0.00234
10.164,0.00363,-0.00287
10.165,0.00211,-0.00326
10.166,9.29E-04,-0.0035
10.167,1.99E-04,-0.00355
10.168,5.51E-05,-0.00341
10.169,5.48E-04,-0.00307
10.17,0.0017,-0.00256
10.171,0.00354,-0.00189
10.172,0.00607,-0.00109
10.173,0.0093,-2.09E-04
10.174,0.01315,7.15E-04
10.175,0.01754,0.00164
10.176,0.02235,0.00252
10.177,0.02746,0.00331
10.178,0.03274,0.00398
10.179,0.03803,0.00449
10.18,0.04319,0.00483
10.181,0.0481,0.00499
10.182,0.05262,0.00495
10.183,0.05658,0.00471
10.184,0.0599,0.00431
10.185,0.06251,0.00375
10.186,0.06438,0.00307
10.187,0.06544,0.0023
10.188,0.06565,0.00149
10.189,0.06498,6.63E-04
10.19,0.0635,-1.31E-04
10.191,0.06128,-8.61E-04
10.192,0.05835,-0.0015
10.193,0.05476,-0.00202
10.194,0.05059,-0.00242
10.195,0.04597,-0.00269
10.196,0.04104,-0.00284
10.197,0.03591,-0.00288
10.198,0.03073,-0.00283
10.199,0.02563,-0.00271
10.2,0.02075,-0.00253
10.201,0.01625,-0.00233
10.202,0.01225,-0.00211
10.203,0.0089,-0.00188
10.204,0.00631,-0.00164
10.205,0.00454,-0.00139
10.206,0.00364,-0.00113
10.207,0.00363,-8.34E-04
10.208,0.00452,-5.10E-04
10.209,0.00631,-1.40E-04
10.21,0.00889,2.72E-04
10.211,0.01215,7.20E-04
10.212,0.01596,0.00119
10.213,0.02017,0.00165
10.214,0.02467,0.00208
10.215,0.02923,0.00243
10.216,0.03369,0.00267
10.217,0.03787,0.00277
10.218,0.04157,0.00269
10.219,0.04469,0.00241
10.22,0.04708,0.00193
10.221,0.04864,0.00126
10.222,0.04931,4.28E-04
10.223,0.04902,-5.21E-04
10.224,0.04777,-0.00153
10.225,0.04563,-0.00254
10.226,0.04265,-0.00347
10.227,0.03895,-0.00426
10.228,0.03467,-0.00482
10.229,0.02994,-0.00511
10.23,0.025,-0.00508
10.231,0.02003,-0.00474
10.232,0.01525,-0.00406
10.233,0.01086,-0.00309
10.234,0.00704,-0.00185
10.235,0.00398,-4.23E-04
10.236,0.0018,0.00112
10.237,6.10E-04,0.00271
10.238,4.48E-04,0.00425
10.239,0.00133,0.00566
10.24,0.00316,0.00687
10.241,0.00583,0.00783
10.242,0.0092,0.0085
10.243,0.01305,0.00884
10.244,0.01716,0.00885
10.245,0.02126,0.00856
10.246,0.02508,0.00799
10.247,0.02839,0.00719
10.248,0.03101,0.0062
10.249,0.03276,0.00509
10.25,0.03351,0.00392
10.251,0.03323,0.00276
10.252,0.03194,0.00166
10.253,0.02978,6.59E-04
10.254,0.0269,-1.99E-04
10.255,0.02353,-8.89E-04
10.256,0.01994,-0.0014
10.257,0.01641,-0.00173
10.258,0.01328,-0.00189
10.259,0.0108,-0.00192
10.26,0.00924,-0.00183
10.261,0.00877,-0.00168
10.262,0.00952,-0.0015
10.263,0.01153,-0.00132
10.264,0.01472,-0.00117
10.265,0.01896,-0.0011
10.266,0.02402,-0.00111
10.267,0.02964,-0.0012
10.268,0.03548,-0.00137
10.269,0.04117,-0.00159
10.27,0.04635,-0.00184
10.271,0.05073,-0.00208
10.272,0.05404,-0.00226
10.273,0.05606,-0.00235
10.274,0.05669,-0.00229
10.275,0.05593,-0.00207
10.276,0.05387,-0.00167
10.277,0.05068,-0.00108
10.278,0.04661,-3.23E-04
10.279,0.04198,5.75E-04
10.28,0.03714,0.00157
10.281,0.03247,0.0026
10.282,0.02828,0.00361
10.283,0.02484,0.00453
10.284,0.02239,0.00528
10.285,0.02106,0.00583
10.286,0.0209,0.00613
10.287,0.02183,0.00617
10.288,0.02371,0.00592
10.289,0.02631,0.00542
10.29,0.02934,0.00469
10.291,0.0325,0.00379
10.292,0.03548,0.00279
10.293,0.03798,0.00174
10.294,0.03976,7.26E-04
10.295,0.04065,-1.97E-04
10.296,0.04056,-9.70E-04
10.297,0.03949,-0.00156
10.298,0.0375,-0.00193
10.299,0.03481,-0.00209
10.3,0.03164,-0.00204
10.301,0.02826,-0.0018
10.302,0.02494,-0.00143
10.303,0.02192,-9.57E-04
10.304,0.0195,-4.39E-04
10.305,0.01782,7.64E-05
10.306,0.017,5.46E-04
10.307,0.01702,9.32E-04
10.308,0.01778,0.0012
10.309,0.01914,0.00134
10.31,0.02087,0.00135
10.311,0.0227,0.00123
10.312,0.0243,9.86E-04
10.313,0.02536,6.34E-04
10.314,0.02564,2.05E-04
10.315,0.02492,-2.80E-04
10.316,0.02308,-8.03E-04
10.317,0.02007,-0.00134
10.318,0.01593,-0.00189
10.319,0.01086,-0.00243
10.32,0.00509,-0.00294
10.321,-0.00109,-0.00344
10.322,-0.00733,-0.00392
10.323,-0.01329,-0.00437
10.324,-0.01855,-0.00482
10.325,-0.02284,-0.00525
10.326,-0.02593,-0.00569
10.327,-0.02769,-0.00612
10.328,-0.02806,-0.00654
10.329,-0.02705,-0.00696
10.33,-0.02485,-0.00737
10.331,-0.0217,-0.00777
10.332,-0.01792,-0.00813
10.333,-0.01387,-0.00844
10.334,-0.00989,-0.00866
10.335,-0.00636,-0.00879
10.336,-0.00359,-0.00879
10.337,-0.00185,-0.00863
10.338,-0.00133,-0.00829
10.339,-0.00205,-0.00774
10.34,-0.00403,-0.00696
10.341,-0.00714,-0.00596
10.342,-0.01121,-0.00475
10.343,-0.01596,-0.00333
10.344,-0.02107,-0.00175
10.345,-0.0262,-4.36E-05
10.346,-0.03107,0.00172
10.347,-0.03538,0.00349
10.348,-0.03888,0.00517
10.349,-0.0414,0.0067
10.35,-0.04285,0.008
10.351,-0.04326,0.00903
10.352,-0.04266,0.00974
10.353,-0.04118,0.01008
10.354,-0.03905,0.01004
10.355,-0.03649,0.00964
10.356,-0.03377,0.00891
10.357,-0.0311,0.00789
10.358,-0.02864,0.00666
10.359,-0.02661,0.00526
10.36,-0.02513,0.00379
10.361,-0.02426,0.00233
10.362,-0.02394,9.44E-04
10.363,-0.02401,-2.91E-04
10.364,-0.0244,-0.00134
10.365,-0.02492,-0.00215
10.366,-0.02538,-0.0027
10.367,-0.02552,-0.003
10.368,-0.02507,-0.00305
10.369,-0.02393,-0.00286
10.37,-0.02192,-0.00249
10.371,-0.01899,-0.00195
10.372,-0.01508,-0.0013
10.373,-0.01018,-5.83E-04
10.374,-0.00448,1.75E-04
10.375,0.0019,9.24E-04
10.376,0.00878,0.00163
10.377,0.01592,0.00227
10.378,0.02311,0.00282
10.379,0.03,0.00327
10.38,0.03643,0.0036
10.381,0.04219,0.0038
10.382,0.04713,0.00386
10.383,0.05111,0.0038
10.384,0.05401,0.00362
10.385,0.05587,0.00332
10.386,0.05675,0.00294
10.387,0.05671,0.00247
10.388,0.05587,0.00196
10.389,0.05433,0.00141
10.39,0.05233,8.71E-04
10.391,0.05005,3.60E-04
10.392,0.04765,-9.57E-05
10.393,0.04528,-4.72E-04
10.394,0.04303,-7.53E-04
10.395,0.04105,-9.28E-04
10.396,0.03942,-9.90E-04
10.397,0.03817,-9.43E-04
10.398,0.03728,-7.96E-04
10.399,0.03667,-5.67E-04
10.4,0.0363,-2.78E-04
10.401,0.0361,4.62E-05
10.402,0.03595,3.84E-04
10.403,0.03577,7.13E-04
10.404,0.03544,0.00101
10.405,0.03488,0.00127
10.406,0.03405,0.00146
10.407,0.03291,0.0016
10.408,0.03151,0.00168
10.409,0.02991,0.00172
10.41,0.02818,0.00171
10.411,0.02643,0.00167
10.412,0.02481,0.00162
10.413,0.02347,0.00156
10.414,0.02258,0.00151
10.415,0.02226,0.00148
10.416,0.02261,0.00147
10.417,0.0237,0.00148
10.418,0.02552,0.00153
10.419,0.02806,0.0016
10.42,0.03119,0.00169
10.421,0.03475,0.0018
10.422,0.03855,0.00193
10.423,0.04236,0.00206
10.424,0.04591,0.0022
10.425,0.04894,0.00232
10.426,0.05123,0.00243
10.427,0.0526,0.00251
10.428,0.05294,0.00255
10.429,0.05218,0.00253
10.43,0.05036,0.00246
10.431,0.04761,0.00231
10.432,0.04413,0.00208
10.433,0.04023,0.00179
10.434,0.03616,0.00143
10.435,0.03229,0.00102
10.436,0.02896,5.76E-04
10.437,0.0265,1.32E-04
10.438,0.02524,-2.70E-04
10.439,0.02526,-5.99E-04
10.44,0.02664,-8.14E-04
10.441,0.02935,-8.83E-04
10.442,0.03332,-7.72E-04
10.443,0.03841,-4.56E-04
10.444,0.04421,6.96E-05
10.445,0.05038,7.99E-04
10.446,0.05656,0.00171
10.447,0.0624,0.00278
10.448,0.06766,0.00395
10.449,0.07211,0.00518
10.45,0.0757,0.0064
10.451,0.07846,0.00756
10.452,0.08046,0.0086
10.453,0.08178,0.00946
10.454,0.08305,0.01011
10.455,0.08477,0.01054
10.456,0.08739,0.01075
10.457,0.09115,0.01073
10.458,0.09578,0.01048
10.459,0.10205,0.01006
10.46,0.10993,0.0095
10.461,0.11924,0.00886
10.462,0.12924,0.00815
10.463,0.13835,0.00739
10.464,0.1463,0.00661
10.465,0.15188,0.00584
10.466,0.15384,0.00507
10.467,0.15065,0.00429
10.468,0.14026,0.00345
10.469,0.12208,0.00254
10.47,0.09509,0.00154
10.471,0.05869,4.10E-04
10.472,0.01257,-8.80E-04
10.473,-0.04326,-0.00236
10.474,-0.1077,-0.00402
10.475,-0.17962,-0.00587
10.476,-0.25741,-0.00788
10.477,-0.33887,-0.01003
10.478,-0.42118,-0.01228
10.479,-0.50143,-0.01454
10.48,-0.57715,-0.01677
10.481,-0.64579,-0.01892
10.482,-0.7046,-0.0209
10.483,-0.75064,-0.02265
10.484,-0.78201,-0.02408
10.485,-0.79801,-0.02515
10.486,-0.79826,-0.02584
10.487,-0.78249,-0.02612
10.488,-0.75076,-0.02596
10.489,-0.7043,-0.02534
10.49,-0.64565,-0.02432
10.491,-0.57728,-0.02294
10.492,-0.50161,-0.02126
10.493,-0.42112,-0.01932
10.494,-0.33879,-0.01721
10.495,-0.25786,-0.01502
10.496,-0.18097,-0.01285
10.497,-0.11027,-0.01078
10.498,-0.04746,-0.00887
10.499,0.00586,-0.00721
10.5,0.04897,-0.00585
10.501,0.08167,-0.00481
10.502,0.10415,-0.00411
10.503,0.11713,-0.00374
10.504,0.12111,-0.00368
10.505,0.11801,-0.00388
10.506,0.10946,-0.00426
10.507,0.09693,-0.00476
10.508,0.08203,-0.00531
10.509,0.06547,-0.00586
10.51,0.04926,-0.00632
10.511,0.03459,-0.00664
10.512,0.02215,-0.00679
10.513,0.01245,-0.00675
10.514,0.00504,-0.00654
10.515,4.18E-04,-0.00617
10.516,-0.0015,-0.00566
10.517,-0.00112,-0.00507
10.518,0.0011,-0.00443
10.519,0.00421,-0.00381
10.52,0.00791,-0.00326
10.521,0.01178,-0.0028
10.522,0.01548,-0.00246
10.523,0.01878,-0.00226
10.524,0.02143,-0.00219
10.525,0.02337,-0.00224
10.526,0.02471,-0.00239
10.527,0.02567,-0.00259
10.528,0.02652,-0.00282
10.529,0.0276,-0.00303
10.53,0.02912,-0.00319
10.531,0.0313,-0.00328
10.532,0.03436,-0.00327
10.533,0.03842,-0.00316
10.534,0.04353,-0.00294
10.535,0.0496,-0.00263
10.536,0.05647,-0.00224
10.537,0.06387,-0.0018
10.538,0.07147,-0.00132
10.539,0.07885,-8.45E-04
10.54,0.08568,-3.87E-04
10.541,0.09161,3.68E-05
10.542,0.0963,4.11E-04
10.543,0.09947,7.30E-04
10.544,0.10084,9.86E-04
10.545,0.1004,0.00119
10.546,0.0982,0.00134
10.547,0.09435,0.00145
10.548,0.08906,0.00154
10.549,0.08261,0.00162
10.55,0.07545,0.00169
10.551,0.06802,0.00177
10.552,0.06075,0.00186
10.553,0.05404,0.00197
10.554,0.04832,0.00209
10.555,0.04394,0.00222
10.556,0.04113,0.00235
10.557,0.04003,0.00248
10.558,0.04061,0.00258
10.559,0.04281,0.00264
10.56,0.04643,0.00264
10.561,0.05114,0.00258
10.562,0.05658,0.00242
10.563,0.06224,0.00219
10.564,0.06771,0.00186
10.565,0.07247,0.00143
10.566,0.07611,9.29E-04
10.567,0.07828,3.69E-04
10.568,0.07868,-2.12E-04
10.569,0.07719,-7.83E-04
10.57,0.07375,-0.0013
10.571,0.06844,-0.00172
10.572,0.06149,-0.002
10.573,0.05326,-0.0021
10.574,0.04419,-0.00197
10.575,0.03478,-0.00161
10.576,0.02553,-9.96E-04
10.577,0.01698,-1.48E-04
10.578,0.00968,9.12E-04
10.579,0.00408,0.00214
10.58,5.13E-04,0.00348
10.581,-8.07E-04,0.00487
10.582,2.24E-04,0.00623
10.583,0.00358,0.00747
10.584,0.00911,0.00854
10.585,0.01648,0.00937
10.586,0.02529,0.00992
10.587,0.03507,0.01015
10.588,0.04522,0.01006
10.589,0.05525,0.00965
10.59,0.0646,0.00897
10.591,0.07278,0.00807
10.592,0.0794,0.007
10.593,0.08405,0.00583
10.594,0.08661,0.00463
10.595,0.08698,0.00346
10.596,0.0852,0.00238
10.597,0.08142,0.00144
10.598,0.07582,6.66E-04
10.599,0.06874,5.90E-05
10.6,0.06058,-3.81E-04
10.601,0.05173,-6.72E-04
10.602,0.04256,-8.40E-04
10.603,0.03345,-9.16E-04
10.604,0.02474,-9.39E-04
10.605,0.01674,-9.46E-04
10.606,0.00967,-9.67E-04
10.607,0.00369,-0.00102
10.608,-0.00107,-0.0011
10.609,-0.00456,-0.00122
10.61,-0.0068,-0.00136
10.611,-0.00782,-0.00151
10.612,-0.00769,-0.00165
10.613,-0.00652,-0.00173
10.614,-0.00437,-0.00173
10.615,-0.0014,-0.00163
10.616,0.00225,-0.00142
10.617,0.00644,-0.00107
10.618,0.01099,-5.79E-04
10.619,0.01585,4.30E-05
10.62,0.02076,7.82E-04
10.621,0.02554,0.00161
10.622,0.03002,0.00251
10.623,0.03395,0.00344
10.624,0.03722,0.00436
10.625,0.03962,0.00524
10.626,0.04098,0.00604
10.627,0.04118,0.00673
10.628,0.0401,0.00727
10.629,0.03778,0.00765
10.63,0.03426,0.00785
10.631,0.02967,0.00787
10.632,0.02416,0.00771
10.633,0.01796,0.00737
10.634,0.01138,0.00688
10.635,0.00477,0.00626
10.636,-0.00152,0.00556
10.637,-0.0072,0.0048
10.638,-0.01203,0.00401
10.639,-0.0157,0.00325
10.64,-0.01808,0.00254
10.641,-0.0191,0.00192
10.642,-0.0188,0.0014
10.643,-0.01736,0.001
10.644,-0.01495,7.27E-04
10.645,-0.01189,5.69E-04
10.646,-0.00856,5.14E-04
10.647,-0.00534,5.39E-04
10.648,-0.00267,6.14E-04
10.649,-8.53E-04,7.14E-04
10.65,-2.38E-04,8.07E-04
10.651,-0.00106,8.65E-04
10.652,-0.00346,8.68E-04
10.653,-0.00746,8.02E-04
10.654,-0.01291,6.69E-04
10.655,-0.01961,4.66E-04
10.656,-0.02729,2.02E-04
10.657,-0.03557,-1.03E-04
10.658,-0.04401,-4.26E-04
10.659,-0.05209,-7.41E-04
10.66,-0.05939,-0.00103
10.661,-0.06555,-0.00128
10.662,-0.07024,-0.00147
10.663,-0.07325,-0.00159
10.664,-0.07439,-0.00165
10.665,-0.0737,-0.00164
10.666,-0.07131,-0.00157
10.667,-0.06746,-0.00146
10.668,-0.06252,-0.00132
10.669,-0.05681,-0.00115
10.67,-0.0508,-9.67E-04
10.671,-0.04497,-7.64E-04
10.672,-0.03973,-5.48E-04
10.673,-0.03554,-3.22E-04
10.674,-0.03264,-7.22E-05
10.675,-0.0313,2.04E-04
10.676,-0.03163,5.09E-04
10.677,-0.03368,8.39E-04
10.678,-0.0374,0.00118
10.679,-0.04254,0.00151
10.68,-0.04886,0.00183
10.681,-0.05605,0.0021
10.682,-0.06377,0.00228
10.683,-0.07166,0.00233
10.684,-0.0793,0.00223
10.685,-0.08639,0.00195
10.686,-0.09265,0.00148
10.687,-0.09787,8.09E-04
10.688,-0.10192,-6.58E-05
10.689,-0.10468,-0.00112
10.69,-0.10619,-0.0023
10.691,-0.10652,-0.00358
10.692,-0.1058,-0.0049
10.693,-0.1042,-0.0062
10.694,-0.10189,-0.00741
10.695,-0.09914,-0.00848
10.696,-0.09617,-0.00937
10.697,-0.09318,-0.01004
10.698,-0.09036,-0.01046
10.699,-0.08784,-0.01064
10.7,-0.08578,-0.01058
10.701,-0.08429,-0.01031
10.702,-0.08341,-0.00988
10.703,-0.08314,-0.00931
10.704,-0.08344,-0.00866
10.705,-0.08429,-0.00799
10.706,-0.08562,-0.00734
10.707,-0.08734,-0.00675
10.708,-0.08932,-0.00626
10.709,-0.09144,-0.00587
10.71,-0.09357,-0.0056
10.711,-0.0956,-0.00546
10.712,-0.09742,-0.00542
10.713,-0.09887,-0.00547
10.714,-0.0999,-0.00557
10.715,-0.10042,-0.0057
10.716,-0.10037,-0.00582
10.717,-0.09972,-0.00591
10.718,-0.09845,-0.00594
10.719,-0.09663,-0.00589
10.72,-0.0943,-0.00575
10.721,-0.09156,-0.00551
10.722,-0.08851,-0.00518
10.723,-0.08526,-0.00478
10.724,-0.08198,-0.00434
10.725,-0.07881,-0.00387
10.726,-0.07591,-0.00343
10.727,-0.07338,-0.00303
10.728,-0.07129,-0.00274
10.729,-0.06977,-0.00259
10.73,-0.06883,-0.00261
10.731,-0.06847,-0.00282
10.732,-0.06864,-0.00324
10.733,-0.06922,-0.00387
10.734,-0.07016,-0.00469
10.735,-0.07128,-0.00568
10.736,-0.07245,-0.0068
10.737,-0.07349,-0.00799
10.738,-0.07421,-0.00919
10.739,-0.07456,-0.01032
10.74,-0.0744,-0.01133
10.741,-0.07367,-0.01215
10.742,-0.07231,-0.01273
10.743,-0.07031,-0.01302
10.744,-0.06779,-0.013
10.745,-0.06482,-0.01266
10.746,-0.0615,-0.01202
10.747,-0.05796,-0.01112
10.748,-0.05429,-0.01
10.749,-0.0507,-0.00872
10.75,-0.04731,-0.00736
10.751,-0.0442,-0.006
10.752,-0.04144,-0.00471
10.753,-0.03901,-0.00355
10.754,-0.03699,-0.00257
10.755,-0.03533,-0.00183
10.756,-0.03395,-0.00133
10.757,-0.03277,-0.00108
10.758,-0.03163,-0.00107
10.759,-0.03052,-0.00127
10.76,-0.02932,-0.00165
10.761,-0.02792,-0.00215
10.762,-0.02628,-0.00274
10.763,-0.02428,-0.00334
10.764,-0.02206,-0.00394
10.765,-0.01958,-0.00448
10.766,-0.01691,-0.00493
10.767,-0.01409,-0.00526
10.768,-0.01115,-0.00547
10.769,-0.00831,-0.00555
10.77,-0.00559,-0.00552
10.771,-0.00305,-0.00537
10.772,-7.16E-04,-0.00512
10.773,0.00145,-0.0048
10.774,0.00337,-0.00443
10.775,0.00514,-0.00403
10.776,0.00686,-0.00363
10.777,0.00865,-0.00324
10.778,0.01064,-0.00289
10.779,0.01288,-0.00259
10.78,0.01552,-0.00237
10.781,0.01866,-0.00224
10.782,0.02233,-0.00219
10.783,0.02654,-0.00222
10.784,0.03118,-0.00233
10.785,0.03616,-0.00251
10.786,0.04137,-0.00272
10.787,0.0466,-0.00296
10.788,0.05162,-0.00318
10.789,0.05612,-0.00334
10.79,0.05991,-0.00343
10.791,0.06279,-0.00341
10.792,0.06458,-0.00325
10.793,0.06517,-0.00294
10.794,0.06444,-0.00247
10.795,0.06247,-0.00186
10.796,0.05939,-0.00112
10.797,0.05536,-2.91E-04
10.798,0.05065,5.98E-04
10.799,0.04552,0.00149
10.8,0.04034,0.00232
10.801,0.03548,0.00306
10.802,0.03125,0.00366
10.803,0.02796,0.00408
10.804,0.02582,0.00429
10.805,0.02499,0.00428
10.806,0.02556,0.00407
10.807,0.02748,0.00367
10.808,0.03063,0.00311
10.809,0.03478,0.00245
10.81,0.03962,0.00174
10.811,0.04482,0.00102
10.812,0.05001,3.67E-04
10.813,0.05482,-1.80E-04
10.814,0.05889,-5.83E-04
10.815,0.06192,-8.12E-04
10.816,0.06368,-8.52E-04
10.817,0.06406,-7.01E-04
10.818,0.06303,-3.69E-04
10.819,0.06067,1.15E-04
10.82,0.05715,7.19E-04
10.821,0.05273,0.0014
10.822,0.04773,0.00213
10.823,0.04253,0.00285
10.824,0.03753,0.00352
10.825,0.03311,0.00412
10.826,0.02958,0.00461
10.827,0.02721,0.00497
10.828,0.0262,0.0052
10.829,0.02663,0.00529
10.83,0.02846,0.00525
10.831,0.03157,0.0051
10.832,0.03576,0.00487
10.833,0.04075,0.00456
10.834,0.04617,0.00421
10.835,0.05165,0.00386
10.836,0.05682,0.00353
10.837,0.06136,0.00325
10.838,0.06499,0.00301
10.839,0.0675,0.00285
10.84,0.06879,0.00275
10.841,0.06884,0.00273
10.842,0.06773,0.00275
10.843,0.06565,0.0028
10.844,0.06286,0.00284
10.845,0.05968,0.00284
10.846,0.05643,0.00278
10.847,0.05346,0.00261
10.848,0.05103,0.00231
10.849,0.04941,0.00186
10.85,0.04879,0.00125
10.851,0.04924,5.03E-04
10.852,0.05074,-3.77E-04
10.853,0.05315,-0.00135
10.854,0.05624,-0.00236
10.855,0.05973,-0.00337
10.856,0.06331,-0.00432
10.857,0.06661,-0.00513
10.858,0.06927,-0.00577
10.859,0.07095,-0.00617
10.86,0.07142,-0.00632
10.861,0.07052,-0.0062
10.862,0.0682,-0.00582
10.863,0.06451,-0.00519
10.864,0.05965,-0.00435
10.865,0.05388,-0.00337
10.866,0.04755,-0.00231
10.867,0.04109,-0.00124
10.868,0.03493,-2.05E-04
10.869,0.02954,7.27E-04
10.87,0.0253,0.00151
10.871,0.02253,0.00212
10.872,0.02143,0.00255
10.873,0.02212,0.0028
10.874,0.02458,0.0029
10.875,0.02863,0.0029
10.876,0.03398,0.00283
10.877,0.04027,0.00275
10.878,0.04703,0.00271
10.879,0.05376,0.00274
10.88,0.05994,0.00288
10.881,0.0651,0.00314
10.882,0.06886,0.00351
10.883,0.07092,0.00398
10.884,0.07109,0.00449
10.885,0.06935,0.00502
10.886,0.0658,0.00551
10.887,0.06067,0.00591
10.888,0.05432,0.00615
10.889,0.04724,0.0062
10.89,0.03993,0.00602
10.891,0.03294,0.00561
10.892,0.02675,0.00496
10.893,0.02182,0.0041
10.894,0.01854,0.00307
10.895,0.01716,0.00191
10.896,0.01778,6.97E-04
10.897,0.02035,-5.15E-04
10.898,0.02464,-0.00166
10.899,0.03035,-0.00266
10.9,0.03702,-0.00346
10.901,0.04415,-0.00403
10.902,0.05117,-0.00434
10.903,0.05746,-0.00438
10.904,0.06254,-0.00414
10.905,0.06593,-0.00367
10.906,0.06729,-0.00299
10.907,0.06643,-0.00217
10.908,0.06327,-0.00126
10.909,0.05795,-3.32E-04
10.91,0.05071,5.38E-04
10.911,0.04193,0.00129
10.912,0.0321,0.00185
10.913,0.0218,0.00219
10.914,0.01165,0.00228
10.915,0.00223,0.0021
10.916,-0.00592,0.00165
10.917,-0.01237,9.62E-04
10.918,-0.01674,8.33E-05
10.919,-0.01882,-9.25E-04
10.92,-0.01857,-0.00199
10.921,-0.01611,-0.00304
10.922,-0.01166,-0.00398
10.923,-0.00558,-0.00475
10.924,0.0017,-0.00528
10.925,0.00962,-0.00552
10.926,0.01765,-0.00544
10.927,0.02528,-0.00504
10.928,0.03202,-0.00434
10.929,0.03751,-0.00337
10.93,0.04143,-0.00221
10.931,0.04362,-9.22E-04
10.932,0.04403,3.95E-04
10.933,0.04273,0.00165
10.934,0.03996,0.00276
10.935,0.036,0.00363
10.936,0.0312,0.00422
10.937,0.02595,0.00448
10.938,0.02063,0.0044
10.939,0.01565,0.00399
10.94,0.01133,0.00328
10.941,0.00792,0.00234
10.942,0.00559,0.00122
10.943,0.00439,1.38E-05
10.944,0.00428,-0.00119
10.945,0.00517,-0.0023
10.946,0.00686,-0.00325
10.947,0.00912,-0.00397
10.948,0.01167,-0.00442
10.949,0.0142,-0.00458
10.95,0.01647,-0.00443
10.951,0.01824,-0.00401
10.952,0.01935,-0.00333
10.953,0.01971,-0.00246
10.954,0.0193,-0.00145
10.955,0.01814,-3.65E-04
10.956,0.01636,7.24E-04
10.957,0.01413,0.00176
10.958,0.01167,0.00268
10.959,0.00923,0.00344
10.96,0.00703,0.004
10.961,0.00526,0.00434
10.962,0.00411,0.00444
10.963,0.0037,0.00433
10.964,0.0041,0.00401
10.965,0.00528,0.00351
10.966,0.00717,0.00288
10.967,0.00964,0.00216
10.968,0.01252,0.00142
10.969,0.01556,7.00E-04
10.97,0.01856,7.35E-05
10.971,0.02128,-4.07E-04
10.972,0.02353,-6.93E-04
10.973,0.02515,-7.45E-04
10.974,0.02603,-5.39E-04
10.975,0.02611,-5.86E-05
10.976,0.02544,6.92E-04
10.977,0.02408,0.00169
10.978,0.02216,0.00288
10.979,0.01989,0.00421
10.98,0.01748,0.00561
10.981,0.01516,0.00701
10.982,0.01313,0.00831
10.983,0.01157,0.00943
10.984,0.01066,0.01029
10.985,0.01048,0.01082
10.986,0.01108,0.01099
10.987,0.01241,0.01077
10.988,0.01435,0.01015
10.989,0.01677,0.00915
10.99,0.01945,0.00783
10.991,0.02218,0.00624
10.992,0.02471,0.00448
10.993,0.0268,0.00263
10.994,0.02824,7.92E-04
10.995,0.02886,-9.41E-04
10.996,0.02857,-0.00248
10.997,0.02732,-0.00377
10.998,0.02515,-0.00473
10.999,0.02215,-0.00535
11,0.01848,-0.0056
11.001,0.01434,-0.0055
11.002,0.00998,-0.00508
11.003,0.00569,-0.00439
11.004,0.00173,-0.00347
11.005,-0.00165,-0.00242
11.006,-0.00426,-0.00129
11.007,-0.00591,-1.52E-04
11.008,-0.00649,9.19E-04
11.009,-0.00594,0.00188
11.01,-0.00428,0.00267
11.011,-0.00161,0.00326
11.012,0.00195,0.00363
11.013,0.00621,0.00378
11.014,0.01098,0.00371
11.015,0.01602,0.00344
11.016,0.0211,0.00301
11.017,0.02599,0.00244
11.018,0.03046,0.00178
11.019,0.03434,0.00108
11.02,0.0375,3.78E-04
11.021,0.03983,-2.82E-04
11.022,0.04126,-8.65E-04
11.023,0.04173,-0.00133
11.024,0.04125,-0.00168
11.025,0.03987,-0.00187
11.026,0.03766,-0.00193
11.027,0.0347,-0.00184
11.028,0.03109,-0.00162
11.029,0.02693,-0.00131
11.03,0.02236,-9.08E-04
11.031,0.01753,-4.58E-04
11.032,0.01258,1.93E-05
11.033,0.00768,5.01E-04
11.034,0.00294,9.67E-04
11.035,-0.00145,0.00141
11.036,-0.00535,0.00181
11.037,-0.00861,0.00218
11.038,-0.01107,0.00252
11.039,-0.01263,0.00284
11.04,-0.0132,0.00315
11.041,-0.01273,0.00345
11.042,-0.01119,0.00375
11.043,-0.00859,0.00405
11.044,-0.00499,0.00432
11.045,-5.41E-04,0.00457
11.046,0.00458,0.00476
11.047,0.01019,0.00488
11.048,0.01604,0.00489
11.049,0.02187,0.00477
11.05,0.02737,0.00451
11.051,0.03229,0.00411
11.052,0.03638,0.00356
11.053,0.03945,0.00288
11.054,0.04134,0.00211
11.055,0.04196,0.0013
11.056,0.04131,4.85E-04
11.057,0.03947,-2.63E-04
11.058,0.03659,-8.95E-04
11.059,0.03287,-0.00135
11.06,0.02861,-0.0016
11.061,0.02413,-0.00162
11.062,0.01977,-0.00139
11.063,0.01585,-9.43E-04
11.064,0.01266,-3.04E-04
11.065,0.01049,4.68E-04
11.066,0.00953,0.0013
11.067,0.00989,0.00213
11.068,0.01159,0.00287
11.069,0.01452,0.00346
11.07,0.01852,0.00382
11.071,0.02335,0.00392
11.072,0.0287,0.00375
11.073,0.03421,0.00329
11.074,0.0395,0.0026
11.075,0.04419,0.00171
11.076,0.04798,6.94E-04
11.077,0.05061,-3.66E-04
11.078,0.05188,-0.00139
11.079,0.0517,-0.00228
11.08,0.05009,-0.00298
11.081,0.04718,-0.00341
11.082,0.04316,-0.00355
11.083,0.0383,-0.00339
11.084,0.03298,-0.00293
11.085,0.02756,-0.00222
11.086,0.02242,-0.0013
11.087,0.0179,-2.63E-04
11.088,0.01432,8.14E-04
11.089,0.01189,0.00184
11.09,0.01077,0.00272
11.091,0.01099,0.00339
11.092,0.0125,0.00379
11.093,0.01514,0.00387
11.094,0.01867,0.00362
11.095,0.02279,0.00304
11.096,0.02715,0.00217
11.097,0.03141,0.00105
11.098,0.03524,-2.38E-04
11.099,0.03833,-0.00161
11.1,0.04044,-0.00297
11.101,0.04143,-0.00424
11.102,0.04122,-0.00533
11.103,0.03986,-0.00615
11.104,0.03746,-0.00665
11.105,0.03424,-0.00679
11.106,0.03046,-0.00657
11.107,0.0264,-0.00599
11.108,0.0224,-0.00508
11.109,0.01877,-0.00391
11.11,0.0158,-0.00255
11.111,0.0137,-0.00109
11.112,0.01262,3.77E-04
11.113,0.0126,0.00176
11.114,0.01364,0.00296
11.115,0.01561,0.00392
11.116,0.01832,0.00457
11.117,0.02154,0.00489
11.118,0.02496,0.00487
11.119,0.02827,0.00453
11.12,0.03119,0.00391
11.121,0.03345,0.00308
11.122,0.03485,0.00211
11.123,0.03524,0.00108
11.124,0.0346,8.11E-05
11.125,0.03295,-8.10E-04
11.126,0.03043,-0.00153
11.127,0.02723,-0.00203
11.128,0.02357,-0.00231
11.129,0.0198,-0.00235
11.13,0.01622,-0.00219
11.131,0.01311,-0.00186
11.132,0.01072,-0.00144
11.133,0.00919,-9.84E-04
11.134,0.00868,-5.73E-04
11.135,0.00919,-2.72E-04
11.136,0.01063,-1.34E-04
11.137,0.01284,-1.91E-04
11.138,0.01552,-4.49E-04
11.139,0.01839,-9.02E-04
11.14,0.02109,-0.00152
11.141,0.02327,-0.00225
11.142,0.02461,-0.00303
11.143,0.0248,-0.00377
11.144,0.02367,-0.00438
11.145,0.02111,-0.0048
11.146,0.01712,-0.00497
11.147,0.01182,-0.00484
11.148,0.00541,-0.00438
11.149,-0.00172,-0.00359
11.15,-0.00919,-0.0025
11.151,-0.01659,-0.00115
11.152,-0.02347,4.00E-04
11.153,-0.02942,0.00206
11.154,-0.034,0.00373
11.155,-0.03695,0.00534
11.156,-0.03811,0.0068
11.157,-0.03743,0.00804
11.158,-0.03504,0.00896
11.159,-0.03105,0.00954
11.16,-0.02585,0.00974
11.161,-0.01984,0.00956
11.162,-0.01352,0.00902
11.163,-0.00743,0.00813
11.164,-0.00203,0.00694
11.165,0.00218,0.00551
11.166,0.00483,0.00393
11.167,0.00561,0.00226
11.168,0.00435,5.92E-04
11.169,0.00105,-0.00101
11.17,-0.0042,-0.00247
11.171,-0.01116,-0.00373
11.172,-0.01949,-0.00472
11.173,-0.02872,-0.00541
11.174,-0.03837,-0.00579
11.175,-0.04794,-0.00584
11.176,-0.05695,-0.00558
11.177,-0.06492,-0.00504
11.178,-0.07138,-0.00423
11.179,-0.07608,-0.00323
11.18,-0.07888,-0.00208
11.181,-0.0797,-8.64E-04
11.182,-0.07856,3.76E-04
11.183,-0.07546,0.00158
11.184,-0.07072,0.00271
11.185,-0.06462,0.00372
11.186,-0.0575,0.00457
11.187,-0.04962,0.00527
11.188,-0.04121,0.00581
11.189,-0.0326,0.00621
11.19,-0.02402,0.0065
11.191,-0.01565,0.0067
11.192,-0.00755,0.00685
11.193,2.60E-04,0.00698
11.194,0.00775,0.0071
11.195,0.01495,0.00724
11.196,0.02192,0.00741
11.197,0.02872,0.00761
11.198,0.03536,0.00783
11.199,0.04177,0.00804
11.2,0.04794,0.00822
11.201,0.05381,0.00834
11.202,0.05922,0.00839
11.203,0.06399,0.00833
11.204,0.0678,0.00816
11.205,0.07056,0.00786
11.206,0.07211,0.00745
11.207,0.07232,0.00695
11.208,0.07111,0.00637
11.209,0.06836,0.00576
11.21,0.06426,0.00514
11.211,0.05902,0.00457
11.212,0.05289,0.00407
11.213,0.04623,0.00367
11.214,0.03936,0.00341
11.215,0.03278,0.00328
11.216,0.02691,0.0033
11.217,0.02217,0.00346
11.218,0.01888,0.00374
11.219,0.0173,0.00411
11.22,0.01755,0.00454
11.221,0.01968,0.00501
11.222,0.02357,0.00548
11.223,0.02899,0.00591
11.224,0.0356,0.00628
11.225,0.04294,0.00656
11.226,0.05054,0.00674
11.227,0.0579,0.00681
11.228,0.06451,0.00675
11.229,0.06994,0.00658
11.23,0.07381,0.0063
11.231,0.07588,0.00592
11.232,0.07602,0.00547
11.233,0.07428,0.00497
11.234,0.07079,0.00445
11.235,0.06585,0.00394
11.236,0.05985,0.00345
11.237,0.05324,0.00304
11.238,0.04654,0.00272
11.239,0.04027,0.00252
11.24,0.0349,0.00247
11.241,0.03084,0.00257
11.242,0.02839,0.00284
11.243,0.02775,0.00326
11.244,0.02895,0.00383
11.245,0.03193,0.00453
11.246,0.03648,0.00532
11.247,0.04228,0.00616
11.248,0.04892,0.00702
11.249,0.05591,0.00784
11.25,0.06278,0.00859
11.251,0.06908,0.00923
11.252,0.07439,0.00972
11.253,0.07836,0.01004
11.254,0.08074,0.01016
11.255,0.08139,0.0101
11.256,0.08031,0.00985
11.257,0.07763,0.00944
11.258,0.0736,0.00887
11.259,0.06847,0.00819
11.26,0.06263,0.00742
11.261,0.05644,0.00659
11.262,0.05036,0.00574
11.263,0.04485,0.00488
11.264,0.04018,0.00404
11.265,0.03663,0.00323
11.266,0.03438,0.00247
11.267,0.03357,0.00176
11.268,0.03433,0.00112
11.269,0.03656,5.54E-04
11.27,0.0402,6.55E-05
11.271,0.04511,-3.37E-04
11.272,0.05109,-6.42E-04
11.273,0.05789,-8.35E-04
11.274,0.0655,-8.95E-04
11.275,0.07382,-8.16E-04
11.276,0.08274,-5.91E-04
11.277,0.09203,-2.17E-04
11.278,0.10117,2.99E-04
11.279,0.11053,9.62E-04
11.28,0.12,0.00175
11.281,0.12945,0.00262
11.282,0.13841,0.00355
11.283,0.14581,0.00448
11.284,0.15191,0.00537
11.285,0.15616,0.00617
11.286,0.15796,0.00684
11.287,0.15637,0.00733
11.288,0.14985,0.00757
11.289,0.13826,0.00756
11.29,0.1208,0.00727
11.291,0.09687,0.00669
11.292,0.0658,0.00583
11.293,0.02687,0.00467
11.294,-0.01949,0.00326
11.295,-0.07309,0.00162
11.296,-0.13334,-2.02E-04
11.297,-0.19928,-0.00217
11.298,-0.26944,-0.00424
11.299,-0.34193,-0.00634
11.3,-0.41508,-0.00842
11.301,-0.48692,-0.01044
11.302,-0.55509,-0.01234
11.303,-0.61679,-0.01404
11.304,-0.6697,-0.0155
11.305,-0.71236,-0.01669
11.306,-0.74337,-0.01758
11.307,-0.76122,-0.01813
11.308,-0.76447,-0.01832
11.309,-0.75276,-0.01814
11.31,-0.72704,-0.01762
11.311,-0.68835,-0.01679
11.312,-0.63778,-0.01568
11.313,-0.57663,-0.01432
11.314,-0.50711,-0.01278
11.315,-0.43221,-0.01111
11.316,-0.35463,-0.0094
11.317,-0.27681,-0.00769
11.318,-0.20102,-0.00604
11.319,-0.1298,-0.00448
11.32,-0.06526,-0.00307
11.321,-0.00894,-0.00181
11.322,0.03808,-7.32E-04
11.323,0.07529,1.82E-04
11.324,0.10211,9.31E-04
11.325,0.11931,0.00154
11.326,0.1278,0.00203
11.327,0.12865,0.00242
11.328,0.12334,0.00273
11.329,0.11276,0.00296
11.33,0.09925,0.00314
11.331,0.08456,0.00327
11.332,0.07003,0.00334
11.333,0.05694,0.00335
11.334,0.04553,0.00328
11.335,0.03711,0.00312
11.336,0.03216,0.00289
11.337,0.03063,0.00258
11.338,0.03226,0.0022
11.339,0.03603,0.00177
11.34,0.04164,0.00131
11.341,0.04843,8.61E-04
11.342,0.05561,4.66E-04
11.343,0.06242,1.64E-04
11.344,0.068,-1.26E-05
11.345,0.07195,-2.87E-05
11.346,0.07402,1.41E-04
11.347,0.07413,5.08E-04
11.348,0.07237,0.00107
11.349,0.06903,0.00182
11.35,0.0645,0.00272
11.351,0.05929,0.00374
11.352,0.05398,0.00483
11.353,0.04914,0.00592
11.354,0.04533,0.00697
11.355,0.04294,0.00792
11.356,0.04221,0.00871
11.357,0.04324,0.00931
11.358,0.04597,0.00967
11.359,0.05022,0.00977
11.36,0.05563,0.00961
11.361,0.06176,0.00919
11.362,0.06807,0.00852
11.363,0.07401,0.00764
11.364,0.07905,0.00657
11.365,0.08276,0.00538
11.366,0.08483,0.00411
11.367,0.08504,0.00282
11.368,0.0833,0.00156
11.369,0.07973,3.96E-04
11.37,0.07457,-6.28E-04
11.371,0.06816,-0.00147
11.372,0.06095,-0.00208
11.373,0.05343,-0.00247
11.374,0.04614,-0.00259
11.375,0.03956,-0.00247
11.376,0.03409,-0.00213
11.377,0.03004,-0.00159
11.378,0.02764,-8.97E-04
11.379,0.02697,-1.04E-04
11.38,0.02795,7.24E-04
11.381,0.03041,0.00153
11.382,0.03405,0.00224
11.383,0.03853,0.00282
11.384,0.04342,0.00321
11.385,0.0483,0.00338
11.386,0.05278,0.00332
11.387,0.05652,0.00302
11.388,0.05922,0.00251
11.389,0.06077,0.0018
11.39,0.06108,9.58E-04
11.391,0.0602,2.32E-05
11.392,0.05827,-9.43E-04
11.393,0.05548,-0.00188
11.394,0.05219,-0.00273
11.395,0.04868,-0.00344
11.396,0.04528,-0.00398
11.397,0.04226,-0.00433
11.398,0.03983,-0.00447
11.399,0.03822,-0.00441
11.4,0.03749,-0.00416
11.401,0.03766,-0.00376
11.402,0.03861,-0.00322
11.403,0.04014,-0.00261
11.404,0.04203,-0.00194
11.405,0.04403,-0.00127
11.406,0.04584,-6.32E-04
11.407,0.04717,-5.29E-05
11.408,0.04776,4.40E-04
11.409,0.04742,8.34E-04
11.41,0.04603,0.00112
11.411,0.04354,0.00128
11.412,0.04,0.00133
11.413,0.03554,0.00127
11.414,0.03037,0.00112
11.415,0.02474,8.69E-04
11.416,0.01892,5.49E-04
11.417,0.01323,1.70E-04
11.418,0.00802,-2.55E-04
11.419,0.00358,-7.06E-04
11.42,1.27E-04,-0.00116
11.421,-0.00218,-0.00161
11.422,-0.00322,-0.00202
11.423,-0.00295,-0.00239
11.424,-0.00138,-0.00271
11.425,0.00135,-0.00296
11.426,0.00508,-0.00314
11.427,0.0096,-0.00325
11.428,0.01464,-0.00329
11.429,0.01998,-0.00328
11.43,0.02535,-0.00324
11.431,0.03051,-0.00317
11.432,0.03523,-0.00309
11.433,0.03929,-0.00304
11.434,0.04259,-0.00301
11.435,0.04501,-0.00302
11.436,0.0465,-0.00307
11.437,0.04702,-0.00317
11.438,0.04652,-0.0033
11.439,0.04511,-0.00345
11.44,0.04284,-0.00361
11.441,0.0398,-0.00376
11.442,0.03607,-0.00388
11.443,0.03173,-0.00394
11.444,0.02692,-0.00395
11.445,0.02178,-0.0039
11.446,0.01645,-0.00379
11.447,0.01105,-0.00363
11.448,0.00566,-0.00342
11.449,4.68E-04,-0.00319
11.45,-0.0044,-0.00297
11.451,-0.00884,-0.00276
11.452,-0.01276,-0.00257
11.453,-0.0161,-0.00241
11.454,-0.01874,-0.00229
11.455,-0.02069,-0.00219
11.456,-0.02195,-0.0021
11.457,-0.02257,-0.00199
11.458,-0.02265,-0.00183
11.459,-0.02221,-0.00161
11.46,-0.02143,-0.00129
11.461,-0.02048,-8.58E-04
11.462,-0.01951,-3.04E-04
11.463,-0.01874,3.68E-04
11.464,-0.01821,0.00115
11.465,-0.01812,0.00201
11.466,-0.01859,0.00293
11.467,-0.01969,0.00385
11.468,-0.02147,0.00473
11.469,-0.02385,0.00552
11.47,-0.02679,0.00618
11.471,-0.03022,0.00667
11.472,-0.03399,0.00696
11.473,-0.03799,0.00701
11.474,-0.04197,0.00683
11.475,-0.04578,0.00643
11.476,-0.04926,0.00582
11.477,-0.0523,0.00502
11.478,-0.05481,0.00407
11.479,-0.05665,0.00299
11.48,-0.05782,0.00184
11.481,-0.05834,6.61E-04
11.482,-0.05829,-5.23E-04
11.483,-0.0578,-0.00168
11.484,-0.05694,-0.00277
11.485,-0.05587,-0.00378
11.486,-0.05478,-0.00469
11.487,-0.05383,-0.00549
11.488,-0.05323,-0.00617
11.489,-0.05304,-0.00672
11.49,-0.05338,-0.00715
11.491,-0.05435,-0.00746
11.492,-0.05599,-0.00766
11.493,-0.05833,-0.00773
11.494,-0.06127,-0.00769
11.495,-0.06476,-0.00756
11.496,-0.06871,-0.00734
11.497,-0.07302,-0.00705
11.498,-0.07757,-0.00669
11.499,-0.08215,-0.00629
11.5,-0.08667,-0.00585
11.501,-0.09099,-0.00541
11.502,-0.09503,-0.00497
11.503,-0.09869,-0.00455
11.504,-0.10185,-0.00415
11.505,-0.1045,-0.0038
11.506,-0.10661,-0.0035
11.507,-0.10819,-0.00325
11.508,-0.10928,-0.00308
11.509,-0.10986,-0.00297
11.51,-0.11004,-0.00293
11.511,-0.10989,-0.00295
11.512,-0.1095,-0.00304
11.513,-0.10895,-0.00319
11.514,-0.10828,-0.00341
11.515,-0.10764,-0.00366
11.516,-0.10712,-0.00395
11.517,-0.10678,-0.00426
11.518,-0.10667,-0.00458
11.519,-0.10679,-0.00489
11.52,-0.10721,-0.00517
11.521,-0.10794,-0.00541
11.522,-0.10895,-0.00559
11.523,-0.11016,-0.0057
11.524,-0.11149,-0.00574
11.525,-0.11288,-0.00571
11.526,-0.11422,-0.00561
11.527,-0.11539,-0.00547
11.528,-0.11627,-0.0053
11.529,-0.11676,-0.00512
11.53,-0.11676,-0.00498
11.531,-0.11622,-0.00489
11.532,-0.11509,-0.00489
11.533,-0.11337,-0.00498
11.534,-0.11112,-0.00517
11.535,-0.10843,-0.00547
11.536,-0.10541,-0.00584
11.537,-0.10222,-0.00628
11.538,-0.09902,-0.00672
11.539,-0.09601,-0.00713
11.54,-0.09339,-0.00746
11.541,-0.09131,-0.00766
11.542,-0.08989,-0.00768
11.543,-0.0892,-0.0075
11.544,-0.08931,-0.00709
11.545,-0.09017,-0.00647
11.546,-0.09171,-0.00564
11.547,-0.09377,-0.00465
11.548,-0.09614,-0.00355
11.549,-0.09863,-0.00239
11.55,-0.10098,-0.00127
11.551,-0.10294,-2.33E-04
11.552,-0.10429,6.41E-04
11.553,-0.10481,0.00131
11.554,-0.10441,0.00171
11.555,-0.10303,0.00185
11.556,-0.10066,0.00171
11.557,-0.09738,0.00134
11.558,-0.09332,7.60E-04
11.559,-0.08874,3.48E-05
11.56,-0.08391,-7.65E-04
11.561,-0.07909,-0.00157
11.562,-0.07455,-0.0023
11.563,-0.07051,-0.0029
11.564,-0.06726,-0.00331
11.565,-0.06492,-0.00351
11.566,-0.06357,-0.00346
11.567,-0.06319,-0.00317
11.568,-0.06363,-0.00266
11.569,-0.06479,-0.00197
11.57,-0.06641,-0.00114
11.571,-0.06819,-2.19E-04
11.572,-0.06983,7.25E-04
11.573,-0.071,0.00164
11.574,-0.07147,0.00247
11.575,-0.071,0.00316
11.576,-0.06945,0.0037
11.577,-0.06673,0.00405
11.578,-0.06287,0.00422
11.579,-0.05807,0.0042
11.58,-0.05251,0.00401
11.581,-0.04648,0.00369
11.582,-0.04028,0.00327
11.583,-0.03425,0.00278
11.584,-0.02883,0.00227
11.585,-0.0243,0.00178
11.586,-0.02089,0.00135
11.587,-0.01877,0.001
11.588,-0.01796,7.70E-04
11.589,-0.01852,6.57E-04
11.59,-0.02029,6.72E-04
11.591,-0.02301,8.08E-04
11.592,-0.02639,0.00105
11.593,-0.02998,0.00136
11.594,-0.0335,0.00171
11.595,-0.03651,0.00205
11.596,-0.03867,0.00235
11.597,-0.03967,0.00257
11.598,-0.03923,0.00266
11.599,-0.03734,0.00261
11.6,-0.03396,0.0024
11.601,-0.02918,0.00202
11.602,-0.02319,0.00148
11.603,-0.0162,8.08E-04
11.604,-0.00866,4.85E-05
11.605,-8.89E-04,-7.54E-04
11.606,0.00675,-0.00154
11.607,0.01394,-0.00226
11.608,0.02039,-0.00285
11.609,0.02582,-0.00326
11.61,0.03014,-0.00344
11.611,0.03331,-0.00336
11.612,0.03538,-0.00303
11.613,0.03646,-0.00245
11.614,0.0367,-0.00164
11.615,0.03636,-6.58E-04
11.616,0.0357,4.48E-04
11.617,0.03496,0.00161
11.618,0.03432,0.00274
11.619,0.03389,0.00377
11.62,0.03381,0.00464
11.621,0.03412,0.00528
11.622,0.03475,0.00565
11.623,0.03562,0.00571
11.624,0.03649,0.00545
11.625,0.03723,0.00488
11.626,0.03767,0.00403
11.627,0.03763,0.00292
11.628,0.03702,0.00163
11.629,0.0357,2.04E-04
11.63,0.03371,-0.00128
11.631,0.03115,-0.00275
11.632,0.02816,-0.00414
11.633,0.02498,-0.00537
11.634,0.02185,-0.00638
11.635,0.01906,-0.00712
11.636,0.0169,-0.00756
11.637,0.01561,-0.00767
11.638,0.01539,-0.00744
11.639,0.01638,-0.00688
11.64,0.01857,-0.00601
11.641,0.0219,-0.00488
11.642,0.02619,-0.00354
11.643,0.0312,-0.00206
11.644,0.0366,-5.11E-04
11.645,0.042,0.00102
11.646,0.04703,0.00244
11.647,0.05132,0.00369
11.648,0.05457,0.00467
11.649,0.05653,0.00535
11.65,0.05707,0.00566
11.651,0.05617,0.00561
11.652,0.05392,0.00518
11.653,0.05052,0.0044
11.654,0.04626,0.0033
11.655,0.04154,0.00197
11.656,0.03675,4.79E-04
11.657,0.03231,-0.00109
11.658,0.0286,-0.00265
11.659,0.02594,-0.0041
11.66,0.02457,-0.00538
11.661,0.02462,-0.00641
11.662,0.02608,-0.00716
11.663,0.02885,-0.00758
11.664,0.03266,-0.00768
11.665,0.03721,-0.00747
11.666,0.04209,-0.007
11.667,0.0469,-0.00629
11.668,0.05122,-0.0054
11.669,0.05465,-0.00438
11.67,0.0569,-0.0033
11.671,0.05777,-0.00221
11.672,0.05718,-0.00115
11.673,0.05516,-1.43E-04
11.674,0.05189,7.84E-04
11.675,0.04764,0.00162
11.676,0.04276,0.00236
11.677,0.03765,0.003
11.678,0.03275,0.00355
11.679,0.02847,0.00402
11.68,0.02517,0.00441
11.681,0.02312,0.00471
11.682,0.02247,0.00493
11.683,0.02325,0.00504
11.684,0.02539,0.00504
11.685,0.02868,0.00492
11.686,0.03281,0.00468
11.687,0.03741,0.0043
11.688,0.04205,0.00379
11.689,0.04631,0.00315
11.69,0.04981,0.0024
11.691,0.05224,0.00159
11.692,0.05338,7.43E-04
11.693,0.05309,-9.95E-05
11.694,0.0514,-8.96E-04
11.695,0.04844,-0.0016
11.696,0.04445,-0.00217
11.697,0.03974,-0.00258
11.698,0.03467,-0.0028
11.699,0.02966,-0.00282
11.7,0.02507,-0.00266
11.701,0.02121,-0.00232
11.702,0.01834,-0.00184
11.703,0.01662,-0.00125
11.704,0.01608,-5.83E-04
11.705,0.01664,9.87E-05
11.706,0.01813,7.52E-04
11.707,0.0203,0.00134
11.708,0.02286,0.00182
11.709,0.02547,0.00218
11.71,0.02781,0.0024
11.711,0.0296,0.00247
11.712,0.03065,0.00241
11.713,0.03084,0.00224
11.714,0.03018,0.00199
11.715,0.02876,0.0017
11.716,0.02677,0.0014
11.717,0.02445,0.00114
11.718,0.0221,9.61E-04
11.719,0.02008,8.87E-04
11.72,0.01868,9.48E-04
11.721,0.01814,0.00115
11.722,0.01862,0.00151
11.723,0.02017,0.00199
11.724,0.02275,0.00257
11.725,0.0262,0.00322
11.726,0.03024,0.00388
11.727,0.03452,0.00451
11.728,0.03864,0.00505
11.729,0.04216,0.00544
11.73,0.0447,0.00564
11.731,0.04593,0.00563
11.732,0.0456,0.00538
11.733,0.04359,0.00491
11.734,0.03991,0.00422
11.735,0.03473,0.00336
11.736,0.02835,0.00239
11.737,0.02116,0.00137
11.738,0.01363,3.75E-04
11.739,0.00634,-5.09E-04
11.74,-2.14E-04,-0.00122
11.741,-0.00554,-0.00169
11.742,-0.00924,-0.00189
11.743,-0.01104,-0.0018
11.744,-0.01077,-0.00141
11.745,-0.00848,-7.59E-04
11.746,-0.00435,1.01E-04
11.747,0.0013,0.00111
11.748,0.00803,0.00218
11.749,0.01532,0.00323
11.75,0.02256,0.00417
11.751,0.02919,0.00493
11.752,0.0347,0.00545
11.753,0.03868,0.00569
11.754,0.0408,0.00566
11.755,0.04092,0.00535
11.756,0.03904,0.00482
11.757,0.03534,0.00413
11.758,0.03014,0.00334
11.759,0.02387,0.00254
11.76,0.01707,0.00182
11.761,0.01026,0.00126
11.762,0.00401,9.03E-04
11.763,-0.00117,8.02E-04
11.764,-0.00488,9.69E-04
11.765,-0.00683,0.0014
11.766,-0.00687,0.00205
11.767,-0.00502,0.00288
11.768,-0.0014,0.00382
11.769,0.00365,0.00478
11.77,0.00976,0.00568
11.771,0.01645,0.00646
11.772,0.02325,0.00704
11.773,0.02967,0.00738
11.774,0.03524,0.00746
11.775,0.03961,0.00726
11.776,0.04255,0.00681
11.777,0.04394,0.00613
11.778,0.0438,0.00528
11.779,0.04227,0.00432
11.78,0.0396,0.00331
11.781,0.03613,0.00232
11.782,0.03225,0.00141
11.783,0.02836,6.31E-04
11.784,0.02486,1.67E-05
11.785,0.02208,-4.08E-04
11.786,0.0203,-6.38E-04
11.787,0.01965,-6.83E-04
11.788,0.02021,-5.67E-04
11.789,0.0219,-3.19E-04
11.79,0.02458,2.01E-05
11.791,0.02803,4.06E-04
11.792,0.03194,7.94E-04
11.793,0.03597,0.00114
11.794,0.03979,0.00141
11.795,0.04311,0.00158
11.796,0.04571,0.00162
11.797,0.04738,0.00153
11.798,0.04801,0.00131
11.799,0.0476,9.74E-04
11.8,0.04623,5.36E-04
11.801,0.04404,2.19E-05
11.802,0.04123,-5.36E-04
11.803,0.03798,-0.0011
11.804,0.03458,-0.00164
11.805,0.03121,-0.00213
11.806,0.02809,-0.00254
11.807,0.02532,-0.00286
11.808,0.023,-0.00306
11.809,0.02116,-0.00314
11.81,0.01974,-0.00312
11.811,0.01866,-0.00299
11.812,0.0178,-0.00279
11.813,0.01704,-0.0025
11.814,0.01624,-0.00217
11.815,0.01529,-0.00181
11.816,0.0141,-0.00143
11.817,0.01264,-0.00104
11.818,0.01097,-6.33E-04
11.819,0.00916,-2.12E-04
11.82,0.00731,2.33E-04
11.821,0.00558,7.17E-04
11.822,0.00416,0.00126
11.823,0.00323,0.00187
11.824,0.00298,0.00256
11.825,0.00353,0.00334
11.826,0.00492,0.0042
11.827,0.0072,0.00512
11.828,0.01029,0.00608
11.829,0.01411,0.00704
11.83,0.01843,0.00796
11.831,0.02303,0.00879
11.832,0.02764,0.00949
11.833,0.03197,0.01
11.834,0.03571,0.01029
11.835,0.03864,0.01035
11.836,0.04055,0.01016
11.837,0.0413,0.00973
11.838,0.04085,0.00908
11.839,0.03919,0.00824
11.84,0.03645,0.00729
11.841,0.03281,0.00626
11.842,0.02854,0.00523
11.843,0.02392,0.00425
11.844,0.01928,0.00336
11.845,0.01495,0.00261
11.846,0.01124,0.00202
11.847,0.00841,0.00159
11.848,0.00668,0.00133
11.849,0.00615,0.00119
11.85,0.0069,0.00115
11.851,0.00887,0.00117
11.852,0.01195,0.00119
11.853,0.01595,0.00117
11.854,0.0206,0.00109
11.855,0.02559,9.06E-04
11.856,0.03064,6.12E-04
11.857,0.03542,2.08E-04
11.858,0.03964,-2.87E-04
11.859,0.04303,-8.34E-04
11.86,0.0454,-0.0014
11.861,0.04663,-0.00195
11.862,0.04667,-0.00243
11.863,0.04556,-0.00281
11.864,0.04339,-0.00303
11.865,0.04033,-0.00309
11.866,0.0366,-0.00296
11.867,0.03246,-0.00266
11.868,0.02824,-0.0022
11.869,0.02419,-0.0016
11.87,0.0206,-9.14E-04
11.871,0.01773,-1.77E-04
11.872,0.01577,5.57E-04
11.873,0.01489,0.00123
11.874,0.01516,0.00181
11.875,0.01662,0.00224
11.876,0.01921,0.0025
11.877,0.02283,0.00255
11.878,0.02731,0.0024
11.879,0.03244,0.00204
11.88,0.03796,0.00148
11.881,0.04362,7.53E-04
11.882,0.04915,-1.10E-04
11.883,0.05424,-0.00106
11.884,0.05867,-0.00206
11.885,0.06222,-0.00306
11.886,0.06472,-0.004
11.887,0.06606,-0.00483
11.888,0.06614,-0.00552
11.889,0.06497,-0.00602
11.89,0.06263,-0.00631
11.891,0.05923,-0.00639
11.892,0.05493,-0.00625
11.893,0.04991,-0.0059
11.894,0.04442,-0.00536
11.895,0.03874,-0.00467
11.896,0.03311,-0.00387
11.897,0.02778,-0.00301
11.898,0.02296,-0.00213
11.899,0.01886,-0.00128
11.9,0.0156,-5.07E-04
11.901,0.01329,1.67E-04
11.902,0.01196,7.13E-04
11.903,0.01159,0.00112
11.904,0.01213,0.00138
11.905,0.01341,0.00151
11.906,0.01529,0.00153
11.907,0.0176,0.00145
11.908,0.02014,0.00131
11.909,0.02274,0.00112
11.91,0.02518,9.08E-04
11.911,0.02732,6.95E-04
11.912,0.02903,4.90E-04
11.913,0.03028,2.95E-04
11.914,0.03105,1.01E-04
11.915,0.03133,-9.71E-05
11.916,0.03118,-3.10E-04
11.917,0.0307,-5.50E-04
11.918,0.03004,-8.21E-04
11.919,0.02934,-0.00114
11.92,0.02872,-0.00149
11.921,0.02832,-0.00186
11.922,0.02823,-0.00223
11.923,0.02857,-0.00259
11.924,0.02934,-0.00288
11.925,0.03056,-0.00309
11.926,0.03221,-0.00318
11.927,0.03421,-0.00313
11.928,0.03647,-0.00291
11.929,0.03883,-0.00252
11.93,0.0412,-0.00196
11.931,0.04346,-0.00126
11.932,0.04547,-4.46E-04
11.933,0.04714,4.35E-04
11.934,0.04837,0.00134
11.935,0.04913,0.0022
11.936,0.04943,0.00297
11.937,0.04928,0.00361
11.938,0.04869,0.00405
11.939,0.04775,0.00427
11.94,0.04655,0.00424
11.941,0.04519,0.00396
11.942,0.04374,0.00344
11.943,0.04226,0.00269
11.944,0.04085,0.00175
11.945,0.03954,6.59E-04
11.946,0.03838,-5.34E-04
11.947,0.03736,-0.00177
11.948,0.03644,-0.00299
11.949,0.0356,-0.00415
11.95,0.03481,-0.00517
11.951,0.034,-0.00602
11.952,0.03312,-0.00665
11.953,0.03211,-0.00703
11.954,0.03094,-0.00712
11.955,0.02957,-0.00692
11.956,0.028,-0.00642
11.957,0.02624,-0.00564
11.958,0.0243,-0.0046
11.959,0.02226,-0.00334
11.96,0.02015,-0.00191
11.961,0.01805,-3.77E-04
11.962,0.01602,0.00119
11.963,0.01414,0.00271
11.964,0.01252,0.00411
11.965,0.01118,0.00531
11.966,0.01018,0.00624
11.967,0.00954,0.00685
11.968,0.00926,0.0071
11.969,0.00939,0.00695
11.97,0.00988,0.00642
11.971,0.01068,0.00554
11.972,0.01174,0.00433
11.973,0.01294,0.00286
11.974,0.01428,0.00121
11.975,0.01565,-5.28E-04
11.976,0.01698,-0.00226
11.977,0.01816,-0.0039
11.978,0.01908,-0.00536
11.979,0.01972,-0.00656
11.98,0.02002,-0.00746
11.981,0.01994,-0.00802
11.982,0.01942,-0.00823
11.983,0.01837,-0.00808
11.984,0.01685,-0.00762
11.985,0.01485,-0.0069
11.986,0.01238,-0.00596
11.987,0.00945,-0.00489
11.988,0.00604,-0.00376
11.989,0.00225,-0.00262
11.99,-0.00191,-0.00157
11.991,-0.00638,-6.48E-04
11.992,-0.0111,9.39E-05
11.993,-0.01601,6.32E-04
11.994,-0.02101,9.54E-04
11.995,-0.02607,0.00106
11.996,-0.0311,9.61E-04
11.997,-0.036,6.92E-04
11.998,-0.04063,2.97E-04
11.999,-0.0449,-1.76E-04
12,-0.04874,-6.72E-04
12.001,-0.05208,-0.00114
12.002,-0.05478,-0.00153
12.003,-0.05667,-0.00179
12.004,-0.05767,-0.00189
12.005,-0.05773,-0.00182
12.006,-0.05681,-0.00155
12.007,-0.05484,-0.00109
12.008,-0.05171,-4.62E-04
12.009,-0.04744,2.91E-04
12.01,-0.04213,0.00113
12.011,-0.03585,0.00201
12.012,-0.02869,0.00286
12.013,-0.02076,0.00363
12.014,-0.0123,0.00426
12.015,-0.00355,0.0047
12.016,0.00525,0.00493
12.017,0.01386,0.00494
12.018,0.02203,0.00471
12.019,0.02943,0.00427
12.02,0.03586,0.00367
12.021,0.04115,0.00295
12.022,0.04515,0.00218
12.023,0.04784,0.00141
12.024,0.04908,7.18E-04
12.025,0.04904,1.66E-04
12.026,0.04788,-1.99E-04
12.027,0.04581,-3.51E-04
12.028,0.0431,-2.84E-04
12.029,0.03996,-7.61E-06
12.03,0.03681,4.44E-04
12.031,0.03398,0.00102
12.032,0.03176,0.00166
12.033,0.03043,0.00228
12.034,0.03007,0.00282
12.035,0.03086,0.00319
12.036,0.03282,0.00335
12.037,0.03589,0.00325
12.038,0.03991,0.00288
12.039,0.04459,0.00225
12.04,0.04965,0.00137
12.041,0.05478,3.03E-04
12.042,0.05966,-8.86E-04
12.043,0.06397,-0.00211
12.044,0.0674,-0.00328
12.045,0.06976,-0.00432
12.046,0.07095,-0.00514
12.047,0.07093,-0.00569
12.048,0.06977,-0.00592
12.049,0.06765,-0.00579
12.05,0.06482,-0.00531
12.051,0.0616,-0.0045
12.052,0.0583,-0.00341
12.053,0.05526,-0.0021
12.054,0.05279,-6.40E-04
12.055,0.05116,8.74E-04
12.056,0.05056,0.00236
12.057,0.05104,0.00373
12.058,0.05258,0.0049
12.059,0.05503,0.0058
12.06,0.05816,0.00638
12.061,0.06166,0.00661
12.062,0.06519,0.00647
12.063,0.06836,0.00596
12.064,0.07077,0.00511
12.065,0.07212,0.00396
12.066,0.07215,0.00257
12.067,0.07074,0.00101
12.068,0.06786,-6.31E-04
12.069,0.06363,-0.00227
12.07,0.05827,-0.00381
12.071,0.05212,-0.00518
12.072,0.0456,-0.0063
12.073,0.0392,-0.0071
12.074,0.03343,-0.00754
12.075,0.02875,-0.00759
12.076,0.02555,-0.00727
12.077,0.02414,-0.00657
12.078,0.02476,-0.00554
12.079,0.02741,-0.00424
12.08,0.03193,-0.00276
12.081,0.03806,-0.00118
12.082,0.04544,4.18E-04
12.083,0.05366,0.00193
12.084,0.06206,0.00328
12.085,0.07005,0.00439
12.086,0.07709,0.0052
12.087,0.08274,0.00568
12.088,0.08672,0.00583
12.089,0.08876,0.00566
12.09,0.08888,0.00521
12.091,0.08724,0.00453
12.092,0.08413,0.00369
12.093,0.08,0.00278
12.094,0.0756,0.00187
12.095,0.0717,0.00106
12.096,0.06902,4.13E-04
12.097,0.06811,-4.99E-06
12.098,0.06918,-1.64E-04
12.099,0.07306,-3.45E-05
12.1,0.08,3.91E-04
12.101,0.08997,0.0011
12.102,0.10245,0.00204
12.103,0.1161,0.00313
12.104,0.1307,0.00433
12.105,0.14508,0.00555
12.106,0.15802,0.00672
12.107,0.16787,0.00773
12.108,0.17239,0.00849
12.109,0.17081,0.00893
12.11,0.16178,0.00901
12.111,0.14431,0.00867
12.112,0.11752,0.00788
12.113,0.08059,0.00662
12.114,0.03405,0.00492
12.115,-0.02168,0.00281
12.116,-0.08565,3.58E-04
12.117,-0.15647,-0.00238
12.118,-0.23225,-0.0053
12.119,-0.31056,-0.0083
12.12,-0.38924,-0.01127
12.121,-0.46595,-0.01411
12.122,-0.53802,-0.01671
12.123,-0.60248,-0.01897
12.124,-0.65695,-0.02079
12.125,-0.69996,-0.02214
12.126,-0.73021,-0.02298
12.127,-0.74646,-0.02329
12.128,-0.74758,-0.02307
12.129,-0.73355,-0.02237
12.13,-0.70564,-0.02125
12.131,-0.66519,-0.0198
12.132,-0.61355,-0.0181
12.133,-0.55229,-0.01623
12.134,-0.48369,-0.01427
12.135,-0.41079,-0.01233
12.136,-0.33624,-0.01048
12.137,-0.26234,-0.00877
12.138,-0.19121,-0.00722
12.139,-0.12504,-0.00586
12.14,-0.06568,-0.00469
12.141,-0.01442,-0.00369
12.142,0.02794,-0.00284
12.143,0.06111,-0.00212
12.144,0.08475,-0.00148
12.145,0.0997,-9.08E-04
12.146,0.10691,-3.70E-04
12.147,0.1074,1.43E-04
12.148,0.10254,6.34E-04
12.149,0.09306,0.00108
12.15,0.08106,0.00148
12.151,0.06803,0.00182
12.152,0.05508,0.00209
12.153,0.04326,0.00225
12.154,0.03262,0.00227
12.155,0.02429,0.00218
12.156,0.01866,0.00197
12.157,0.0157,0.00166
12.158,0.01526,0.00127
12.159,0.01646,8.08E-04
12.16,0.01917,3.26E-04
12.161,0.023,-1.43E-04
12.162,0.02745,-5.68E-04
12.163,0.03207,-9.32E-04
12.164,0.03629,-0.00122
12.165,0.03991,-0.00142
12.166,0.04286,-0.00155
12.167,0.04514,-0.00161
12.168,0.04687,-0.00163
12.169,0.04827,-0.00164
12.17,0.04954,-0.00168
12.171,0.05094,-0.00177
12.172,0.05276,-0.00194
12.173,0.0552,-0.00221
12.174,0.05845,-0.00259
12.175,0.06252,-0.00307
12.176,0.06735,-0.00364
12.177,0.07278,-0.00427
12.178,0.07851,-0.00491
12.179,0.08423,-0.00553
12.18,0.08961,-0.00607
12.181,0.0943,-0.00648
12.182,0.09792,-0.00672
12.183,0.10014,-0.00675
12.184,0.10071,-0.00653
12.185,0.09959,-0.00605
12.186,0.0968,-0.00531
12.187,0.09242,-0.00434
12.188,0.08664,-0.00316
12.189,0.07978,-0.00184
12.19,0.07224,-4.30E-04
12.191,0.06446,9.86E-04
12.192,0.05682,0.00233
12.193,0.04972,0.0035
12.194,0.04351,0.00441
12.195,0.03846,0.00501
12.196,0.03475,0.00522
12.197,0.03242,0.00502
12.198,0.03144,0.00438
12.199,0.03171,0.0033
12.2,0.03298,0.00184
12.201,0.03498,4.75E-05
12.202,0.0374,-0.00199
12.203,0.03993,-0.00416
12.204,0.04231,-0.00635
12.205,0.04423,-0.00843
12.206,0.0455,-0.01029
12.207,0.04599,-0.01182
12.208,0.04566,-0.0129
12.209,0.04459,-0.01349
12.21,0.04286,-0.01353
12.211,0.04062,-0.01304
12.212,0.03808,-0.01203
12.213,0.03544,-0.01056
12.214,0.03301,-0.00871
12.215,0.03096,-0.0066
12.216,0.02944,-0.00435
12.217,0.02858,-0.00208
12.218,0.02839,8.92E-05
12.219,0.02892,0.00205
12.22,0.03006,0.0037
12.221,0.0317,0.00498
12.222,0.03364,0.00585
12.223,0.03565,0.00631
12.224,0.03755,0.00637
12.225,0.03911,0.00608
12.226,0.04016,0.00549
12.227,0.04053,0.00469
12.228,0.04013,0.00376
12.229,0.03893,0.00278
12.23,0.03694,0.00183
12.231,0.03425,9.96E-04
12.232,0.03099,3.18E-04
12.233,0.02731,-1.57E-04
12.234,0.02347,-4.21E-04
12.235,0.01967,-4.54E-04
12.236,0.01613,-2.64E-04
12.237,0.01302,1.26E-04
12.238,0.01051,6.83E-04
12.239,0.00876,0.00136
12.24,0.00783,0.00212
12.241,0.00773,0.00291
12.242,0.00842,0.00371
12.243,0.00977,0.00446
12.244,0.01168,0.00512
12.245,0.01394,0.00566
12.246,0.01635,0.00607
12.247,0.0187,0.00631
12.248,0.02073,0.00639
12.249,0.02229,0.00629
12.25,0.02319,0.00603
12.251,0.0233,0.00561
12.252,0.02254,0.00506
12.253,0.02088,0.0044
12.254,0.0184,0.00366
12.255,0.01518,0.0029
12.256,0.01135,0.00214
12.257,0.00711,0.00143
12.258,0.00266,7.93E-04
12.259,-0.00173,2.67E-04
12.26,-0.00581,-1.27E-04
12.261,-0.00939,-3.76E-04
12.262,-0.01226,-4.78E-04
12.263,-0.01431,-4.40E-04
12.264,-0.01539,-2.80E-04
12.265,-0.01547,-2.65E-05
12.266,-0.0146,2.89E-04
12.267,-0.01288,6.34E-04
12.268,-0.01051,9.75E-04
12.269,-0.00763,0.00128
12.27,-0.00451,0.00153
12.271,-0.00141,0.0017
12.272,0.00138,0.00178
12.273,0.00357,0.00177
12.274,0.005,0.0017
12.275,0.00549,0.00157
12.276,0.00492,0.00141
12.277,0.00324,0.00123
12.278,4.23E-04,0.00107
12.279,-0.00335,9.54E-04
12.28,-0.00793,8.92E-04
12.281,-0.01312,8.96E-04
12.282,-0.0187,9.72E-04
12.283,-0.02445,0.00112
12.284,-0.03006,0.00132
12.285,-0.03531,0.00157
12.286,-0.04004,0.00186
12.287,-0.04411,0.00216
12.288,-0.04749,0.00246
12.289,-0.05011,0.00273
12.29,-0.05204,0.00296
12.291,-0.05341,0.00315
12.292,-0.05436,0.00328
12.293,-0.05507,0.00333
12.294,-0.05565,0.00332
12.295,-0.0563,0.00324
12.296,-0.05716,0.0031
12.297,-0.05832,0.00288
12.298,-0.05984,0.00259
12.299,-0.06161,0.00224
12.3,-0.0636,0.00184
12.301,-0.06572,0.00139
12.302,-0.0678,8.91E-04
12.303,-0.06973,3.62E-04
12.304,-0.07123,-1.86E-04
12.305,-0.07219,-7.37E-04
12.306,-0.07252,-0.00128
12.307,-0.07219,-0.0018
12.308,-0.07124,-0.00227
12.309,-0.06967,-0.00269
12.31,-0.06766,-0.00304
12.311,-0.06542,-0.00332
12.312,-0.06322,-0.00352
12.313,-0.06138,-0.00365
12.314,-0.06013,-0.00369
12.315,-0.05975,-0.00366
12.316,-0.06048,-0.00356
12.317,-0.06248,-0.00342
12.318,-0.06586,-0.00323
12.319,-0.07057,-0.00301
12.32,-0.07653,-0.00276
12.321,-0.08354,-0.0025
12.322,-0.09133,-0.00223
12.323,-0.09956,-0.00196
12.324,-0.10782,-0.00169
12.325,-0.11571,-0.00143
12.326,-0.12287,-0.0012
12.327,-0.12895,-9.99E-04
12.328,-0.13364,-8.41E-04
12.329,-0.1367,-7.34E-04
12.33,-0.13808,-6.92E-04
12.331,-0.13778,-7.23E-04
12.332,-0.13589,-8.34E-04
12.333,-0.13262,-0.00103
12.334,-0.1282,-0.0013
12.335,-0.12304,-0.00165
12.336,-0.11751,-0.00205
12.337,-0.11198,-0.00248
12.338,-0.10682,-0.00292
12.339,-0.10232,-0.00333
12.34,-0.09878,-0.00369
12.341,-0.09635,-0.00397
12.342,-0.09513,-0.00414
12.343,-0.09509,-0.0042
12.344,-0.0961,-0.00413
12.345,-0.09799,-0.00395
12.346,-0.10053,-0.00366
12.347,-0.10345,-0.0033
12.348,-0.10645,-0.00289
12.349,-0.10924,-0.00245
12.35,-0.11155,-0.00204
12.351,-0.11319,-0.00169
12.352,-0.11403,-0.0014
12.353,-0.114,-0.00121
12.354,-0.11314,-0.00112
12.355,-0.11152,-0.00111
12.356,-0.10928,-0.00118
12.357,-0.10662,-0.0013
12.358,-0.10377,-0.00143
12.359,-0.10099,-0.00155
12.36,-0.09852,-0.00162
12.361,-0.09653,-0.00161
12.362,-0.09518,-0.0015
12.363,-0.09458,-0.00129
12.364,-0.09478,-9.90E-04
12.365,-0.09575,-6.02E-04
12.366,-0.0974,-1.55E-04
12.367,-0.09958,3.17E-04
12.368,-0.1021,7.68E-04
12.369,-0.10476,0.00116
12.37,-0.10734,0.00146
12.371,-0.10964,0.00163
12.372,-0.11145,0.00165
12.373,-0.11261,0.0015
12.374,-0.11302,0.00118
12.375,-0.11263,7.03E-04
12.376,-0.11145,8.62E-05
12.377,-0.10952,-6.43E-04
12.378,-0.1069,-0.00145
12.379,-0.10377,-0.0023
12.38,-0.10031,-0.00315
12.381,-0.09667,-0.00398
12.382,-0.09303,-0.00474
12.383,-0.08953,-0.0054
12.384,-0.08635,-0.00594
12.385,-0.08361,-0.00636
12.386,-0.08138,-0.00664
12.387,-0.07968,-0.00678
12.388,-0.07848,-0.00677
12.389,-0.07778,-0.00662
12.39,-0.0775,-0.00634
12.391,-0.07753,-0.00595
12.392,-0.07775,-0.00546
12.393,-0.07798,-0.00487
12.394,-0.07817,-0.00421
12.395,-0.07817,-0.0035
12.396,-0.07787,-0.00275
12.397,-0.07718,-0.00198
12.398,-0.076,-0.00121
12.399,-0.07439,-4.51E-04
12.4,-0.07232,2.75E-04
12.401,-0.06981,9.58E-04
12.402,-0.0669,0.00159
12.403,-0.06362,0.00215
12.404,-0.06015,0.00264
12.405,-0.05656,0.00306
12.406,-0.05295,0.0034
12.407,-0.04939,0.00366
12.408,-0.04589,0.00384
12.409,-0.04265,0.00392
12.41,-0.03967,0.00391
12.411,-0.03696,0.00381
12.412,-0.03451,0.00362
12.413,-0.03223,0.00332
12.414,-0.03019,0.00291
12.415,-0.02827,0.00239
12.416,-0.02641,0.00178
12.417,-0.02449,0.00109
12.418,-0.02239,3.33E-04
12.419,-0.02015,-4.59E-04
12.42,-0.01764,-0.00125
12.421,-0.01481,-0.002
12.422,-0.01163,-0.00267
12.423,-0.00807,-0.00321
12.424,-0.00426,-0.00359
12.425,-1.88E-04,-0.00376
12.426,0.00407,-0.00372
12.427,0.00844,-0.00344
12.428,0.01284,-0.00293
12.429,0.01704,-0.0022
12.43,0.02102,-0.0013
12.431,0.02467,-2.70E-04
12.432,0.02792,8.38E-04
12.433,0.0307,0.00196
12.434,0.0329,0.00304
12.435,0.03455,0.00402
12.436,0.03569,0.00485
12.437,0.03634,0.00548
12.438,0.03659,0.0059
12.439,0.03643,0.00609
12.44,0.03602,0.00607
12.441,0.03548,0.00587
12.442,0.03489,0.00551
12.443,0.03435,0.00503
12.444,0.03388,0.00449
12.445,0.03357,0.00393
12.446,0.03348,0.00341
12.447,0.03361,0.00296
12.448,0.03396,0.0026
12.449,0.03444,0.00234
12.45,0.03503,0.0022
12.451,0.03567,0.00216
12.452,0.03631,0.00222
12.453,0.03689,0.00234
12.454,0.03732,0.00249
12.455,0.03757,0.00263
12.456,0.03763,0.00275
12.457,0.03749,0.00281
12.458,0.03721,0.00278
12.459,0.03679,0.00266
12.46,0.03633,0.00244
12.461,0.03589,0.00212
12.462,0.03557,0.0017
12.463,0.03546,0.00122
12.464,0.03563,7.03E-04
12.465,0.03614,1.69E-04
12.466,0.03705,-3.48E-04
12.467,0.03836,-8.13E-04
12.468,0.04004,-0.00119
12.469,0.04205,-0.00145
12.47,0.04433,-0.00158
12.471,0.04676,-0.00155
12.472,0.04923,-0.00136
12.473,0.0516,-0.00102
12.474,0.05372,-5.34E-04
12.475,0.0555,6.67E-05
12.476,0.05682,7.49E-04
12.477,0.05761,0.00148
12.478,0.05779,0.00221
12.479,0.05734,0.00289
12.48,0.0563,0.00348
12.481,0.05471,0.00395
12.482,0.05264,0.00426
12.483,0.05019,0.00441
12.484,0.04747,0.00439
12.485,0.04461,0.00421
12.486,0.04174,0.00391
12.487,0.03896,0.00353
12.488,0.03637,0.00312
12.489,0.03406,0.00273
12.49,0.03208,0.00242
12.491,0.03047,0.00225
12.492,0.02924,0.00224
12.493,0.02838,0.00243
12.494,0.02789,0.00282
12.495,0.02772,0.00339
12.496,0.02784,0.00412
12.497,0.0282,0.00496
12.498,0.02876,0.00583
12.499,0.02951,0.00668
12.5,0.03039,0.00741
12.501,0.03135,0.00798
12.502,0.03239,0.00832
12.503,0.03345,0.00837
12.504,0.03452,0.00813
12.505,0.03555,0.00759
12.506,0.03647,0.00677
12.507,0.03725,0.00572
12.508,0.03785,0.0045
12.509,0.03823,0.00318
12.51,0.03832,0.00184
12.511,0.0381,5.69E-04
12.512,0.03755,-5.70E-04
12.513,0.0367,-0.00151
12.514,0.03558,-0.00221
12.515,0.03424,-0.00263
12.516,0.03277,-0.00279
12.517,0.03129,-0.00268
12.518,0.02992,-0.00235
12.519,0.0288,-0.00183
12.52,0.02807,-0.00118
12.521,0.02787,-4.78E-04
12.522,0.02829,2.32E-04
12.523,0.02937,8.97E-04
12.524,0.03116,0.00147
12.525,0.03363,0.00191
12.526,0.03669,0.00219
12.527,0.04021,0.00232
12.528,0.04396,0.0023
12.529,0.04776,0.00216
12.53,0.05134,0.00192
12.531,0.05445,0.00161
12.532,0.05686,0.00129
12.533,0.05831,9.92E-04
12.534,0.05864,7.61E-04
12.535,0.05774,6.34E-04
12.536,0.0556,6.40E-04
12.537,0.05222,7.96E-04
12.538,0.04773,0.00111
12.539,0.04232,0.00159
12.54,0.03625,0.00222
12.541,0.02984,0.00298
12.542,0.0234,0.00384
12.543,0.01727,0.00475
12.544,0.01179,0.00566
12.545,0.00722,0.00654
12.546,0.00379,0.00733
12.547,0.00163,0.00799
12.548,8.51E-04,0.00846
12.549,0.00141,0.00872
12.55,0.00318,0.00874
12.551,0.00596,0.00851
12.552,0.00953,0.00803
12.553,0.01364,0.00731
12.554,0.01797,0.00637
12.555,0.02221,0.00526
12.556,0.02608,0.00403
12.557,0.0294,0.00271
12.558,0.03201,0.00136
12.559,0.03385,4.13E-05
12.56,0.0349,-0.00121
12.561,0.03524,-0.00235
12.562,0.03499,-0.00334
12.563,0.03436,-0.00416
12.564,0.03356,-0.0048
12.565,0.03281,-0.00524
12.566,0.03233,-0.00549
12.567,0.03228,-0.00556
12.568,0.03277,-0.00546
12.569,0.03386,-0.00519
12.57,0.03555,-0.00478
12.571,0.03777,-0.00425
12.572,0.04036,-0.00361
12.573,0.04314,-0.00288
12.574,0.04584,-0.00206
12.575,0.04827,-0.00119
12.576,0.05021,-2.82E-04
12.577,0.05147,6.42E-04
12.578,0.05189,0.00155
12.579,0.05137,0.00243
12.58,0.04992,0.00325
12.581,0.04761,0.00396
12.582,0.04455,0.00456
12.583,0.04093,0.005
12.584,0.03698,0.00528
12.585,0.03293,0.00538
12.586,0.02903,0.00532
12.587,0.02552,0.00508
12.588,0.0226,0.00469
12.589,0.02041,0.00417
12.59,0.01903,0.00357
12.591,0.01847,0.00291
12.592,0.01868,0.00223
12.593,0.0196,0.00157
12.594,0.02107,9.50E-04
12.595,0.02292,4.04E-04
12.596,0.02495,-5.45E-05
12.597,0.02701,-4.21E-04
12.598,0.02895,-7.02E-04
12.599,0.03067,-9.04E-04
12.6,0.03209,-0.00104
12.601,0.03319,-0.00114
12.602,0.03398,-0.00121
12.603,0.03453,-0.00128
12.604,0.03496,-0.00136
12.605,0.03535,-0.00146
12.606,0.03583,-0.00158
12.607,0.03647,-0.00173
12.608,0.03733,-0.00191
12.609,0.03845,-0.00209
12.61,0.0398,-0.00228
12.611,0.04133,-0.00248
12.612,0.04293,-0.00267
12.613,0.04443,-0.00286
12.614,0.04568,-0.00305
12.615,0.04653,-0.00324
12.616,0.04683,-0.00344
12.617,0.04645,-0.00367
12.618,0.04529,-0.00392
12.619,0.04333,-0.00421
12.62,0.04061,-0.00454
12.621,0.03722,-0.0049
12.622,0.03332,-0.00529
12.623,0.02909,-0.00569
12.624,0.02477,-0.00607
12.625,0.02059,-0.00642
12.626,0.01678,-0.00672
12.627,0.01357,-0.00693
12.628,0.01115,-0.00704
12.629,0.00964,-0.00702
12.63,0.00908,-0.00687
12.631,0.00944,-0.00659
12.632,0.01067,-0.00617
12.633,0.01265,-0.00564
12.634,0.0152,-0.00499
12.635,0.01809,-0.00427
12.636,0.02109,-0.00349
12.637,0.02402,-0.00269
12.638,0.0267,-0.00187
12.639,0.02898,-0.00107
12.64,0.03079,-3.14E-04
12.641,0.03209,3.87E-04
12.642,0.0329,0.00102
12.643,0.03332,0.00157
12.644,0.03347,0.00204
12.645,0.03352,0.00241
12.646,0.03361,0.0027
12.647,0.03391,0.00289
12.648,0.0345,0.00301
12.649,0.03548,0.00305
12.65,0.03686,0.00301
12.651,0.03862,0.00293
12.652,0.04065,0.0028
12.653,0.04278,0.00264
12.654,0.04481,0.00246
12.655,0.04654,0.00229
12.656,0.04777,0.00214
12.657,0.04829,0.00202
12.658,0.04795,0.00195
12.659,0.04662,0.00192
12.66,0.04432,0.00195
12.661,0.04111,0.00203
12.662,0.03711,0.00216
12.663,0.03254,0.00231
12.664,0.02766,0.00248
12.665,0.0228,0.00264
12.666,0.01827,0.00278
12.667,0.01439,0.00288
12.668,0.01143,0.00293
12.669,0.00961,0.00293
12.67,0.00906,0.00288
12.671,0.00981,0.00278
12.672,0.0118,0.00265
12.673,0.01487,0.0025
12.674,0.01879,0.00236
12.675,0.02321,0.00224
12.676,0.02779,0.00217
12.677,0.03215,0.00216
12.678,0.03596,0.00223
12.679,0.03888,0.00236
12.68,0.04067,0.00256
12.681,0.04117,0.00283
12.682,0.04033,0.00313
12.683,0.03823,0.00344
12.684,0.03501,0.00374
12.685,0.03093,0.00401
12.686,0.0263,0.00422
12.687,0.02149,0.00435
12.688,0.01692,0.00438
12.689,0.01294,0.00432
12.69,0.00989,0.00415
12.691,0.00802,0.00389
12.692,0.00751,0.00354
12.693,0.00849,0.00311
12.694,0.0109,0.00263
12.695,0.01462,0.00209
12.696,0.01945,0.00152
12.697,0.02511,9.40E-04
12.698,0.03129,3.52E-04
12.699,0.03762,-2.27E-04
12.7,0.04376,-7.88E-04
12.701,0.0494,-0.00132
12.702,0.0543,-0.00181
12.703,0.05823,-0.00224
12.704,0.06108,-0.0026
12.705,0.06283,-0.00287
12.706,0.06351,-0.00305
12.707,0.06324,-0.0031
12.708,0.06216,-0.00303
12.709,0.06047,-0.00281
12.71,0.0584,-0.00246
12.711,0.05617,-0.00199
12.712,0.05396,-0.0014
12.713,0.05192,-7.14E-04
12.714,0.05013,3.21E-05
12.715,0.04869,8.02E-04
12.716,0.0476,0.00155
12.717,0.04682,0.00225
12.718,0.04627,0.00286
12.719,0.04583,0.00333
12.72,0.0454,0.00366
12.721,0.0449,0.00381
12.722,0.04423,0.00379
12.723,0.04334,0.00361
12.724,0.04219,0.00328
12.725,0.0408,0.00283
12.726,0.03923,0.00229
12.727,0.03756,0.00171
12.728,0.03591,0.00113
12.729,0.03441,5.90E-04
12.73,0.03317,1.26E-04
12.731,0.03227,-2.26E-04
12.732,0.03181,-4.44E-04
12.733,0.03184,-5.14E-04
12.734,0.03239,-4.29E-04
12.735,0.0334,-1.90E-04
12.736,0.03481,1.92E-04
12.737,0.03651,6.96E-04
12.738,0.03837,0.00129
12.739,0.04029,0.00194
12.74,0.04211,0.00261
12.741,0.04374,0.00327
12.742,0.04505,0.00387
12.743,0.04595,0.00436
12.744,0.04645,0.00472
12.745,0.04656,0.00491
12.746,0.0463,0.00491
12.747,0.04573,0.0047
12.748,0.04488,0.00428
12.749,0.04389,0.00365
12.75,0.04281,0.00285
12.751,0.04172,0.0019
12.752,0.04064,8.49E-04
12.753,0.03956,-2.57E-04
12.754,0.03848,-0.00135
12.755,0.03735,-0.00237
12.756,0.0361,-0.00326
12.757,0.03465,-0.00397
12.758,0.03292,-0.00445
12.759,0.03085,-0.00468
12.76,0.0284,-0.00465
12.761,0.02555,-0.00437
12.762,0.02234,-0.00388
12.763,0.01889,-0.00321
12.764,0.0153,-0.00242
12.765,0.01174,-0.0016
12.766,0.00839,-8.13E-04
12.767,0.00546,-1.31E-04
12.768,0.00317,3.84E-04
12.769,0.00172,6.85E-04
12.77,0.00122,7.34E-04
12.771,0.00175,5.22E-04
12.772,0.00336,5.98E-05
12.773,0.00603,-6.13E-04
12.774,0.00968,-0.00145
12.775,0.0141,-0.00237
12.776,0.01907,-0.00332
12.777,0.02436,-0.00422
12.778,0.02969,-0.00497
12.779,0.0348,-0.00553
12.78,0.03944,-0.00583
12.781,0.0434,-0.00585
12.782,0.04652,-0.00558
12.783,0.04867,-0.00501
12.784,0.04986,-0.00419
12.785,0.05014,-0.00315
12.786,0.04962,-0.00195
12.787,0.04843,-6.64E-04
12.788,0.04669,6.28E-04
12.789,0.04462,0.00186
12.79,0.04244,0.00296
12.791,0.0403,0.00387
12.792,0.0383,0.00455
12.793,0.03645,0.00494
12.794,0.0348,0.00504
12.795,0.03331,0.00485
12.796,0.0319,0.00437
12.797,0.03042,0.00363
12.798,0.02867,0.00265
12.799,0.02653,0.00148
12.8,0.02385,1.81E-04
12.801,0.02053,-0.0012
12.802,0.0165,-0.0026
12.803,0.01172,-0.00398
12.804,0.00631,-0.00526
12.805,3.83E-04,-0.00642
12.806,-0.00589,-0.00741
12.807,-0.01229,-0.00819
12.808,-0.01854,-0.00876
12.809,-0.02429,-0.00908
12.81,-0.02934,-0.00919
12.811,-0.03346,-0.00908
12.812,-0.03648,-0.00877
12.813,-0.03826,-0.0083
12.814,-0.0387,-0.00769
12.815,-0.03792,-0.007
12.816,-0.03606,-0.00625
12.817,-0.0333,-0.00549
12.818,-0.02987,-0.00475
12.819,-0.02604,-0.00404
12.82,-0.02215,-0.0034
12.821,-0.01852,-0.00285
12.822,-0.01539,-0.00239
12.823,-0.01294,-0.00201
12.824,-0.01132,-0.00172
12.825,-0.01062,-0.00151
12.826,-0.01084,-0.00137
12.827,-0.01186,-0.0013
12.828,-0.01347,-0.00127
12.829,-0.01548,-0.00129
12.83,-0.01761,-0.00135
12.831,-0.01961,-0.00145
12.832,-0.0212,-0.00157
12.833,-0.02208,-0.00172
12.834,-0.02212,-0.00189
12.835,-0.02117,-0.00207
12.836,-0.01917,-0.00225
12.837,-0.01614,-0.00241
12.838,-0.01214,-0.00255
12.839,-0.00738,-0.00266
12.84,-0.00207,-0.00272
12.841,0.00357,-0.00272
12.842,0.00928,-0.00266
12.843,0.01483,-0.00255
12.844,0.01991,-0.00238
12.845,0.02435,-0.00219
12.846,0.02804,-0.00198
12.847,0.03088,-0.00179
12.848,0.03288,-0.00163
12.849,0.03401,-0.00154
12.85,0.0344,-0.00154
12.851,0.03418,-0.00163
12.852,0.03353,-0.00183
12.853,0.03264,-0.00211
12.854,0.03162,-0.00247
12.855,0.03068,-0.00288
12.856,0.02997,-0.00329
12.857,0.02959,-0.00366
12.858,0.02964,-0.00395
12.859,0.03007,-0.00411
12.86,0.03093,-0.00412
12.861,0.03219,-0.00395
12.862,0.03378,-0.00358
12.863,0.03564,-0.00303
12.864,0.03763,-0.00232
12.865,0.0397,-0.00148
12.866,0.04178,-5.60E-04
12.867,0.04381,3.86E-04
12.868,0.04572,0.00129
12.869,0.04746,0.00211
12.87,0.04902,0.00277
12.871,0.05039,0.00324
12.872,0.05158,0.00349
12.873,0.05258,0.0035
12.874,0.05338,0.00328
12.875,0.05398,0.00283
12.876,0.05438,0.00219
12.877,0.05458,0.0014
12.878,0.05458,5.19E-04
12.879,0.05434,-4.17E-04
12.88,0.05385,-0.00135
12.881,0.05313,-0.00222
12.882,0.05218,-0.00299
12.883,0.05106,-0.00362
12.884,0.04978,-0.00409
12.885,0.0484,-0.00438
12.886,0.04701,-0.00448
12.887,0.04571,-0.00439
12.888,0.04463,-0.00413
12.889,0.04384,-0.00371
12.89,0.04345,-0.00316
12.891,0.04356,-0.00251
12.892,0.04424,-0.00179
12.893,0.04556,-0.00103
12.894,0.0475,-2.56E-04
12.895,0.05006,4.86E-04
12.896,0.05317,0.00117
12.897,0.05675,0.00178
12.898,0.0607,0.00228
12.899,0.06481,0.00267
12.9,0.06893,0.00292
12.901,0.07288,0.00304
12.902,0.07651,0.00303
12.903,0.07967,0.0029
12.904,0.08213,0.00266
12.905,0.0838,0.00233
12.906,0.08458,0.00193
12.907,0.08448,0.00148
12.908,0.08361,0.001
12.909,0.0819,5.24E-04
12.91,0.07951,5.65E-05
12.911,0.07659,-3.83E-04
12.912,0.07338,-7.83E-04
12.913,0.07022,-0.00113
12.914,0.06733,-0.00143
12.915,0.06507,-0.00167
12.916,0.06373,-0.00186
12.917,0.06356,-0.00198
12.918,0.06479,-0.00204
12.919,0.0678,-0.00202
12.92,0.07284,-0.00193
12.921,0.08003,-0.00174
12.922,0.08927,-0.00145
12.923,0.10002,-0.00105
12.924,0.11259,-5.28E-04
12.925,0.12664,1.12E-04
12.926,0.14177,8.65E-04
12.927,0.15716,0.00171
12.928,0.17127,0.00262
12.929,0.18397,0.00357
12.93,0.19427,0.00451
12.931,0.20122,0.0054
12.932,0.20357,0.00619
12.933,0.19943,0.0068
12.934,0.18857,0.0072
12.935,0.17009,0.00736
12.936,0.1434,0.00724
12.937,0.10796,0.00682
12.938,0.06322,0.00608
12.939,0.00988,0.00503
12.94,-0.05154,0.00371
12.941,-0.12013,0.00214
12.942,-0.19455,3.80E-04
12.943,-0.27293,-0.00154
12.944,-0.35303,-0.00355
12.945,-0.43286,-0.00559
12.946,-0.5102,-0.00762
12.947,-0.58244,-0.00958
12.948,-0.64661,-0.0114
12.949,-0.70031,-0.01305
12.95,-0.7421,-0.01449
12.951,-0.77063,-0.0157
12.952,-0.78453,-0.01664
12.953,-0.78253,-0.01729
12.954,-0.76452,-0.01762
12.955,-0.73178,-0.01765
12.956,-0.68568,-0.01737
12.957,-0.62761,-0.01678
12.958,-0.55925,-0.01589
12.959,-0.48307,-0.01471
12.96,-0.40238,-0.01329
12.961,-0.32011,-0.01169
12.962,-0.23887,-0.00993
12.963,-0.16108,-0.00808
12.964,-0.08928,-0.0062
12.965,-0.02553,-0.00435
12.966,0.02874,-0.00261
12.967,0.07259,-0.00103
12.968,0.10573,3.38E-04
12.969,0.1278,0.00145
12.97,0.13992,0.00228
12.971,0.14326,0.00282
12.972,0.13915,0.00309
12.973,0.12926,0.00309
12.974,0.11468,0.00286
12.975,0.0979,0.00245
12.976,0.08074,0.00192
12.977,0.06455,0.00132
12.978,0.05054,7.28E-04
12.979,0.03885,1.68E-04
12.98,0.03064,-2.95E-04
12.981,0.02623,-6.19E-04
12.982,0.0254,-7.80E-04
12.983,0.0277,-7.65E-04
12.984,0.03196,-5.83E-04
12.985,0.03773,-2.32E-04
12.986,0.04426,2.73E-04
12.987,0.05074,9.04E-04
12.988,0.05641,0.00163
12.989,0.06049,0.0024
12.99,0.06264,0.00318
12.991,0.0627,0.00395
12.992,0.06076,0.00467
12.993,0.05707,0.00529
12.994,0.0521,0.00577
12.995,0.04631,0.00611
12.996,0.04032,0.00627
12.997,0.03476,0.00625
12.998,0.0303,0.00602
12.999,0.02749,0.00559
13,0.02665,0.00497
13.001,0.02797,0.00417
13.002,0.03147,0.00323
13.003,0.03703,0.00218
13.004,0.04432,0.00105
13.005,0.05292,-9.45E-05
13.006,0.06228,-0.00121
13.007,0.07182,-0.00225
13.008,0.0809,-0.00314
13.009,0.08894,-0.00386
13.01,0.09552,-0.00437
13.011,0.10028,-0.00463
13.012,0.10299,-0.00464
13.013,0.10353,-0.0044
13.014,0.10197,-0.00391
13.015,0.09854,-0.00322
13.016,0.09353,-0.00235
13.017,0.08733,-0.00136
13.018,0.08033,-3.02E-04
13.019,0.07299,7.78E-04
13.02,0.06576,0.00181
13.021,0.05901,0.00276
13.022,0.05302,0.00356
13.023,0.04798,0.00418
13.024,0.04403,0.0046
13.025,0.04122,0.0048
13.026,0.0395,0.00477
13.027,0.03874,0.00452
13.028,0.03874,0.00406
13.029,0.03934,0.00342
13.03,0.04032,0.00263
13.031,0.04147,0.00174
13.032,0.04261,7.91E-04
13.033,0.04355,-1.75E-04
13.034,0.04425,-0.00111
13.035,0.04458,-0.00196
13.036,0.0445,-0.00267
13.037,0.04399,-0.00323
13.038,0.04306,-0.00359
13.039,0.0418,-0.00373
13.04,0.0402,-0.00366
13.041,0.03829,-0.00338
13.042,0.0361,-0.00291
13.043,0.03369,-0.00227
13.044,0.03113,-0.00152
13.045,0.02844,-7.11E-04
13.046,0.02566,1.03E-04
13.047,0.02282,8.64E-04
13.048,0.02001,0.00152
13.049,0.01733,0.00203
13.05,0.01485,0.00235
13.051,0.01267,0.00247
13.052,0.01089,0.00239
13.053,0.0096,0.00213
13.054,0.00891,0.00172
13.055,0.00887,0.0012
13.056,0.00949,6.50E-04
13.057,0.01077,1.12E-04
13.058,0.01265,-3.56E-04
13.059,0.01508,-6.96E-04
13.06,0.0179,-8.71E-04
13.061,0.02092,-8.57E-04
13.062,0.02398,-6.53E-04
13.063,0.02686,-2.80E-04
13.064,0.02941,2.25E-04
13.065,0.03143,8.10E-04
13.066,0.03279,0.00141
13.067,0.0334,0.00197
13.068,0.03319,0.00241
13.069,0.03221,0.00267
13.07,0.03055,0.00271
13.071,0.02832,0.0025
13.072,0.02569,0.00204
13.073,0.02279,0.00134
13.074,0.01986,4.53E-04
13.075,0.01709,-5.77E-04
13.076,0.01464,-0.00168
13.077,0.01261,-0.00277
13.078,0.01104,-0.00377
13.079,0.00997,-0.0046
13.08,0.00935,-0.00519
13.081,0.00907,-0.00551
13.082,0.009,-0.00552
13.083,0.00896,-0.00521
13.084,0.00879,-0.0046
13.085,0.00831,-0.00372
13.086,0.00738,-0.00263
13.087,0.00591,-0.00139
13.088,0.00386,-7.03E-05
13.089,0.00129,0.00124
13.09,-0.00172,0.00248
13.091,-0.00504,0.00357
13.092,-0.00845,0.00445
13.093,-0.01175,0.0051
13.094,-0.0146,0.00547
13.095,-0.01682,0.00556
13.096,-0.01819,0.00538
13.097,-0.01857,0.00496
13.098,-0.0179,0.00434
13.099,-0.0161,0.00355
13.1,-0.01329,0.00268
13.101,-0.00963,0.00176
13.102,-0.00537,8.79E-04
13.103,-8.76E-04,8.15E-05
13.104,0.00359,-5.80E-04
13.105,0.00765,-0.00106
13.106,0.01098,-0.00133
13.107,0.01323,-0.00137
13.108,0.01411,-0.00118
13.109,0.0135,-7.95E-04
13.11,0.01134,-2.25E-04
13.111,0.00765,4.85E-04
13.112,0.00251,0.00129
13.113,-0.00392,0.00212
13.114,-0.01129,0.00293
13.115,-0.01928,0.00365
13.116,-0.02753,0.00425
13.117,-0.03572,0.00468
13.118,-0.04355,0.0049
13.119,-0.05065,0.00492
13.12,-0.05682,0.00472
13.121,-0.06192,0.00433
13.122,-0.06589,0.00376
13.123,-0.06878,0.00305
13.124,-0.07059,0.00226
13.125,-0.07152,0.00142
13.126,-0.07175,5.84E-04
13.127,-0.07153,-2.06E-04
13.128,-0.0711,-9.11E-04
13.129,-0.07058,-0.0015
13.13,-0.07021,-0.00195
13.131,-0.07015,-0.00226
13.132,-0.07049,-0.00241
13.133,-0.07132,-0.00242
13.134,-0.07252,-0.0023
13.135,-0.07411,-0.00207
13.136,-0.07604,-0.00174
13.137,-0.07821,-0.00135
13.138,-0.08057,-9.10E-04
13.139,-0.0829,-4.53E-04
13.14,-0.08519,-4.28E-06
13.141,-0.08741,4.12E-04
13.142,-0.08954,7.74E-04
13.143,-0.09157,0.00106
13.144,-0.0935,0.00125
13.145,-0.09538,0.00133
13.146,-0.09729,0.00126
13.147,-0.09927,0.00106
13.148,-0.10137,7.15E-04
13.149,-0.10357,2.31E-04
13.15,-0.1059,-3.77E-04
13.151,-0.10833,-0.00108
13.152,-0.11079,-0.00186
13.153,-0.11319,-0.00265
13.154,-0.11539,-0.00341
13.155,-0.1173,-0.00407
13.156,-0.11882,-0.00459
13.157,-0.11983,-0.00491
13.158,-0.12024,-0.00499
13.159,-0.11996,-0.0048
13.16,-0.11903,-0.00434
13.161,-0.11747,-0.00359
13.162,-0.11535,-0.00261
13.163,-0.11278,-0.00145
13.164,-0.10988,-1.68E-04
13.165,-0.10683,0.00115
13.166,-0.10382,0.00241
13.167,-0.10101,0.00352
13.168,-0.09856,0.00437
13.169,-0.09659,0.00491
13.17,-0.09521,0.00506
13.171,-0.09447,0.0048
13.172,-0.09437,0.00411
13.173,-0.09489,0.00299
13.174,-0.09594,0.00149
13.175,-0.09742,-3.13E-04
13.176,-0.09918,-0.00235
13.177,-0.10109,-0.00452
13.178,-0.10297,-0.00672
13.179,-0.10471,-0.00884
13.18,-0.10617,-0.01078
13.181,-0.10725,-0.01247
13.182,-0.10789,-0.01383
13.183,-0.10804,-0.01481
13.184,-0.10774,-0.01536
13.185,-0.107,-0.0155
13.186,-0.1059,-0.01524
13.187,-0.10449,-0.01461
13.188,-0.10286,-0.01365
13.189,-0.10112,-0.01243
13.19,-0.09935,-0.01101
13.191,-0.09762,-0.00948
13.192,-0.09597,-0.0079
13.193,-0.09444,-0.00635
13.194,-0.09305,-0.00488
13.195,-0.09182,-0.00356
13.196,-0.09071,-0.00243
13.197,-0.08971,-0.00153
13.198,-0.08879,-8.79E-04
13.199,-0.08795,-4.73E-04
13.2,-0.08716,-3.11E-04
13.201,-0.08643,-3.74E-04
13.202,-0.08575,-6.34E-04
13.203,-0.08513,-0.00105
13.204,-0.08464,-0.00158
13.205,-0.08429,-0.00218
13.206,-0.0841,-0.0028
13.207,-0.0841,-0.00338
13.208,-0.08427,-0.00389
13.209,-0.08465,-0.00431
13.21,-0.08521,-0.0046
13.211,-0.08588,-0.00475
13.212,-0.0866,-0.00476
13.213,-0.08723,-0.00462
13.214,-0.08774,-0.00436
13.215,-0.08801,-0.00401
13.216,-0.08796,-0.00358
13.217,-0.08745,-0.0031
13.218,-0.08638,-0.0026
13.219,-0.08476,-0.00209
13.22,-0.08257,-0.00162
13.221,-0.07984,-0.00118
13.222,-0.07659,-7.87E-04
13.223,-0.07281,-4.37E-04
13.224,-0.06872,-1.36E-04
13.225,-0.06439,1.20E-04
13.226,-0.05995,3.36E-04
13.227,-0.05549,5.20E-04
13.228,-0.05107,6.85E-04
13.229,-0.04686,8.27E-04
13.23,-0.04289,9.51E-04
13.231,-0.03917,0.00106
13.232,-0.0357,0.00115
13.233,-0.03243,0.00124
13.234,-0.02939,0.00132
13.235,-0.02649,0.0014
13.236,-0.02364,0.00148
13.237,-0.02079,0.00159
13.238,-0.01785,0.00172
13.239,-0.01491,0.00191
13.24,-0.0119,0.00215
13.241,-0.00883,0.00246
13.242,-0.00574,0.00286
13.243,-0.00269,0.00333
13.244,1.22E-04,0.00387
13.245,0.00267,0.00447
13.246,0.00486,0.0051
13.247,0.00662,0.00574
13.248,0.00791,0.00634
13.249,0.00859,0.00688
13.25,0.00873,0.00731
13.251,0.00837,0.00762
13.252,0.0076,0.00777
13.253,0.00657,0.00775
13.254,0.00533,0.00756
13.255,0.00409,0.0072
13.256,0.00304,0.00671
13.257,0.00235,0.0061
13.258,0.00219,0.00541
13.259,0.00263,0.00468
13.26,0.00378,0.00396
13.261,0.00568,0.00329
13.262,0.00834,0.00269
13.263,0.01169,0.00219
13.264,0.01558,0.0018
13.265,0.01989,0.00154
13.266,0.02444,0.00139
13.267,0.02903,0.00134
13.268,0.03345,0.00138
13.269,0.03747,0.00148
13.27,0.04093,0.00161
13.271,0.04369,0.00175
13.272,0.04566,0.00189
13.273,0.04677,0.00199
13.274,0.04698,0.00205
13.275,0.04637,0.00207
13.276,0.04504,0.00204
13.277,0.0431,0.00196
13.278,0.04073,0.00183
13.279,0.03807,0.00167
13.28,0.03533,0.00149
13.281,0.03267,0.00128
13.282,0.03027,0.00105
13.283,0.02825,8.14E-04
13.284,0.02668,5.72E-04
13.285,0.02563,3.24E-04
13.286,0.02515,7.24E-05
13.287,0.02519,-1.82E-04
13.288,0.02573,-4.35E-04
13.289,0.02666,-6.88E-04
13.29,0.0279,-9.42E-04
13.291,0.02935,-0.0012
13.292,0.03091,-0.00145
13.293,0.03247,-0.00169
13.294,0.03394,-0.00191
13.295,0.03525,-0.00213
13.296,0.03636,-0.00232
13.297,0.03722,-0.00249
13.298,0.03785,-0.0026
13.299,0.03825,-0.00266
13.3,0.03843,-0.00265
13.301,0.03844,-0.00256
13.302,0.0383,-0.00237
13.303,0.03808,-0.00205
13.304,0.0378,-0.00159
13.305,0.03749,-9.81E-04
13.306,0.03719,-2.14E-04
13.307,0.0369,7.10E-04
13.308,0.03666,0.00178
13.309,0.03646,0.00297
13.31,0.03632,0.00426
13.311,0.03625,0.00559
13.312,0.03624,0.00693
13.313,0.03632,0.0082
13.314,0.03649,0.00935
13.315,0.03676,0.01033
13.316,0.03716,0.01108
13.317,0.03769,0.01157
13.318,0.03834,0.01175
13.319,0.03911,0.01163
13.32,0.04,0.0112
13.321,0.04098,0.01051
13.322,0.04201,0.00959
13.323,0.04301,0.00847
13.324,0.04394,0.00724
13.325,0.04473,0.00594
13.326,0.04529,0.00467
13.327,0.04557,0.00346
13.328,0.04548,0.00236
13.329,0.04497,0.00141
13.33,0.04403,6.17E-04
13.331,0.04263,-8.56E-06
13.332,0.04079,-4.81E-04
13.333,0.03857,-8.21E-04
13.334,0.03603,-0.00106
13.335,0.03326,-0.00124
13.336,0.03038,-0.0014
13.337,0.02752,-0.00155
13.338,0.02483,-0.00172
13.339,0.02245,-0.00191
13.34,0.02049,-0.00213
13.341,0.01907,-0.00236
13.342,0.01828,-0.00258
13.343,0.01818,-0.00275
13.344,0.01882,-0.00284
13.345,0.02018,-0.00281
13.346,0.02221,-0.00265
13.347,0.02484,-0.00233
13.348,0.02794,-0.00184
13.349,0.0314,-0.00118
13.35,0.03506,-3.76E-04
13.351,0.03874,5.43E-04
13.352,0.04228,0.00154
13.353,0.04546,0.00257
13.354,0.04816,0.00358
13.355,0.05022,0.00452
13.356,0.05153,0.00534
13.357,0.05201,0.00602
13.358,0.05157,0.00651
13.359,0.05022,0.00679
13.36,0.04801,0.00688
13.361,0.04501,0.00678
13.362,0.04131,0.00651
13.363,0.03704,0.00611
13.364,0.03238,0.0056
13.365,0.02755,0.00505
13.366,0.02272,0.00451
13.367,0.0181,0.004
13.368,0.01387,0.00358
13.369,0.01021,0.00326
13.37,0.00726,0.00308
13.371,0.00514,0.00303
13.372,0.0039,0.00311
13.373,0.00354,0.00329
13.374,0.00406,0.00353
13.375,0.00534,0.00381
13.376,0.00724,0.00405
13.377,0.00962,0.00423
13.378,0.01227,0.0043
13.379,0.01499,0.0042
13.38,0.01752,0.00393
13.381,0.01966,0.00346
13.382,0.02123,0.00281
13.383,0.02211,0.00201
13.384,0.0222,0.0011
13.385,0.02144,1.57E-04
13.386,0.01985,-7.57E-04
13.387,0.01753,-0.00156
13.388,0.01466,-0.00217
13.389,0.01145,-0.00251
13.39,0.00815,-0.00253
13.391,0.00503,-0.00219
13.392,0.00237,-0.00149
13.393,4.80E-04,-4.51E-04
13.394,-4.03E-04,8.83E-04
13.395,-8.00E-05,0.00243
13.396,0.00158,0.00408
13.397,0.00461,0.00574
13.398,0.00896,0.00726
13.399,0.0145,0.00854
13.4,0.02098,0.00946
13.401,0.02812,0.00994
13.402,0.03556,0.00995
13.403,0.04285,0.00944
13.404,0.04958,0.00846
13.405,0.05533,0.00705
13.406,0.05976,0.00532
13.407,0.06256,0.00339
13.408,0.06353,0.00138
13.409,0.06255,-5.51E-04
13.41,0.05966,-0.00227
13.411,0.05503,-0.00366
13.412,0.04889,-0.00462
13.413,0.04163,-0.00509
13.414,0.03365,-0.00504
13.415,0.0255,-0.0045
13.416,0.01766,-0.00351
13.417,0.01062,-0.00217
13.418,0.00482,-5.78E-04
13.419,6.18E-04,0.00114
13.42,-0.00174,0.00284
13.421,-0.00213,0.00441
13.422,-5.71E-04,0.00574
13.423,0.00279,0.00675
13.424,0.00768,0.00738
13.425,0.0137,0.00761
13.426,0.0204,0.00746
13.427,0.0273,0.00696
13.428,0.03388,0.00619
13.429,0.03968,0.00524
13.43,0.04426,0.0042
13.431,0.0473,0.00317
13.432,0.04862,0.00225
13.433,0.04814,0.00151
13.434,0.04594,0.00102
13.435,0.04222,8.00E-04
13.436,0.03726,8.69E-04
13.437,0.03145,0.0012
13.438,0.02526,0.00175
13.439,0.01915,0.00246
13.44,0.0136,0.00325
13.441,0.009,0.00403
13.442,0.00568,0.00474
13.443,0.00387,0.00528
13.444,0.00369,0.0056
13.445,0.00512,0.00565
13.446,0.00804,0.00543
13.447,0.01221,0.00493
13.448,0.01732,0.00417
13.449,0.02295,0.00321
13.45,0.0287,0.00211
13.451,0.03417,9.53E-04
13.452,0.03898,-1.90E-04
13.453,0.04283,-0.00124
13.454,0.04547,-0.00213
13.455,0.04677,-0.0028
13.456,0.04671,-0.00322
13.457,0.04537,-0.00339
13.458,0.04293,-0.00331
13.459,0.03964,-0.00303
13.46,0.03582,-0.0026
13.461,0.03179,-0.00211
13.462,0.02789,-0.00161
13.463,0.02446,-0.00118
13.464,0.02176,-8.97E-04
13.465,0.02,-8.11E-04
13.466,0.01931,-9.54E-04
13.467,0.01972,-0.00133
13.468,0.0212,-0.0019
13.469,0.02361,-0.00262
13.47,0.02679,-0.00342
13.471,0.03052,-0.00421
13.472,0.03454,-0.00488
13.473,0.03856,-0.00535
13.474,0.04236,-0.00551
13.475,0.04571,-0.0053
13.476,0.04846,-0.00469
13.477,0.05048,-0.00366
13.478,0.05168,-0.00225
13.479,0.05206,-5.20E-04
13.48,0.05165,0.00143
13.481,0.05054,0.00349
13.482,0.04882,0.00552
13.483,0.04661,0.00737
13.484,0.04403,0.0089
13.485,0.0412,0.01
13.486,0.03823,0.01059
13.487,0.03519,0.01062
13.488,0.03222,0.01006
13.489,0.02933,0.00895
13.49,0.0266,0.00737
13.491,0.02408,0.00541
13.492,0.02182,0.0032
13.493,0.01992,9.01E-04
13.494,0.01844,-0.00135
13.495,0.01747,-0.0034
13.496,0.01712,-0.00513
13.497,0.01746,-0.00644
13.498,0.01859,-0.00726
13.499,0.02058,-0.00756
13.5,0.02345,-0.00735
13.501,0.02718,-0.00668
13.502,0.0317,-0.00562
13.503,0.03685,-0.00426
13.504,0.04246,-0.00273
13.505,0.04823,-0.00113
13.506,0.05389,4.11E-04
13.507,0.05909,0.0018
13.508,0.06348,0.00295
13.509,0.06673,0.00381
13.51,0.06856,0.00433
13.511,0.06876,0.00452
13.512,0.0672,0.00438
13.513,0.06388,0.00397
13.514,0.05887,0.00334
13.515,0.05244,0.00256
13.516,0.0449,0.00171
13.517,0.03669,8.64E-04
13.518,0.02831,7.96E-05
13.519,0.02028,-5.79E-04
13.52,0.01317,-0.00107
13.521,0.00747,-0.00137
13.522,0.00358,-0.00146
13.523,0.00181,-0.00137
13.524,0.00235,-0.00113
13.525,0.00521,-7.66E-04
13.526,0.01023,-3.34E-04
13.527,0.01713,1.14E-04
13.528,0.02547,5.31E-04
13.529,0.03471,8.57E-04
13.53,0.04421,0.00106
13.531,0.05333,0.0011
13.532,0.06145,9.81E-04
13.533,0.06802,7.13E-04
13.534,0.07256,3.11E-04
13.535,0.07475,-1.92E-04
13.536,0.07444,-7.47E-04
13.537,0.07165,-0.0013
13.538,0.06657,-0.00177
13.539,0.05956,-0.00212
13.54,0.05114,-0.00229
13.541,0.04187,-0.00224
13.542,0.03241,-0.00194
13.543,0.0234,-0.00139
13.544,0.01548,-5.95E-04
13.545,0.00918,4.19E-04
13.546,0.00492,0.00161
13.547,0.00294,0.00291
13.548,0.00334,0.00426
13.549,0.00602,0.00559
13.55,0.01073,0.00683
13.551,0.01708,0.00792
13.552,0.02457,0.00882
13.553,0.03262,0.00946
13.554,0.0406,0.00984
13.555,0.04791,0.00995
13.556,0.05403,0.00981
13.557,0.05855,0.00943
13.558,0.06113,0.00882
13.559,0.06167,0.00803
13.56,0.06014,0.0071
13.561,0.05672,0.00607
13.562,0.05169,0.00496
13.563,0.04546,0.00381
13.564,0.03854,0.00264
13.565,0.03147,0.00146
13.566,0.02475,2.92E-04
13.567,0.01885,-8.50E-04
13.568,0.01416,-0.00195
13.569,0.01099,-0.003
13.57,0.00951,-0.00397
13.571,0.00976,-0.00485
13.572,0.01161,-0.0056
13.573,0.01483,-0.00621
13.574,0.0191,-0.00662
13.575,0.02399,-0.00683
13.576,0.0291,-0.00682
13.577,0.03396,-0.00657
13.578,0.03816,-0.00609
13.579,0.04135,-0.00537
13.58,0.04324,-0.00445
13.581,0.04369,-0.00339
13.582,0.04264,-0.00223
13.583,0.04016,-0.00103
13.584,0.03646,1.46E-04
13.585,0.03179,0.00123
13.586,0.02647,0.00215
13.587,0.02087,0.00286
13.588,0.01538,0.00332
13.589,0.01042,0.0035
13.59,0.00632,0.0034
13.591,0.00334,0.00301
13.592,0.00163,0.00238
13.593,0.00125,0.00154
13.594,0.00225,5.38E-04
13.595,0.00451,-5.56E-04
13.596,0.00784,-0.00168
13.597,0.01195,-0.00276
13.598,0.01645,-0.00374
13.599,0.02105,-0.00456
13.6,0.02535,-0.00517
13.601,0.02902,-0.00555
13.602,0.03172,-0.00566
13.603,0.03312,-0.00551
13.604,0.03307,-0.0051
13.605,0.03144,-0.00444
13.606,0.0282,-0.00359
13.607,0.02337,-0.00257
13.608,0.01707,-0.00146
13.609,0.00955,-2.88E-04
13.61,0.00107,8.61E-04
13.611,-0.00805,0.00193
13.612,-0.01749,0.00287
13.613,-0.02687,0.00361
13.614,-0.03578,0.00413
13.615,-0.04391,0.00438
13.616,-0.05098,0.00437
13.617,-0.05674,0.00407
13.618,-0.06098,0.00352
13.619,-0.06358,0.00274
13.62,-0.06454,0.00179
13.621,-0.06392,7.11E-04
13.622,-0.06185,-4.25E-04
13.623,-0.05847,-0.00156
13.624,-0.054,-0.00262
13.625,-0.04879,-0.00355
13.626,-0.04318,-0.0043
13.627,-0.03743,-0.00485
13.628,-0.03184,-0.00517
13.629,-0.02665,-0.00526
13.63,-0.02216,-0.00514
13.631,-0.01856,-0.00485
13.632,-0.01593,-0.00441
13.633,-0.01425,-0.00389
13.634,-0.01354,-0.00332
13.635,-0.01369,-0.00278
13.636,-0.01457,-0.00229
13.637,-0.01594,-0.00191
13.638,-0.0175,-0.00164
13.639,-0.01908,-0.0015
13.64,-0.0204,-0.0015
13.641,-0.02121,-0.00161
13.642,-0.02131,-0.00182
13.643,-0.02047,-0.00209
13.644,-0.0187,-0.00239
13.645,-0.01594,-0.00269
13.646,-0.01219,-0.00295
13.647,-0.00754,-0.00315
13.648,-0.00206,-0.00327
13.649,0.00394,-0.00331
13.65,0.01031,-0.00325
13.651,0.01684,-0.0031
13.652,0.02331,-0.00289
13.653,0.02957,-0.00263
13.654,0.03535,-0.00233
13.655,0.04056,-0.00204
13.656,0.04514,-0.00176
13.657,0.04905,-0.00153
13.658,0.05231,-0.00135
13.659,0.05489,-0.00124
13.66,0.05694,-0.00122
13.661,0.05857,-0.00128
13.662,0.05988,-0.00142
13.663,0.06098,-0.00162
13.664,0.06188,-0.00189
13.665,0.06273,-0.0022
13.666,0.06356,-0.00253
13.667,0.06437,-0.00285
13.668,0.06513,-0.00313
13.669,0.06571,-0.00336
13.67,0.06611,-0.0035
13.671,0.06623,-0.00353
13.672,0.06602,-0.00345
13.673,0.0654,-0.00322
13.674,0.06428,-0.00287
13.675,0.0627,-0.00239
13.676,0.06072,-0.0018
13.677,0.05842,-0.00113
13.678,0.05591,-4.01E-04
13.679,0.05334,3.31E-04
13.68,0.05089,0.00103
13.681,0.04877,0.00166
13.682,0.04713,0.00218
13.683,0.04613,0.00257
13.684,0.0459,0.0028
13.685,0.04647,0.00286
13.686,0.04787,0.00278
13.687,0.05001,0.00257
13.688,0.05279,0.00225
13.689,0.05602,0.00188
13.69,0.05945,0.00149
13.691,0.06284,0.00115
13.692,0.06592,8.80E-04
13.693,0.06846,7.26E-04
13.694,0.07025,7.10E-04
13.695,0.07111,8.46E-04
13.696,0.07096,0.00113
13.697,0.06979,0.00155
13.698,0.0677,0.00206
13.699,0.06484,0.00262
13.7,0.06143,0.00318
13.701,0.05777,0.00371
13.702,0.05416,0.00415
13.703,0.05096,0.00445
13.704,0.04844,0.00459
13.705,0.04686,0.00455
13.706,0.04642,0.00432
13.707,0.04724,0.00392
13.708,0.04937,0.00335
13.709,0.05263,0.00266
13.71,0.05683,0.00188
13.711,0.06167,0.00104
13.712,0.06686,1.86E-04
13.713,0.07209,-6.40E-04
13.714,0.07688,-0.00141
13.715,0.08089,-0.0021
13.716,0.08382,-0.0027
13.717,0.0855,-0.00319
13.718,0.0859,-0.00356
13.719,0.08508,-0.00382
13.72,0.0833,-0.00397
13.721,0.08089,-0.00401
13.722,0.07821,-0.00394
13.723,0.0756,-0.00377
13.724,0.07392,-0.0035
13.725,0.07377,-0.00311
13.726,0.07564,-0.00262
13.727,0.07975,-0.00203
13.728,0.08576,-0.00136
13.729,0.09423,-6.03E-04
13.73,0.10492,2.31E-04
13.731,0.11738,0.00112
13.732,0.13063,0.00201
13.733,0.14286,0.00286
13.734,0.15358,0.00365
13.735,0.16138,0.00432
13.736,0.16492,0.00482
13.737,0.1626,0.00511
13.738,0.15243,0.00511
13.739,0.13389,0.00479
13.74,0.10608,0.00414
13.741,0.06855,0.00312
13.742,0.02119,0.00173
13.743,-0.0358,-4.94E-05
13.744,-0.10113,-0.00217
13.745,-0.17355,-0.00461
13.746,-0.25131,-0.00731
13.747,-0.33218,-0.0102
13.748,-0.4133,-0.0132
13.749,-0.49183,-0.01622
13.75,-0.56538,-0.01915
13.751,-0.63152,-0.02191
13.752,-0.68763,-0.02439
13.753,-0.73095,-0.02648
13.754,-0.75976,-0.02808
13.755,-0.77351,-0.02916
13.756,-0.7719,-0.02967
13.757,-0.75476,-0.02958
13.758,-0.72218,-0.02887
13.759,-0.67543,-0.02757
13.76,-0.617,-0.02575
13.761,-0.54928,-0.02351
13.762,-0.47458,-0.02092
13.763,-0.39526,-0.0181
13.764,-0.31418,-0.01517
13.765,-0.23446,-0.01226
13.766,-0.15863,-0.00949
13.767,-0.08873,-0.00696
13.768,-0.02637,-0.00474
13.769,0.02686,-0.0029
13.77,0.07029,-0.00148
13.771,0.1037,-4.67E-04
13.772,0.12725,1.54E-04
13.773,0.14161,4.30E-04
13.774,0.14723,4.10E-04
13.775,0.14596,1.85E-04
13.776,0.13937,-1.64E-04
13.777,0.12886,-5.63E-04
13.778,0.11594,-9.47E-04
13.779,0.10129,-0.00128
13.78,0.08688,-0.00151
13.781,0.07385,-0.0016
13.782,0.06284,-0.00156
13.783,0.05427,-0.00142
13.784,0.04769,-0.00122
13.785,0.04359,-9.82E-04
13.786,0.04182,-7.51E-04
13.787,0.04196,-5.71E-04
13.788,0.04343,-4.82E-04
13.789,0.04534,-5.26E-04
13.79,0.04735,-7.12E-04
13.791,0.04906,-0.00104
13.792,0.05011,-0.0015
13.793,0.05026,-0.00207
13.794,0.04934,-0.00272
13.795,0.04735,-0.00341
13.796,0.04447,-0.00409
13.797,0.04099,-0.00472
13.798,0.03729,-0.00527
13.799,0.03381,-0.00568
13.8,0.03085,-0.00594
13.801,0.02873,-0.00604
13.802,0.02775,-0.00596
13.803,0.02812,-0.00573
13.804,0.02999,-0.00535
13.805,0.03329,-0.00486
13.806,0.03789,-0.00428
13.807,0.04354,-0.00367
13.808,0.04997,-0.00305
13.809,0.05679,-0.00248
13.81,0.06363,-0.00199
13.811,0.07013,-0.00161
13.812,0.07591,-0.00137
13.813,0.08066,-0.00127
13.814,0.08412,-0.00131
13.815,0.08618,-0.00149
13.816,0.08678,-0.00179
13.817,0.08595,-0.00217
13.818,0.08379,-0.00258
13.819,0.08047,-0.00298
13.82,0.07628,-0.00331
13.821,0.07149,-0.00354
13.822,0.0664,-0.00361
13.823,0.06129,-0.0035
13.824,0.05644,-0.00319
13.825,0.05212,-0.00267
13.826,0.0485,-0.00196
13.827,0.04573,-0.0011
13.828,0.04384,-1.13E-04
13.829,0.04285,9.17E-04
13.83,0.04271,0.00193
13.831,0.04331,0.00286
13.832,0.04451,0.00364
13.833,0.04611,0.00421
13.834,0.04794,0.00452
13.835,0.04976,0.00455
13.836,0.05139,0.00428
13.837,0.05266,0.00375
13.838,0.05344,0.00298
13.839,0.05365,0.00203
13.84,0.05322,9.68E-04
13.841,0.05214,-1.31E-04
13.842,0.05045,-0.00119
13.843,0.04824,-0.00213
13.844,0.04569,-0.00289
13.845,0.04292,-0.00342
13.846,0.0401,-0.00371
13.847,0.03741,-0.00372
13.848,0.03499,-0.00349
13.849,0.03304,-0.00304
13.85,0.03166,-0.00241
13.851,0.03093,-0.00167
13.852,0.03087,-8.75E-04
13.853,0.03142,-8.03E-05
13.854,0.03254,6.56E-04
13.855,0.03409,0.00129
13.856,0.03591,0.00179
13.857,0.03781,0.00214
13.858,0.03954,0.00233
13.859,0.04093,0.0024
13.86,0.04176,0.00234
13.861,0.04189,0.00221
13.862,0.04119,0.00203
13.863,0.03958,0.00184
13.864,0.03711,0.00167
13.865,0.03382,0.00156
13.866,0.02985,0.00151
13.867,0.02536,0.00154
13.868,0.02058,0.00164
13.869,0.01581,0.0018
13.87,0.01129,0.00201
13.871,0.00727,0.00224
13.872,0.00397,0.00247
13.873,0.00156,0.00266
13.874,2.08E-04,0.00279
13.875,-5.66E-05,0.00282
13.876,7.39E-04,0.00276
13.877,0.0025,0.00258
13.878,0.00505,0.00229
13.879,0.00821,0.00189
13.88,0.01171,0.00138
13.881,0.01525,7.96E-04
13.882,0.01857,1.61E-04
13.883,0.02137,-4.81E-04
13.884,0.02346,-0.0011
13.885,0.02467,-0.00166
13.886,0.02486,-0.00211
13.887,0.024,-0.00243
13.888,0.02209,-0.00256
13.889,0.01928,-0.00248
13.89,0.01571,-0.00219
13.891,0.01159,-0.00167
13.892,0.00713,-9.26E-04
13.893,0.00255,2.70E-05
13.894,-0.00185,0.00116
13.895,-0.00589,0.00243
13.896,-0.00939,0.00379
13.897,-0.01225,0.00519
13.898,-0.01442,0.00656
13.899,-0.01586,0.00785
13.9,-0.01662,0.00901
13.901,-0.01683,0.00999
13.902,-0.01662,0.01076
13.903,-0.01618,0.01128
13.904,-0.01563,0.01153
13.905,-0.01517,0.01153
13.906,-0.01492,0.01127
13.907,-0.01503,0.01079
13.908,-0.0156,0.0101
13.909,-0.01657,0.00924
13.91,-0.01798,0.00826
13.911,-0.01976,0.00719
13.912,-0.02185,0.00607
13.913,-0.0242,0.00495
13.914,-0.02658,0.00384
13.915,-0.02894,0.0028
13.916,-0.03119,0.00185
13.917,-0.03328,0.00101
13.918,-0.03521,3.11E-04
13.919,-0.03691,-2.38E-04
13.92,-0.03846,-6.22E-04
13.921,-0.03994,-8.30E-04
13.922,-0.04144,-8.60E-04
13.923,-0.04309,-7.16E-04
13.924,-0.04494,-3.99E-04
13.925,-0.04711,6.31E-05
13.926,-0.04966,6.44E-04
13.927,-0.05263,0.00131
13.928,-0.05601,0.00202
13.929,-0.05969,0.00275
13.93,-0.06359,0.00342
13.931,-0.06757,0.004
13.932,-0.07147,0.00444
13.933,-0.07513,0.00471
13.934,-0.07828,0.0048
13.935,-0.08079,0.00468
13.936,-0.08255,0.00437
13.937,-0.08346,0.00388
13.938,-0.08353,0.00324
13.939,-0.08268,0.00251
13.94,-0.08106,0.00173
13.941,-0.07881,9.61E-04
13.942,-0.07614,2.53E-04
13.943,-0.07332,-3.52E-04
13.944,-0.07053,-8.12E-04
13.945,-0.06805,-0.0011
13.946,-0.06612,-0.00122
13.947,-0.06497,-0.00118
13.948,-0.06479,-9.98E-04
13.949,-0.06563,-7.17E-04
13.95,-0.06754,-3.82E-04
13.951,-0.07049,-4.28E-05
13.952,-0.0744,2.49E-04
13.953,-0.07915,4.43E-04
13.954,-0.08449,5.08E-04
13.955,-0.09021,4.17E-04
13.956,-0.09608,1.58E-04
13.957,-0.10187,-2.64E-04
13.958,-0.10733,-8.37E-04
13.959,-0.11226,-0.00152
13.96,-0.11654,-0.00229
13.961,-0.12005,-0.00309
13.962,-0.12276,-0.00388
13.963,-0.12461,-0.00463
13.964,-0.12564,-0.00528
13.965,-0.12596,-0.00581
13.966,-0.12567,-0.0062
13.967,-0.12486,-0.00645
13.968,-0.12362,-0.00654
13.969,-0.12204,-0.00649
13.97,-0.12023,-0.00631
13.971,-0.11826,-0.00603
13.972,-0.11617,-0.00568
13.973,-0.11396,-0.00527
13.974,-0.1116,-0.00483
13.975,-0.1091,-0.00439
13.976,-0.10645,-0.00397
13.977,-0.10363,-0.00358
13.978,-0.10064,-0.00324
13.979,-0.0975,-0.00295
13.98,-0.09426,-0.00272
13.981,-0.091,-0.00255
13.982,-0.08783,-0.00242
13.983,-0.08487,-0.00235
13.984,-0.08231,-0.00231
13.985,-0.08025,-0.00229
13.986,-0.07885,-0.00229
13.987,-0.07822,-0.0023
13.988,-0.07844,-0.00231
13.989,-0.07961,-0.00231
13.99,-0.08167,-0.00231
13.991,-0.08455,-0.0023
13.992,-0.08812,-0.00229
13.993,-0.09219,-0.00228
13.994,-0.09656,-0.0023
13.995,-0.10097,-0.00236
13.996,-0.10514,-0.00246
13.997,-0.10881,-0.00262
13.998,-0.1117,-0.00284
13.999,-0.11364,-0.00313
14,-0.1145,-0.00348
14.001,-0.11419,-0.00388
14.002,-0.11271,-0.00431
14.003,-0.11009,-0.00475
14.004,-0.10652,-0.00516
14.005,-0.10221,-0.00552
14.006,-0.09741,-0.00581
14.007,-0.09239,-0.00598
14.008,-0.08739,-0.00603
14.009,-0.08273,-0.00593
14.01,-0.07863,-0.00569
14.011,-0.07527,-0.00533
14.012,-0.07275,-0.00486
14.013,-0.07109,-0.00431
14.014,-0.07028,-0.00371
14.015,-0.07021,-0.00311
14.016,-0.0707,-0.00255
14.017,-0.07156,-0.00205
14.018,-0.0725,-0.00165
14.019,-0.07334,-0.00137
14.02,-0.07383,-0.00119
14.021,-0.07379,-0.00112
14.022,-0.07306,-0.00114
14.023,-0.07153,-0.00122
14.024,-0.06928,-0.00131
14.025,-0.06633,-0.00139
14.026,-0.06279,-0.00142
14.027,-0.05883,-0.00137
14.028,-0.05459,-0.00123
14.029,-0.05041,-9.88E-04
14.03,-0.04646,-6.53E-04
14.031,-0.04292,-2.44E-04
14.032,-0.03994,2.06E-04
14.033,-0.03757,6.53E-04
14.034,-0.03595,0.00105
14.035,-0.03504,0.00136
14.036,-0.03472,0.00153
14.037,-0.03487,0.00155
14.038,-0.03526,0.00137
14.039,-0.03578,0.001
14.04,-0.03618,4.47E-04
14.041,-0.03626,-2.69E-04
14.042,-0.03584,-0.00111
14.043,-0.03475,-0.00204
14.044,-0.033,-0.003
14.045,-0.03052,-0.00394
14.046,-0.02735,-0.00481
14.047,-0.02357,-0.00556
14.048,-0.01926,-0.00615
14.049,-0.0147,-0.00656
14.05,-0.01003,-0.00678
14.051,-0.00542,-0.00681
14.052,-0.00104,-0.00665
14.053,0.003,-0.00633
14.054,0.00648,-0.00587
14.055,0.0094,-0.00532
14.056,0.01173,-0.00472
14.057,0.01352,-0.0041
14.058,0.01487,-0.00349
14.059,0.0158,-0.00294
14.06,0.01647,-0.00248
14.061,0.01702,-0.00211
14.062,0.01761,-0.00185
14.063,0.01838,-0.00169
14.064,0.01934,-0.00162
14.065,0.02062,-0.00163
14.066,0.02225,-0.0017
14.067,0.02422,-0.0018
14.068,0.02654,-0.00188
14.069,0.02905,-0.00193
14.07,0.03174,-0.0019
14.071,0.03453,-0.00179
14.072,0.03732,-0.00156
14.073,0.04001,-0.0012
14.074,0.04249,-7.34E-04
14.075,0.04474,-1.57E-04
14.076,0.04673,5.08E-04
14.077,0.04845,0.00123
14.078,0.04987,0.00198
14.079,0.05097,0.0027
14.08,0.05179,0.00337
14.081,0.05234,0.00394
14.082,0.05264,0.00439
14.083,0.0527,0.0047
14.084,0.05245,0.00486
14.085,0.05191,0.00486
14.086,0.05106,0.00474
14.087,0.04988,0.00452
14.088,0.04839,0.00423
14.089,0.04654,0.0039
14.09,0.0444,0.00359
14.091,0.04201,0.00333
14.092,0.03948,0.00313
14.093,0.03696,0.00303
14.094,0.03458,0.00302
14.095,0.03253,0.00309
14.096,0.03102,0.00323
14.097,0.03021,0.00339
14.098,0.03029,0.00355
14.099,0.03138,0.00365
14.1,0.03356,0.00367
14.101,0.03685,0.00358
14.102,0.04118,0.00336
14.103,0.04637,0.003
14.104,0.05223,0.00252
14.105,0.05844,0.00194
14.106,0.06469,0.00131
14.107,0.07057,6.76E-04
14.108,0.07569,8.68E-05
14.109,0.07969,-3.97E-04
14.11,0.08225,-7.33E-04
14.111,0.08315,-8.87E-04
14.112,0.08224,-8.39E-04
14.113,0.07945,-5.86E-04
14.114,0.07487,-1.42E-04
14.115,0.06872,4.55E-04
14.116,0.0613,0.00116
14.117,0.05301,0.0019
14.118,0.04429,0.00264
14.119,0.03565,0.0033
14.12,0.02758,0.00382
14.121,0.02053,0.00418
14.122,0.01489,0.00433
14.123,0.01097,0.00427
14.124,0.00896,0.00402
14.125,0.00888,0.0036
14.126,0.01067,0.00305
14.127,0.01414,0.00243
14.128,0.01903,0.0018
14.129,0.02494,0.00121
14.13,0.03143,7.27E-04
14.131,0.03805,3.83E-04
14.132,0.04438,2.10E-04
14.133,0.05005,2.19E-04
14.134,0.05475,4.06E-04
14.135,0.05826,7.49E-04
14.136,0.06046,0.00121
14.137,0.06134,0.00174
14.138,0.061,0.0023
14.139,0.05965,0.00281
14.14,0.05753,0.00322
14.141,0.05496,0.00349
14.142,0.05222,0.00359
14.143,0.0496,0.00349
14.144,0.04738,0.0032
14.145,0.04577,0.00271
14.146,0.04489,0.00208
14.147,0.04476,0.00133
14.148,0.04533,5.44E-04
14.149,0.04645,-2.27E-04
14.15,0.04798,-9.12E-04
14.151,0.04968,-0.00145
14.152,0.0513,-0.00177
14.153,0.05257,-0.00184
14.154,0.05325,-0.00162
14.155,0.0532,-0.0011
14.156,0.0523,-2.91E-04
14.157,0.05051,7.72E-04
14.158,0.04782,0.00204
14.159,0.04438,0.00344
14.16,0.04034,0.0049
14.161,0.03591,0.00632
14.162,0.03131,0.00762
14.163,0.02679,0.00872
14.164,0.02263,0.00954
14.165,0.01899,0.01002
14.166,0.01602,0.01015
14.167,0.01381,0.00992
14.168,0.01242,0.00933
14.169,0.01183,0.00843
14.17,0.01195,0.00728
14.171,0.01264,0.00597
14.172,0.01374,0.00459
14.173,0.0151,0.00321
14.174,0.01657,0.00193
14.175,0.01798,8.15E-04
14.176,0.0192,-7.53E-05
14.177,0.02018,-7.08E-04
14.178,0.02086,-0.00107
14.179,0.02128,-0.00117
14.18,0.02147,-0.00106
14.181,0.02148,-7.71E-04
14.182,0.02141,-3.70E-04
14.183,0.02134,8.81E-05
14.184,0.02138,5.36E-04
14.185,0.02156,9.20E-04
14.186,0.0219,0.0012
14.187,0.0224,0.00136
14.188,0.02305,0.0014
14.189,0.02376,0.00134
14.19,0.02445,0.00121
14.191,0.02502,0.00105
14.192,0.02538,9.10E-04
14.193,0.02546,8.50E-04
14.194,0.02519,9.16E-04
14.195,0.02459,0.00114
14.196,0.02366,0.00154
14.197,0.02249,0.00211
14.198,0.02117,0.00286
14.199,0.01985,0.00373
14.2,0.01869,0.00469
14.201,0.01785,0.00568
14.202,0.01746,0.00664
14.203,0.01763,0.00752
14.204,0.01843,0.00825
14.205,0.01987,0.0088
14.206,0.02189,0.00915
14.207,0.0244,0.00927
14.208,0.02722,0.00917
14.209,0.03012,0.00887
14.21,0.03285,0.00839
14.211,0.03517,0.00779
14.212,0.03685,0.0071
14.213,0.03771,0.00637
14.214,0.03755,0.00564
14.215,0.03631,0.00496
14.216,0.03399,0.00434
14.217,0.03069,0.00382
14.218,0.02663,0.00341
14.219,0.02201,0.00309
14.22,0.01717,0.00287
14.221,0.01245,0.00273
14.222,0.00821,0.00266
14.223,0.00488,0.00262
14.224,0.00273,0.00261
14.225,0.00202,0.00261
14.226,0.00293,0.00259
14.227,0.00554,0.00255
14.228,0.00984,0.00247
14.229,0.01568,0.00237
14.23,0.02282,0.00224
14.231,0.03097,0.00208
14.232,0.03973,0.00191
14.233,0.04865,0.00172
14.234,0.0573,0.00155
14.235,0.06526,0.0014
14.236,0.07214,0.00127
14.237,0.07762,0.00117
14.238,0.08139,0.00112
14.239,0.08333,0.00112
14.24,0.08339,0.00115
14.241,0.08164,0.00123
14.242,0.07821,0.00133
14.243,0.07329,0.00147
14.244,0.06718,0.00161
14.245,0.06024,0.00177
14.246,0.05284,0.00192
14.247,0.04534,0.00206
14.248,0.03807,0.00219
14.249,0.03131,0.0023
14.25,0.02536,0.00241
14.251,0.02039,0.00251
14.252,0.01653,0.00263
14.253,0.01384,0.00277
14.254,0.01228,0.00295
14.255,0.01178,0.00317
14.256,0.0122,0.00345
14.257,0.01341,0.00378
14.258,0.01524,0.00415
14.259,0.01752,0.00454
14.26,0.02003,0.00494
14.261,0.0226,0.00532
14.262,0.02512,0.00563
14.263,0.02751,0.00585
14.264,0.02974,0.00594
14.265,0.03172,0.00587
14.266,0.03347,0.00563
14.267,0.03501,0.0052
14.268,0.03641,0.00461
14.269,0.03775,0.00387
14.27,0.03908,0.00302
14.271,0.04046,0.00211
14.272,0.04192,0.00121
14.273,0.0435,3.66E-04
14.274,0.04521,-3.45E-04
14.275,0.04703,-8.72E-04
14.276,0.04893,-0.00117
14.277,0.05085,-0.00122
14.278,0.0527,-0.00101
14.279,0.05435,-5.53E-04
14.28,0.05576,1.24E-04
14.281,0.05683,9.66E-04
14.282,0.05748,0.00191
14.283,0.05763,0.00289
14.284,0.05721,0.00383
14.285,0.05623,0.00465
14.286,0.05471,0.00531
14.287,0.05268,0.00575
14.288,0.05021,0.00594
14.289,0.04737,0.00588
14.29,0.0443,0.00558
14.291,0.04112,0.00506
14.292,0.03798,0.00438
14.293,0.03501,0.00359
14.294,0.03234,0.00275
14.295,0.03009,0.00192
14.296,0.02833,0.00116
14.297,0.02713,5.18E-04
14.298,0.02656,3.48E-05
14.299,0.02661,-2.67E-04
14.3,0.02724,-3.76E-04
14.301,0.02839,-2.98E-04
14.302,0.02999,-5.04E-05
14.303,0.03196,3.36E-04
14.304,0.0342,8.29E-04
14.305,0.03662,0.00139
14.306,0.03909,0.00197
14.307,0.04154,0.00255
14.308,0.04386,0.00306
14.309,0.04604,0.0035
14.31,0.04804,0.00383
14.311,0.04983,0.00403
14.312,0.0514,0.0041
14.313,0.05269,0.00402
14.314,0.05375,0.00382
14.315,0.05456,0.00348
14.316,0.05511,0.00303
14.317,0.05537,0.00249
14.318,0.05525,0.00187
14.319,0.0547,0.00121
14.32,0.05366,5.41E-04
14.321,0.05206,-1.22E-04
14.322,0.04984,-7.46E-04
14.323,0.04695,-0.0013
14.324,0.04335,-0.00177
14.325,0.03906,-0.00214
14.326,0.03415,-0.00238
14.327,0.02875,-0.0025
14.328,0.02305,-0.0025
14.329,0.01725,-0.00237
14.33,0.01164,-0.00214
14.331,0.00648,-0.00182
14.332,0.00208,-0.00143
14.333,-0.00122,-9.92E-04
14.334,-0.00315,-5.26E-04
14.335,-0.00353,-5.75E-05
14.336,-0.00221,3.93E-04
14.337,8.42E-04,8.12E-04
14.338,0.00559,0.00118
14.339,0.01191,0.0015
14.34,0.0195,0.00176
14.341,0.02801,0.00195
14.342,0.03702,0.00207
14.343,0.04605,0.00213
14.344,0.05462,0.00212
14.345,0.06224,0.00206
14.346,0.06848,0.00193
14.347,0.073,0.00176
14.348,0.0755,0.00154
14.349,0.07586,0.00128
14.35,0.07409,0.001
14.351,0.07035,7.15E-04
14.352,0.06485,4.34E-04
14.353,0.05795,1.77E-04
14.354,0.05009,-3.80E-05
14.355,0.04183,-1.93E-04
14.356,0.03367,-2.72E-04
14.357,0.02609,-2.66E-04
14.358,0.0195,-1.71E-04
14.359,0.01429,1.06E-05
14.36,0.01072,2.67E-04
14.361,0.00893,5.80E-04
14.362,0.00888,9.27E-04
14.363,0.01037,0.00128
14.364,0.01321,0.0016
14.365,0.01701,0.00186
14.366,0.02135,0.00204
14.367,0.02576,0.00211
14.368,0.02972,0.00206
14.369,0.03286,0.00189
14.37,0.03479,0.00161
14.371,0.03522,0.00125
14.372,0.03397,8.17E-04
14.373,0.03096,3.60E-04
14.374,0.02634,-8.55E-05
14.375,0.02028,-4.85E-04
14.376,0.01304,-8.07E-04
14.377,0.00497,-0.00103
14.378,-0.00355,-0.00114
14.379,-0.012,-0.00113
14.38,-0.02,-0.00101
14.381,-0.02721,-8.12E-04
14.382,-0.03333,-5.54E-04
14.383,-0.03815,-2.71E-04
14.384,-0.0415,2.69E-06
14.385,-0.0434,2.34E-04
14.386,-0.04396,3.96E-04
14.387,-0.04333,4.72E-04
14.388,-0.04174,4.53E-04
14.389,-0.03947,3.43E-04
14.39,-0.03688,1.54E-04
14.391,-0.03428,-9.34E-05
14.392,-0.03194,-3.72E-04
14.393,-0.03007,-6.51E-04
14.394,-0.02885,-8.99E-04
14.395,-0.02842,-0.00109
14.396,-0.02883,-0.00121
14.397,-0.02999,-0.00125
14.398,-0.03171,-0.0012
14.399,-0.03384,-0.00106
14.4,-0.03617,-8.53E-04
14.401,-0.03849,-5.99E-04
14.402,-0.04049,-3.18E-04
14.403,-0.04187,-3.49E-05
14.404,-0.04246,2.27E-04
14.405,-0.0421,4.50E-04
14.406,-0.04069,6.22E-04
14.407,-0.03816,7.34E-04
14.408,-0.03442,7.84E-04
14.409,-0.02966,7.77E-04
14.41,-0.02397,7.24E-04
14.411,-0.01752,6.37E-04
14.412,-0.01049,5.30E-04
14.413,-0.00304,4.12E-04
14.414,0.0045,2.99E-04
14.415,0.01193,1.99E-04
14.416,0.01907,1.17E-04
14.417,0.02575,5.51E-05
14.418,0.03188,9.53E-06
14.419,0.03725,-2.40E-05
14.42,0.04187,-5.24E-05
14.421,0.04572,-8.38E-05
14.422,0.04885,-1.26E-04
14.423,0.05131,-1.87E-04
14.424,0.05312,-2.74E-04
14.425,0.05447,-3.93E-04
14.426,0.05548,-5.46E-04
14.427,0.05628,-7.31E-04
14.428,0.05698,-9.42E-04
14.429,0.05759,-0.00118
14.43,0.05828,-0.00143
14.431,0.05913,-0.00168
14.432,0.06014,-0.00192
14.433,0.06128,-0.00214
14.434,0.06244,-0.00231
14.435,0.0636,-0.00242
14.436,0.06468,-0.00246
14.437,0.06557,-0.00241
14.438,0.06616,-0.00226
14.439,0.06626,-0.002
14.44,0.06585,-0.00163
14.441,0.06485,-0.00117
14.442,0.06325,-6.12E-04
14.443,0.06107,1.31E-05
14.444,0.05836,6.81E-04
14.445,0.05524,0.00136
14.446,0.05189,0.00202
14.447,0.04848,0.00263
14.448,0.04522,0.00316
14.449,0.04235,0.00358
14.45,0.04007,0.00387
14.451,0.03858,0.00402
14.452,0.038,0.00404
14.453,0.03841,0.00393
14.454,0.03984,0.00371
14.455,0.04222,0.00342
14.456,0.04541,0.00307
14.457,0.04922,0.00272
14.458,0.05339,0.00237
14.459,0.0576,0.00206
14.46,0.06153,0.00181
14.461,0.06485,0.00163
14.462,0.06729,0.00152
14.463,0.06862,0.00147
14.464,0.06866,0.00146
14.465,0.06734,0.00148
14.466,0.06468,0.00149
14.467,0.06082,0.00148
14.468,0.056,0.00143
14.469,0.05051,0.00132
14.47,0.04474,0.00114
14.471,0.0391,8.97E-04
14.472,0.03401,6.05E-04
14.473,0.02991,2.86E-04
14.474,0.02711,-3.69E-05
14.475,0.02586,-3.39E-04
14.476,0.02632,-5.96E-04
14.477,0.02855,-7.79E-04
14.478,0.03254,-8.65E-04
14.479,0.038,-8.45E-04
14.48,0.0446,-7.19E-04
14.481,0.05195,-4.95E-04
14.482,0.05963,-1.84E-04
14.483,0.06727,2.03E-04
14.484,0.07432,6.40E-04
14.485,0.08043,0.00111
14.486,0.08529,0.00158
14.487,0.08873,0.00205
14.488,0.09072,0.0025
14.489,0.09143,0.00293
14.49,0.09118,0.00334
14.491,0.09035,0.00373
14.492,0.08932,0.00412
14.493,0.08838,0.0045
14.494,0.0884,0.00488
14.495,0.08993,0.00527
14.496,0.09338,0.00566
14.497,0.09882,0.00605
14.498,0.10567,0.00638
14.499,0.11434,0.00665
14.5,0.1244,0.00684
14.501,0.13524,0.00692
14.502,0.14574,0.00684
14.503,0.15399,0.00655
14.504,0.15943,0.00604
14.505,0.1607,0.0053
14.506,0.15655,0.00433
14.507,0.14563,0.00311
14.508,0.12628,0.00164
14.509,0.09831,-3.41E-05
14.51,0.06121,-0.00189
14.511,0.01495,-0.00389
14.512,-0.0401,-0.00599
14.513,-0.10317,-0.00814
14.514,-0.17262,-0.01029
14.515,-0.2469,-0.01238
14.516,-0.32407,-0.01438
14.517,-0.40174,-0.01623
14.518,-0.47698,-0.01788
14.519,-0.54709,-0.01929
14.52,-0.60999,-0.02045
14.521,-0.66363,-0.02134
14.522,-0.70584,-0.02195
14.523,-0.73441,-0.02223
14.524,-0.74818,-0.02221
14.525,-0.74723,-0.0219
14.526,-0.73184,-0.02134
14.527,-0.70235,-0.02054
14.528,-0.65938,-0.01951
14.529,-0.60455,-0.0183
14.53,-0.54053,-0.01697
14.531,-0.46982,-0.01554
14.532,-0.39472,-0.01407
14.533,-0.31755,-0.01256
14.534,-0.24094,-0.01104
14.535,-0.16759,-0.00956
14.536,-0.09961,-0.00812
14.537,-0.03864,-0.00673
14.538,0.01411,-0.00539
14.539,0.05746,-0.00411
14.54,0.09123,-0.00288
14.541,0.11556,-0.00169
14.542,0.13089,-5.51E-04
14.543,0.13811,5.49E-04
14.544,0.13773,0.00158
14.545,0.1317,0.00255
14.546,0.12157,0.00345
14.547,0.10866,0.00426
14.548,0.0944,0.00496
14.549,0.07928,0.00549
14.55,0.06506,0.00588
14.551,0.05271,0.00611
14.552,0.04272,0.00617
14.553,0.03544,0.00606
14.554,0.03033,0.00577
14.555,0.02777,0.00533
14.556,0.02758,0.00477
14.557,0.02935,0.00412
14.558,0.03256,0.0034
14.559,0.03646,0.00263
14.56,0.04072,0.00185
14.561,0.04499,0.00109
14.562,0.04895,3.53E-04
14.563,0.05233,-3.27E-04
14.564,0.05501,-9.51E-04
14.565,0.0569,-0.00151
14.566,0.05808,-0.002
14.567,0.05865,-0.00242
14.568,0.05877,-0.00277
14.569,0.05867,-0.00303
14.57,0.05845,-0.00321
14.571,0.05822,-0.00329
14.572,0.05804,-0.00327
14.573,0.05796,-0.00314
14.574,0.05799,-0.00288
14.575,0.05805,-0.0025
14.576,0.05804,-0.00199
14.577,0.05784,-0.00137
14.578,0.05733,-6.58E-04
14.579,0.05639,1.34E-04
14.58,0.05499,9.64E-04
14.581,0.05312,0.00179
14.582,0.0508,0.00258
14.583,0.0481,0.00328
14.584,0.04514,0.00385
14.585,0.04209,0.00427
14.586,0.03916,0.00451
14.587,0.03651,0.00455
14.588,0.03435,0.00441
14.589,0.03282,0.00408
14.59,0.03203,0.0036
14.591,0.032,0.00301
14.592,0.03275,0.00235
14.593,0.0342,0.00165
14.594,0.03626,9.59E-04
14.595,0.03872,3.21E-04
14.596,0.04138,-2.32E-04
14.597,0.04404,-6.77E-04
14.598,0.04648,-1.00E-03
14.599,0.04854,-0.0012
14.6,0.05007,-0.00129
14.601,0.05097,-0.00127
14.602,0.0512,-0.00117
14.603,0.05076,-0.001
14.604,0.04976,-8.07E-04
14.605,0.04832,-6.00E-04
14.606,0.0466,-4.01E-04
14.607,0.04477,-2.24E-04
14.608,0.04298,-7.42E-05
14.609,0.04142,4.41E-05
14.61,0.04021,1.29E-04
14.611,0.03945,1.87E-04
14.612,0.03915,2.27E-04
14.613,0.03927,2.66E-04
14.614,0.03976,3.15E-04
14.615,0.04049,3.84E-04
14.616,0.04131,4.84E-04
14.617,0.04204,6.24E-04
14.618,0.04248,8.12E-04
14.619,0.04247,0.00105
14.62,0.04187,0.00135
14.621,0.0406,0.00169
14.622,0.0386,0.00208
14.623,0.0359,0.0025
14.624,0.0326,0.00295
14.625,0.02882,0.00341
14.626,0.02474,0.00385
14.627,0.02057,0.00427
14.628,0.01656,0.00464
14.629,0.01297,0.00494
14.63,0.01,0.00514
14.631,0.00784,0.00525
14.632,0.0066,0.00523
14.633,0.00635,0.0051
14.634,0.00715,0.00484
14.635,0.00891,0.00446
14.636,0.01149,0.00399
14.637,0.01473,0.00345
14.638,0.01834,0.00286
14.639,0.02213,0.00224
14.64,0.02581,0.00165
14.641,0.02911,0.00109
14.642,0.03179,6.09E-04
14.643,0.03361,2.17E-04
14.644,0.03446,-6.94E-05
14.645,0.03423,-2.45E-04
14.646,0.03288,-3.13E-04
14.647,0.03046,-2.81E-04
14.648,0.02704,-1.61E-04
14.649,0.02279,2.77E-05
14.65,0.01791,2.63E-04
14.651,0.01262,5.23E-04
14.652,0.00716,7.91E-04
14.653,0.00176,0.00105
14.654,-0.00331,0.0013
14.655,-0.00785,0.00153
14.656,-0.01169,0.00173
14.657,-0.01469,0.00191
14.658,-0.01678,0.00207
14.659,-0.01789,0.00222
14.66,-0.01804,0.00236
14.661,-0.01731,0.00249
14.662,-0.0158,0.00261
14.663,-0.01366,0.00273
14.664,-0.011,0.00283
14.665,-0.00804,0.00291
14.666,-0.00496,0.00298
14.667,-0.00196,0.00302
14.668,7.53E-04,0.00303
14.669,0.00308,0.00302
14.67,0.00487,0.003
14.671,0.006,0.00297
14.672,0.00639,0.00294
14.673,0.00596,0.00292
14.674,0.00476,0.00292
14.675,0.00282,0.00295
14.676,1.87E-04,0.00302
14.677,-0.00307,0.00311
14.678,-0.00688,0.00322
14.679,-0.01108,0.00333
14.68,-0.01553,0.00343
14.681,-0.02012,0.00349
14.682,-0.02473,0.00348
14.683,-0.02928,0.00338
14.684,-0.03362,0.00319
14.685,-0.03769,0.00289
14.686,-0.04143,0.00248
14.687,-0.04481,0.00197
14.688,-0.04785,0.00139
14.689,-0.05047,7.73E-04
14.69,-0.05273,1.51E-04
14.691,-0.05466,-4.34E-04
14.692,-0.0563,-9.41E-04
14.693,-0.0577,-0.00133
14.694,-0.05881,-0.00157
14.695,-0.05971,-0.00164
14.696,-0.06042,-0.00152
14.697,-0.06096,-0.00124
14.698,-0.0614,-8.03E-04
14.699,-0.06163,-2.36E-04
14.7,-0.06172,4.19E-04
14.701,-0.0617,0.00112
14.702,-0.06162,0.00181
14.703,-0.06156,0.00245
14.704,-0.06147,0.00299
14.705,-0.06148,0.0034
14.706,-0.06167,0.00366
14.707,-0.06213,0.00374
14.708,-0.06302,0.00363
14.709,-0.06433,0.00335
14.71,-0.06616,0.00291
14.711,-0.06857,0.00232
14.712,-0.07161,0.00162
14.713,-0.0753,8.38E-04
14.714,-0.07952,5.83E-07
14.715,-0.08422,-8.56E-04
14.716,-0.08927,-0.0017
14.717,-0.09455,-0.00251
14.718,-0.0999,-0.00324
14.719,-0.10506,-0.00389
14.72,-0.10988,-0.00443
14.721,-0.11419,-0.00484
14.722,-0.11784,-0.00511
14.723,-0.12072,-0.00525
14.724,-0.1227,-0.00523
14.725,-0.12381,-0.00508
14.726,-0.12408,-0.0048
14.727,-0.12359,-0.0044
14.728,-0.12249,-0.00392
14.729,-0.1209,-0.00336
14.73,-0.11905,-0.00276
14.731,-0.11718,-0.00215
14.732,-0.11549,-0.00156
14.733,-0.11414,-0.00103
14.734,-0.11328,-5.70E-04
14.735,-0.11304,-2.05E-04
14.736,-0.1135,4.81E-05
14.737,-0.11464,1.82E-04
14.738,-0.11639,1.90E-04
14.739,-0.11862,8.19E-05
14.74,-0.12118,-1.32E-04
14.741,-0.1239,-4.37E-04
14.742,-0.12655,-8.18E-04
14.743,-0.12889,-0.00126
14.744,-0.13072,-0.00173
14.745,-0.13188,-0.00223
14.746,-0.13223,-0.00272
14.747,-0.13171,-0.00321
14.748,-0.13025,-0.00368
14.749,-0.12792,-0.00411
14.75,-0.12482,-0.0045
14.751,-0.12108,-0.00485
14.752,-0.11688,-0.00513
14.753,-0.11243,-0.00535
14.754,-0.10796,-0.0055
14.755,-0.10369,-0.00557
14.756,-0.0998,-0.00555
14.757,-0.09645,-0.00545
14.758,-0.09378,-0.00525
14.759,-0.09188,-0.00497
14.76,-0.09076,-0.00462
14.761,-0.09042,-0.00421
14.762,-0.09078,-0.00376
14.763,-0.09173,-0.00328
14.764,-0.0932,-0.00282
14.765,-0.09502,-0.00238
14.766,-0.09707,-0.002
14.767,-0.09919,-0.00169
14.768,-0.10122,-0.00147
14.769,-0.10313,-0.00134
14.77,-0.10479,-0.0013
14.771,-0.10613,-0.00134
14.772,-0.10712,-0.00145
14.773,-0.10766,-0.0016
14.774,-0.10781,-0.00177
14.775,-0.10753,-0.00194
14.776,-0.10681,-0.00209
14.777,-0.10565,-0.0022
14.778,-0.10399,-0.00225
14.779,-0.1019,-0.00223
14.78,-0.09937,-0.00215
14.781,-0.09642,-0.00201
14.782,-0.09305,-0.00182
14.783,-0.08929,-0.00159
14.784,-0.08524,-0.00135
14.785,-0.08102,-0.0011
14.786,-0.07673,-8.56E-04
14.787,-0.07248,-6.29E-04
14.788,-0.06836,-4.29E-04
14.789,-0.06462,-2.61E-04
14.79,-0.06135,-1.25E-04
14.791,-0.05869,-1.96E-05
14.792,-0.0567,5.63E-05
14.793,-0.05536,1.01E-04
14.794,-0.05475,1.12E-04
14.795,-0.05477,8.68E-05
14.796,-0.05526,1.92E-05
14.797,-0.05605,-9.70E-05
14.798,-0.05689,-2.67E-04
14.799,-0.05762,-4.99E-04
14.8,-0.05793,-7.95E-04
14.801,-0.05759,-0.00115
14.802,-0.0564,-0.00157
14.803,-0.05419,-0.00202
14.804,-0.05098,-0.00249
14.805,-0.04676,-0.00295
14.806,-0.04163,-0.00337
14.807,-0.03575,-0.00372
14.808,-0.02937,-0.00397
14.809,-0.02291,-0.00409
14.81,-0.01669,-0.00406
14.811,-0.01104,-0.00387
14.812,-0.00629,-0.00352
14.813,-0.00266,-0.00302
14.814,-4.35E-04,-0.0024
14.815,3.38E-04,-0.00168
14.816,-2.97E-04,-8.99E-04
14.817,-0.00219,-1.07E-04
14.818,-0.00504,6.60E-04
14.819,-0.00857,0.00136
14.82,-0.01233,0.00196
14.821,-0.01584,0.00244
14.822,-0.01866,0.00277
14.823,-0.02032,0.00297
14.824,-0.02058,0.00302
14.825,-0.01917,0.00295
14.826,-0.01598,0.00279
14.827,-0.01102,0.00254
14.828,-0.00445,0.00226
14.829,0.00332,0.00195
14.83,0.0119,0.00166
14.831,0.0208,0.00139
14.832,0.02951,0.00117
14.833,0.03753,9.97E-04
14.834,0.04428,8.81E-04
14.835,0.0494,8.17E-04
14.836,0.05265,8.02E-04
14.837,0.05392,8.25E-04
14.838,0.05329,8.77E-04
14.839,0.05088,9.43E-04
14.84,0.04711,0.00102
14.841,0.04244,0.00109
14.842,0.03743,0.00115
14.843,0.03268,0.0012
14.844,0.02871,0.00124
14.845,0.02608,0.00127
14.846,0.0252,0.00129
14.847,0.02634,0.0013
14.848,0.02959,0.00131
14.849,0.03481,0.00133
14.85,0.04179,0.00136
14.851,0.05012,0.0014
14.852,0.05927,0.00146
14.853,0.06862,0.00155
14.854,0.07744,0.00166
14.855,0.08513,0.0018
14.856,0.09114,0.00195
14.857,0.09504,0.00212
14.858,0.09652,0.00229
14.859,0.09542,0.00246
14.86,0.09186,0.0026
14.861,0.08612,0.0027
14.862,0.0786,0.00275
14.863,0.06985,0.00275
14.864,0.06054,0.00267
14.865,0.05138,0.00253
14.866,0.04301,0.00234
14.867,0.03604,0.00209
14.868,0.03095,0.00183
14.869,0.0281,0.00156
14.87,0.02764,0.00134
14.871,0.02955,0.00118
14.872,0.03362,0.00113
14.873,0.03948,0.0012
14.874,0.04663,0.00141
14.875,0.05447,0.00178
14.876,0.06239,0.00229
14.877,0.06976,0.00292
14.878,0.07598,0.00363
14.879,0.0806,0.00437
14.88,0.08327,0.00509
14.881,0.08382,0.00572
14.882,0.08221,0.0062
14.883,0.07854,0.00647
14.884,0.07314,0.00649
14.885,0.0664,0.00622
14.886,0.05877,0.00565
14.887,0.05076,0.00479
14.888,0.04288,0.00368
14.889,0.03564,0.00235
14.89,0.02944,8.85E-04
14.891,0.02457,-6.51E-04
14.892,0.02119,-0.00217
14.893,0.01938,-0.00359
14.894,0.01908,-0.00482
14.895,0.02009,-0.00581
14.896,0.02217,-0.00649
14.897,0.02498,-0.00686
14.898,0.02819,-0.00687
14.899,0.03144,-0.00655
14.9,0.0344,-0.00592
14.901,0.03679,-0.00503
14.902,0.03843,-0.00393
14.903,0.03923,-0.00268
14.904,0.0392,-0.00136
14.905,0.03837,-3.09E-05
14.906,0.03687,0.00124
14.907,0.03491,0.00241
14.908,0.03274,0.00342
14.909,0.03063,0.00423
14.91,0.02881,0.00483
14.911,0.02747,0.0052
14.912,0.02677,0.00533
14.913,0.02682,0.00523
14.914,0.02766,0.00493
14.915,0.02925,0.00444
14.916,0.03149,0.00379
14.917,0.03422,0.00301
14.918,0.03723,0.00216
14.919,0.04031,0.00126
14.92,0.04322,3.59E-04
14.921,0.04576,-4.96E-04
14.922,0.04775,-0.00127
14.923,0.04903,-0.00191
14.924,0.04949,-0.00241
14.925,0.04911,-0.00273
14.926,0.04791,-0.00285
14.927,0.04599,-0.00277
14.928,0.04346,-0.00249
14.929,0.04052,-0.00202
14.93,0.03735,-0.00139
14.931,0.03418,-6.36E-04
14.932,0.03122,2.14E-04
14.933,0.02865,0.00111
14.934,0.02667,0.00201
14.935,0.02539,0.00286
14.936,0.02489,0.00362
14.937,0.02519,0.00425
14.938,0.02627,0.00473
14.939,0.02803,0.00503
14.94,0.03036,0.00513
14.941,0.03308,0.00504
14.942,0.03601,0.00476
14.943,0.03893,0.00431
14.944,0.04164,0.00371
14.945,0.04393,0.00299
14.946,0.04564,0.00219
14.947,0.04664,0.00135
14.948,0.04684,5.23E-04
14.949,0.04622,-2.52E-04
14.95,0.04478,-9.22E-04
14.951,0.04261,-0.00145
14.952,0.03982,-0.00178
14.953,0.03658,-0.00191
14.954,0.03311,-0.00179
14.955,0.02962,-0.00142
14.956,0.02633,-7.95E-04
14.957,0.02346,5.99E-05
14.958,0.02119,0.00111
14.959,0.0197,0.00232
14.96,0.01907,0.00362
14.961,0.01936,0.00494
14.962,0.02056,0.00621
14.963,0.02261,0.00735
14.964,0.02537,0.00829
14.965,0.02866,0.00895
14.966,0.03226,0.00929
14.967,0.03596,0.00927
14.968,0.03952,0.00888
14.969,0.04269,0.00812
14.97,0.04528,0.00705
14.971,0.04712,0.00571
14.972,0.04811,0.00417
14.973,0.04824,0.00252
14.974,0.04753,8.57E-04
14.975,0.04606,-7.20E-04
14.976,0.04401,-0.00213
14.977,0.04157,-0.00328
14.978,0.03898,-0.00413
14.979,0.03651,-0.00463
14.98,0.03441,-0.00477
14.981,0.03291,-0.00456
14.982,0.03218,-0.00403
14.983,0.03235,-0.00322
14.984,0.03347,-0.0022
14.985,0.03553,-0.00105
14.986,0.03843,1.67E-04
14.987,0.04201,0.00137
14.988,0.04603,0.00248
14.989,0.0502,0.00344
14.99,0.05425,0.00422
14.991,0.05788,0.00477
14.992,0.06083,0.00508
14.993,0.06284,0.00514
14.994,0.06373,0.00496
14.995,0.06343,0.00456
14.996,0.06191,0.00396
14.997,0.05924,0.0032
14.998,0.05555,0.00231
14.999,0.05107,0.00132
15,0.04607,2.89E-04
15.001,0.04087,-7.60E-04
15.002,0.03577,-0.00179
15.003,0.03106,-0.00277
15.004,0.02705,-0.00366
15.005,0.02394,-0.00444
15.006,0.02188,-0.00508
15.007,0.02096,-0.00556
15.008,0.02116,-0.00588
15.009,0.0224,-0.00603
15.01,0.02452,-0.006
15.011,0.02731,-0.00581
15.012,0.03051,-0.00546
15.013,0.03384,-0.005
15.014,0.03704,-0.00444
15.015,0.03983,-0.00381
15.016,0.04201,-0.00317
15.017,0.04341,-0.00253
15.018,0.04393,-0.00195
15.019,0.04357,-0.00145
15.02,0.04236,-0.00107
15.021,0.04039,-8.31E-04
15.022,0.03784,-7.43E-04
15.023,0.0349,-8.15E-04
15.024,0.03182,-0.00105
15.025,0.02882,-0.00143
15.026,0.02611,-0.00196
15.027,0.02387,-0.0026
15.028,0.02227,-0.00333
15.029,0.02138,-0.00411
15.03,0.02126,-0.00492
15.031,0.02186,-0.00572
15.032,0.02312,-0.00647
15.033,0.02491,-0.00711
15.034,0.02706,-0.00763
15.035,0.02938,-0.00798
15.036,0.03169,-0.00814
15.037,0.0338,-0.00808
15.038,0.03557,-0.00777
15.039,0.03685,-0.0072
15.04,0.03757,-0.00639
15.041,0.0377,-0.00533
15.042,0.03727,-0.00406
15.043,0.03636,-0.00261
15.044,0.03507,-0.00103
15.045,0.03354,6.17E-04
15.046,0.03194,0.00227
15.047,0.03043,0.00387
15.048,0.02919,0.00533
15.049,0.02834,0.0066
15.05,0.02801,0.00761
15.051,0.02824,0.00833
15.052,0.02906,0.00874
15.053,0.03047,0.0088
15.054,0.03237,0.00852
15.055,0.03469,0.00793
15.056,0.03728,0.00707
15.057,0.04,0.00599
15.058,0.04272,0.00472
15.059,0.04528,0.00333
15.06,0.04756,0.00189
15.061,0.04947,4.58E-04
15.062,0.05095,-9.22E-04
15.063,0.05198,-0.0022
15.064,0.05254,-0.00335
15.065,0.0527,-0.00433
15.066,0.05251,-0.00514
15.067,0.05207,-0.00576
15.068,0.05145,-0.00618
15.069,0.05073,-0.00641
15.07,0.05,-0.00646
15.071,0.04932,-0.00634
15.072,0.04873,-0.00606
15.073,0.04824,-0.00563
15.074,0.04782,-0.00506
15.075,0.04747,-0.00437
15.076,0.04715,-0.00361
15.077,0.0468,-0.00278
15.078,0.04638,-0.00192
15.079,0.04585,-0.00106
15.08,0.04519,-2.35E-04
15.081,0.04443,5.15E-04
15.082,0.04356,0.00116
15.083,0.04261,0.00166
15.084,0.04166,0.00201
15.085,0.04078,0.00219
15.086,0.04002,0.0022
15.087,0.03946,0.00204
15.088,0.03909,0.00172
15.089,0.03899,0.00128
15.09,0.03911,7.46E-04
15.091,0.03941,1.68E-04
15.092,0.03982,-4.20E-04
15.093,0.04024,-9.77E-04
15.094,0.04055,-0.00147
15.095,0.0406,-0.00188
15.096,0.04028,-0.00217
15.097,0.03947,-0.00234
15.098,0.03811,-0.00239
15.099,0.03618,-0.00234
15.1,0.03368,-0.00221
15.101,0.03069,-0.00201
15.102,0.02734,-0.00177
15.103,0.02382,-0.00152
15.104,0.02036,-0.00128
15.105,0.01721,-0.00108
15.106,0.01461,-9.36E-04
15.107,0.01279,-8.42E-04
15.108,0.01194,-8.01E-04
15.109,0.01225,-8.07E-04
15.11,0.01375,-8.53E-04
15.111,0.01644,-9.24E-04
15.112,0.0202,-0.001
15.113,0.02484,-0.00106
15.114,0.0301,-0.00109
15.115,0.03563,-0.00107
15.116,0.04108,-9.92E-04
15.117,0.04604,-8.41E-04
15.118,0.05013,-6.14E-04
15.119,0.05303,-3.09E-04
15.12,0.0545,7.29E-05
15.121,0.05436,5.25E-04
15.122,0.05255,0.00103
15.123,0.04908,0.00158
15.124,0.04416,0.00214
15.125,0.03808,0.0027
15.126,0.03119,0.00322
15.127,0.02388,0.00369
15.128,0.01657,0.00407
15.129,0.00975,0.00433
15.13,0.00382,0.00445
15.131,-8.91E-04,0.00442
15.132,-0.00417,0.00423
15.133,-0.00593,0.00387
15.134,-0.00614,0.00335
15.135,-0.00493,0.00269
15.136,-0.00256,0.00192
15.137,6.34E-04,0.00107
15.138,0.00419,1.64E-04
15.139,0.00773,-7.39E-04
15.14,0.01076,-0.0016
15.141,0.01287,-0.00239
15.142,0.01374,-0.00309
15.143,0.01309,-0.00367
15.144,0.01087,-0.00413
15.145,0.00704,-0.00447
15.146,0.00172,-0.00471
15.147,-0.00483,-0.00489
15.148,-0.01224,-0.00502
15.149,-0.02005,-0.00515
15.15,-0.02783,-0.00531
15.151,-0.03512,-0.00553
15.152,-0.04149,-0.00584
15.153,-0.0465,-0.00625
15.154,-0.04988,-0.00675
15.155,-0.05147,-0.00735
15.156,-0.05124,-0.00801
15.157,-0.04923,-0.00871
15.158,-0.04557,-0.0094
15.159,-0.04055,-0.01005
15.16,-0.03455,-0.0106
15.161,-0.02795,-0.01105
15.162,-0.02112,-0.01134
15.163,-0.0144,-0.01146
15.164,-0.00817,-0.0114
15.165,-0.0027,-0.01117
15.166,0.00181,-0.01077
15.167,0.00529,-0.01024
15.168,0.00778,-0.0096
15.169,0.00932,-0.00887
15.17,0.01005,-0.0081
15.171,0.01018,-0.00731
15.172,0.00996,-0.00655
15.173,0.00968,-0.00582
15.174,0.0095,-0.00516
15.175,0.00965,-0.00457
15.176,0.01029,-0.00407
15.177,0.01152,-0.00366
15.178,0.01343,-0.00334
15.179,0.0159,-0.00311
15.18,0.01891,-0.00297
15.181,0.02237,-0.00291
15.182,0.02614,-0.00293
15.183,0.0301,-0.003
15.184,0.03401,-0.00315
15.185,0.03778,-0.00334
15.186,0.04134,-0.00357
15.187,0.0446,-0.00382
15.188,0.04751,-0.00408
15.189,0.05,-0.00433
15.19,0.05213,-0.00457
15.191,0.05397,-0.00477
15.192,0.05554,-0.00491
15.193,0.05688,-0.00497
15.194,0.058,-0.00496
15.195,0.05896,-0.00487
15.196,0.05977,-0.00468
15.197,0.06042,-0.00441
15.198,0.06085,-0.00403
15.199,0.06097,-0.00358
15.2,0.06073,-0.00305
15.201,0.0601,-0.00246
15.202,0.05899,-0.00182
15.203,0.05738,-0.00114
15.204,0.05521,-4.31E-04
15.205,0.05253,2.83E-04
15.206,0.0494,9.91E-04
15.207,0.04595,0.00168
15.208,0.04233,0.00233
15.209,0.0387,0.00291
15.21,0.03526,0.00342
15.211,0.03223,0.00385
15.212,0.02981,0.00416
15.213,0.02823,0.00436
15.214,0.02763,0.00442
15.215,0.02811,0.00436
15.216,0.02971,0.00418
15.217,0.03244,0.00388
15.218,0.03622,0.00349
15.219,0.04091,0.00303
15.22,0.04628,0.00253
15.221,0.05209,0.00203
15.222,0.05805,0.00157
15.223,0.06388,0.00116
15.224,0.06925,8.37E-04
15.225,0.07389,6.14E-04
15.226,0.07757,5.00E-04
15.227,0.08012,4.90E-04
15.228,0.08143,5.65E-04
15.229,0.08145,6.98E-04
15.23,0.08023,8.52E-04
15.231,0.07793,9.89E-04
15.232,0.07472,0.00107
15.233,0.07089,0.00107
15.234,0.06669,9.51E-04
15.235,0.06244,7.02E-04
15.236,0.05846,3.19E-04
15.237,0.05505,-1.84E-04
15.238,0.05253,-7.72E-04
15.239,0.05097,-0.00141
15.24,0.05053,-0.00204
15.241,0.05122,-0.00261
15.242,0.05305,-0.00307
15.243,0.05596,-0.00337
15.244,0.0597,-0.00346
15.245,0.06409,-0.00332
15.246,0.06886,-0.00294
15.247,0.07379,-0.00234
15.248,0.07862,-0.00153
15.249,0.08327,-5.50E-04
15.25,0.08765,5.37E-04
15.251,0.09172,0.00167
15.252,0.09542,0.00279
15.253,0.09858,0.00383
15.254,0.10171,0.00472
15.255,0.10505,0.00543
15.256,0.1088,0.00593
15.257,0.11294,0.00618
15.258,0.11693,0.00618
15.259,0.1214,0.00595
15.26,0.12619,0.0055
15.261,0.13104,0.00489
15.262,0.13524,0.00412
15.263,0.13731,0.00323
15.264,0.13716,0.00227
15.265,0.13377,0.00128
15.266,0.12618,2.82E-04
15.267,0.1132,-7.05E-04
15.268,0.09324,-0.00169
15.269,0.06604,-0.00265
15.27,0.03087,-0.0036
15.271,-0.01256,-0.00455
15.272,-0.06425,-0.00551
15.273,-0.12381,-0.00652
15.274,-0.19,-0.00758
15.275,-0.26165,-0.00871
15.276,-0.33711,-0.00993
15.277,-0.41415,-0.01125
15.278,-0.48993,-0.01263
15.279,-0.56169,-0.01406
15.28,-0.62718,-0.01554
15.281,-0.68409,-0.01702
15.282,-0.72992,-0.01845
15.283,-0.76205,-0.01975
15.284,-0.77889,-0.02087
15.285,-0.7802,-0.02174
15.286,-0.76594,-0.02233
15.287,-0.73627,-0.02256
15.288,-0.69169,-0.02237
15.289,-0.63389,-0.02173
15.29,-0.5657,-0.02065
15.291,-0.48992,-0.01913
15.292,-0.40922,-0.0172
15.293,-0.3263,-0.01489
15.294,-0.2443,-0.0123
15.295,-0.16629,-0.00951
15.296,-0.09475,-0.00663
15.297,-0.03158,-0.00376
15.298,0.02185,-9.96E-04
15.299,0.06433,0.00154
15.3,0.09583,0.00376
15.301,0.11672,0.00562
15.302,0.12777,0.00706
15.303,0.13025,0.00806
15.304,0.12513,0.00862
15.305,0.11479,0.00878
15.306,0.10117,0.0086
15.307,0.08587,0.00816
15.308,0.07051,0.00753
15.309,0.05564,0.00677
15.31,0.04296,0.00599
15.311,0.03325,0.00527
15.312,0.02671,0.00467
15.313,0.02332,0.00423
15.314,0.02211,0.00395
15.315,0.02303,0.00387
15.316,0.02553,0.00398
15.317,0.02889,0.00423
15.318,0.03243,0.00461
15.319,0.03526,0.00505
15.32,0.03709,0.0055
15.321,0.03777,0.00593
15.322,0.03725,0.00631
15.323,0.0357,0.00658
15.324,0.0334,0.00675
15.325,0.03074,0.00678
15.326,0.02819,0.00669
15.327,0.02629,0.00649
15.328,0.02549,0.0062
15.329,0.02623,0.00586
15.33,0.02863,0.00548
15.331,0.03271,0.00509
15.332,0.03836,0.00474
15.333,0.04531,0.00445
15.334,0.05313,0.00424
15.335,0.0613,0.00413
15.336,0.06926,0.00414
15.337,0.07642,0.00426
15.338,0.08226,0.00449
15.339,0.08632,0.00482
15.34,0.08835,0.00524
15.341,0.08826,0.00572
15.342,0.08607,0.00623
15.343,0.08198,0.00674
15.344,0.07631,0.00721
15.345,0.06957,0.00761
15.346,0.06228,0.0079
15.347,0.055,0.00806
15.348,0.04826,0.00807
15.349,0.04253,0.00791
15.35,0.03818,0.00758
15.351,0.03544,0.00709
15.352,0.03441,0.00647
15.353,0.03505,0.00574
15.354,0.03718,0.00494
15.355,0.0405,0.00411
15.356,0.04467,0.00332
15.357,0.04926,0.00259
15.358,0.05387,0.00197
15.359,0.05812,0.0015
15.36,0.06169,0.00121
15.361,0.06434,0.00109
15.362,0.06595,0.00116
15.363,0.06646,0.00138
15.364,0.06597,0.00175
15.365,0.06459,0.00221
15.366,0.06254,0.00274
15.367,0.06005,0.00327
15.368,0.05735,0.00378
15.369,0.05471,0.00421
15.37,0.05228,0.00455
15.371,0.05021,0.00477
15.372,0.04855,0.00486
15.373,0.04732,0.00481
15.374,0.04647,0.00463
15.375,0.04592,0.00435
15.376,0.04554,0.00398
15.377,0.0452,0.00354
15.378,0.04478,0.00306
15.379,0.04418,0.00256
15.38,0.04338,0.00207
15.381,0.04236,0.00159
15.382,0.04117,0.00113
15.383,0.03987,7.03E-04
15.384,0.03862,3.06E-04
15.385,0.03752,-6.17E-05
15.386,0.0367,-4.04E-04
15.387,0.03629,-7.22E-04
15.388,0.03633,-0.00101
15.389,0.03691,-0.00128
15.39,0.03797,-0.00152
15.391,0.03945,-0.00173
15.392,0.04119,-0.00191
15.393,0.04302,-0.00203
15.394,0.04478,-0.00209
15.395,0.04625,-0.00209
15.396,0.04724,-0.00202
15.397,0.04758,-0.00187
15.398,0.04711,-0.00165
15.399,0.04583,-0.00133
15.4,0.04372,-9.45E-04
15.401,0.04087,-4.83E-04
15.402,0.03739,4.15E-05
15.403,0.03341,6.14E-04
15.404,0.02921,0.00122
15.405,0.02498,0.00184
15.406,0.02095,0.00246
15.407,0.0173,0.00304
15.408,0.01415,0.00355
15.409,0.01166,0.00398
15.41,0.00985,0.00428
15.411,0.00868,0.00444
15.412,0.00808,0.00442
15.413,0.00791,0.00423
15.414,0.00805,0.00386
15.415,0.00831,0.0033
15.416,0.0085,0.00258
15.417,0.00848,0.00173
15.418,0.00808,8.04E-04
15.419,0.0073,-1.51E-04
15.42,0.00605,-0.00106
15.421,0.00437,-0.00187
15.422,0.00231,-0.00251
15.423,-7.74E-05,-0.00291
15.424,-0.00257,-0.00303
15.425,-0.00507,-0.00284
15.426,-0.00746,-0.00233
15.427,-0.00963,-0.00151
15.428,-0.0115,-4.23E-04
15.429,-0.01296,8.79E-04
15.43,-0.01403,0.00232
15.431,-0.01475,0.0038
15.432,-0.0152,0.00523
15.433,-0.01551,0.0065
15.434,-0.01571,0.00753
15.435,-0.01597,0.00824
15.436,-0.01638,0.00858
15.437,-0.01706,0.00852
15.438,-0.01812,0.00806
15.439,-0.01951,0.00722
15.44,-0.02125,0.00606
15.441,-0.02329,0.00465
15.442,-0.02559,0.00309
15.443,-0.02811,0.00147
15.444,-0.03065,-1.14E-04
15.445,-0.03315,-0.00155
15.446,-0.03553,-0.00278
15.447,-0.03774,-0.00372
15.448,-0.03979,-0.00433
15.449,-0.0416,-0.00461
15.45,-0.04324,-0.00455
15.451,-0.0448,-0.0042
15.452,-0.04635,-0.00358
15.453,-0.04803,-0.00278
15.454,-0.04988,-0.00185
15.455,-0.052,-8.72E-04
15.456,-0.05445,7.96E-05
15.457,-0.05729,9.43E-04
15.458,-0.06051,0.00166
15.459,-0.06399,0.0022
15.46,-0.06767,0.00253
15.461,-0.07142,0.00264
15.462,-0.07511,0.00255
15.463,-0.07859,0.00225
15.464,-0.08162,0.00179
15.465,-0.08413,0.00121
15.466,-0.08601,5.27E-04
15.467,-0.08721,-2.07E-04
15.468,-0.08774,-9.57E-04
15.469,-0.08759,-0.00169
15.47,-0.08688,-0.00237
15.471,-0.08579,-0.003
15.472,-0.08448,-0.00354
15.473,-0.08317,-0.004
15.474,-0.08202,-0.00438
15.475,-0.08122,-0.00468
15.476,-0.08097,-0.00491
15.477,-0.08136,-0.00509
15.478,-0.08247,-0.00522
15.479,-0.08427,-0.0053
15.48,-0.08672,-0.00534
15.481,-0.08971,-0.00535
15.482,-0.09312,-0.0053
15.483,-0.09674,-0.0052
15.484,-0.10034,-0.00503
15.485,-0.10374,-0.00476
15.486,-0.10676,-0.0044
15.487,-0.10924,-0.00394
15.488,-0.11108,-0.00337
15.489,-0.11217,-0.0027
15.49,-0.11251,-0.00196
15.491,-0.11215,-0.00118
15.492,-0.11116,-3.85E-04
15.493,-0.1097,3.50E-04
15.494,-0.10787,9.77E-04
15.495,-0.10584,0.00144
15.496,-0.10379,0.00168
15.497,-0.10187,0.00165
15.498,-0.10026,0.00132
15.499,-0.09904,6.66E-04
15.5,-0.0983,-2.93E-04
15.501,-0.0981,-0.00153
15.502,-0.09848,-0.00299
15.503,-0.09945,-0.00461
15.504,-0.10096,-0.00629
15.505,-0.10301,-0.00793
15.506,-0.10554,-0.00943
15.507,-0.10849,-0.0107
15.508,-0.11178,-0.01164
15.509,-0.11533,-0.01219
15.51,-0.11909,-0.01231
15.511,-0.12298,-0.012
15.512,-0.1269,-0.01126
15.513,-0.13066,-0.01015
15.514,-0.13419,-0.00872
15.515,-0.13736,-0.00709
15.516,-0.14002,-0.00534
15.517,-0.14201,-0.00359
15.518,-0.14312,-0.00194
15.519,-0.14325,-4.67E-04
15.52,-0.14227,7.42E-04
15.521,-0.14012,0.00164
15.522,-0.13674,0.00221
15.523,-0.13213,0.00245
15.524,-0.12636,0.00239
15.525,-0.1196,0.00206
15.526,-0.11205,0.00154
15.527,-0.10398,8.75E-04
15.528,-0.09569,1.53E-04
15.529,-0.08755,-5.73E-04
15.53,-0.07991,-0.00124
15.531,-0.07312,-0.00181
15.532,-0.06749,-0.00224
15.533,-0.06328,-0.00252
15.534,-0.06074,-0.00266
15.535,-0.05992,-0.00265
15.536,-0.06082,-0.00253
15.537,-0.06335,-0.0023
15.538,-0.06729,-0.00198
15.539,-0.07242,-0.00162
15.54,-0.07835,-0.00122
15.541,-0.08466,-7.97E-04
15.542,-0.09093,-3.50E-04
15.543,-0.09669,1.12E-04
15.544,-0.10166,5.91E-04
15.545,-0.10546,0.00109
15.546,-0.10786,0.00161
15.547,-0.10868,0.00216
15.548,-0.10782,0.00272
15.549,-0.10542,0.00329
15.55,-0.10164,0.00385
15.551,-0.0967,0.00438
15.552,-0.09087,0.00484
15.553,-0.08441,0.00522
15.554,-0.07776,0.00548
15.555,-0.07124,0.0056
15.556,-0.06513,0.00555
15.557,-0.05962,0.00531
15.558,-0.05479,0.00489
15.559,-0.0508,0.00428
15.56,-0.0476,0.00351
15.561,-0.0451,0.00259
15.562,-0.04312,0.00158
15.563,-0.04139,5.04E-04
15.564,-0.03978,-5.72E-04
15.565,-0.03802,-0.00159
15.566,-0.0359,-0.0025
15.567,-0.03326,-0.00324
15.568,-0.02995,-0.00379
15.569,-0.02605,-0.00408
15.57,-0.02156,-0.00411
15.571,-0.01656,-0.00388
15.572,-0.01122,-0.0034
15.573,-0.00571,-0.00269
15.574,-4.18E-04,-0.00181
15.575,0.00451,-8.14E-04
15.576,0.00887,2.19E-04
15.577,0.0125,0.00122
15.578,0.0153,0.0021
15.579,0.0171,0.00279
15.58,0.01801,0.00324
15.581,0.01813,0.00339
15.582,0.01761,0.00322
15.583,0.01669,0.00272
15.584,0.01551,0.00193
15.585,0.01438,8.88E-04
15.586,0.01354,-3.45E-04
15.587,0.0132,-0.00168
15.588,0.01352,-0.00304
15.589,0.01454,-0.00431
15.59,0.01631,-0.00542
15.591,0.01881,-0.00627
15.592,0.02192,-0.00682
15.593,0.0255,-0.00702
15.594,0.02928,-0.00687
15.595,0.03306,-0.00639
15.596,0.03663,-0.00563
15.597,0.03979,-0.00463
15.598,0.04236,-0.00349
15.599,0.04416,-0.0023
15.6,0.04516,-0.00115
15.601,0.04534,-1.37E-04
15.602,0.04478,6.79E-04
15.603,0.04357,0.00124
15.604,0.04183,0.00152
15.605,0.03976,0.0015
15.606,0.03755,0.00122
15.607,0.03539,7.01E-04
15.608,0.0335,2.06E-05
15.609,0.03196,-7.52E-04
15.61,0.03092,-0.00154
15.611,0.03043,-0.00225
15.612,0.03052,-0.00284
15.613,0.03121,-0.00322
15.614,0.03239,-0.00337
15.615,0.03401,-0.00325
15.616,0.03596,-0.00287
15.617,0.03814,-0.00225
15.618,0.04047,-0.00143
15.619,0.04283,-4.55E-04
15.62,0.04515,6.09E-04
15.621,0.04738,0.0017
15.622,0.04951,0.00275
15.623,0.05149,0.0037
15.624,0.05332,0.00449
15.625,0.05502,0.00507
15.626,0.0566,0.00543
15.627,0.05805,0.00553
15.628,0.05935,0.0054
15.629,0.06048,0.00502
15.63,0.06141,0.00444
15.631,0.0621,0.0037
15.632,0.06248,0.00282
15.633,0.06251,0.00188
15.634,0.06211,9.21E-04
15.635,0.06128,-2.19E-06
15.636,0.05999,-8.38E-04
15.637,0.05827,-0.00154
15.638,0.05616,-0.00207
15.639,0.05372,-0.00239
15.64,0.05109,-0.0025
15.641,0.0484,-0.00239
15.642,0.04579,-0.00207
15.643,0.04342,-0.00155
15.644,0.04145,-8.66E-04
15.645,0.03999,-5.50E-05
15.646,0.03915,8.40E-04
15.647,0.03898,0.00177
15.648,0.03949,0.0027
15.649,0.04065,0.00358
15.65,0.04234,0.00437
15.651,0.04444,0.00506
15.652,0.04677,0.00562
15.653,0.04915,0.00603
15.654,0.05139,0.00631
15.655,0.05329,0.00645
15.656,0.05469,0.00649
15.657,0.05547,0.00641
15.658,0.05556,0.00625
15.659,0.05495,0.00601
15.66,0.05368,0.00571
15.661,0.05186,0.00535
15.662,0.0496,0.00493
15.663,0.04708,0.00445
15.664,0.04452,0.0039
15.665,0.04209,0.00328
15.666,0.03997,0.0026
15.667,0.03831,0.00185
15.668,0.03718,0.00105
15.669,0.03666,2.26E-04
15.67,0.03673,-6.04E-04
15.671,0.03733,-0.0014
15.672,0.03834,-0.00211
15.673,0.03959,-0.00269
15.674,0.04093,-0.0031
15.675,0.04217,-0.0033
15.676,0.04314,-0.00325
15.677,0.04369,-0.00294
15.678,0.04368,-0.00237
15.679,0.04308,-0.00154
15.68,0.04187,-4.95E-04
15.681,0.04009,7.18E-04
15.682,0.03781,0.00204
15.683,0.03515,0.00341
15.684,0.03229,0.00474
15.685,0.02936,0.00597
15.686,0.02651,0.00703
15.687,0.02389,0.00787
15.688,0.02163,0.00844
15.689,0.0198,0.00873
15.69,0.01843,0.00872
15.691,0.0175,0.00844
15.692,0.01698,0.0079
15.693,0.01686,0.00716
15.694,0.01705,0.00626
15.695,0.01745,0.00528
15.696,0.01801,0.00426
15.697,0.01868,0.00326
15.698,0.01945,0.00235
15.699,0.02036,0.00155
15.7,0.02145,9.15E-04
15.701,0.02277,4.57E-04
15.702,0.02441,1.87E-04
15.703,0.02641,1.07E-04
15.704,0.0289,1.98E-04
15.705,0.03189,4.40E-04
15.706,0.03539,8.04E-04
15.707,0.03933,0.00126
15.708,0.04355,0.00178
15.709,0.04791,0.00231
15.71,0.05218,0.00284
15.711,0.05609,0.00331
15.712,0.05934,0.00372
15.713,0.06161,0.00405
15.714,0.06259,0.0043
15.715,0.0621,0.00445
15.716,0.05996,0.00451
15.717,0.05611,0.0045
15.718,0.05059,0.00445
15.719,0.04351,0.00438
15.72,0.03516,0.00431
15.721,0.02589,0.00428
15.722,0.01615,0.00432
15.723,0.00648,0.00444
15.724,-0.0026,0.00465
15.725,-0.01058,0.00496
15.726,-0.01699,0.00538
15.727,-0.02141,0.00588
15.728,-0.0235,0.00645
15.729,-0.02309,0.00704
15.73,-0.02019,0.00763
15.731,-0.01493,0.00819
15.732,-0.00757,0.00868
15.733,0.00153,0.00907
15.734,0.01187,0.00932
15.735,0.02285,0.00944
15.736,0.03386,0.00942
15.737,0.04434,0.00926
15.738,0.05371,0.00896
15.739,0.06153,0.00857
15.74,0.06742,0.00809
15.741,0.07118,0.00758
15.742,0.07273,0.00704
15.743,0.07209,0.00651
15.744,0.06949,0.006
15.745,0.06527,0.00552
15.746,0.05983,0.0051
15.747,0.05362,0.00471
15.748,0.04711,0.00435
15.749,0.04074,0.00402
15.75,0.03499,0.00369
15.751,0.03017,0.00336
15.752,0.02653,0.00301
15.753,0.0242,0.00264
15.754,0.02314,0.00225
15.755,0.0233,0.00184
15.756,0.0245,0.00141
15.757,0.02648,9.85E-04
15.758,0.02894,5.81E-04
15.759,0.03155,2.17E-04
15.76,0.03399,-9.67E-05
15.761,0.03601,-3.51E-04
15.762,0.03742,-5.33E-04
15.763,0.03807,-6.30E-04
15.764,0.03795,-6.36E-04
15.765,0.03708,-5.58E-04
15.766,0.03557,-4.01E-04
15.767,0.0336,-1.66E-04
15.768,0.03139,1.42E-04
15.769,0.02921,5.25E-04
15.77,0.02728,9.74E-04
15.771,0.02579,0.00149
15.772,0.0249,0.00206
15.773,0.02472,0.00268
15.774,0.02527,0.00335
15.775,0.0265,0.00405
15.776,0.02829,0.00477
15.777,0.03047,0.00548
15.778,0.03285,0.00614
15.779,0.03517,0.00673
15.78,0.03722,0.00722
15.781,0.03881,0.00756
15.782,0.03977,0.00773
15.783,0.04001,0.0077
15.784,0.0395,0.00746
15.785,0.03829,0.007
15.786,0.03648,0.00635
15.787,0.03426,0.00553
15.788,0.03183,0.00458
15.789,0.02943,0.00355
15.79,0.02732,0.0025
15.791,0.02572,0.00151
15.792,0.0248,6.32E-04
15.793,0.02469,-8.07E-05
15.794,0.02546,-5.76E-04
15.795,0.02708,-8.25E-04
15.796,0.02945,-8.15E-04
15.797,0.03242,-5.54E-04
15.798,0.03577,-7.39E-05
15.799,0.03923,5.89E-04
15.8,0.04251,0.00137
15.801,0.04536,0.00221
15.802,0.04755,0.00303
15.803,0.04888,0.00376
15.804,0.04921,0.00434
15.805,0.0485,0.00472
15.806,0.0468,0.00485
15.807,0.04423,0.00472
15.808,0.04101,0.00432
15.809,0.03736,0.00368
15.81,0.03361,0.00282
15.811,0.03005,0.00179
15.812,0.02699,6.43E-04
15.813,0.02472,-5.48E-04
15.814,0.02345,-0.00172
15.815,0.02333,-0.0028
15.816,0.02442,-0.00375
15.817,0.02669,-0.00451
15.818,0.03003,-0.00505
15.819,0.03424,-0.00533
15.82,0.03906,-0.00535
15.821,0.04421,-0.00513
15.822,0.04934,-0.00468
15.823,0.05413,-0.00402
15.824,0.05826,-0.00321
15.825,0.06151,-0.0023
15.826,0.06369,-0.00134
15.827,0.0647,-3.78E-04
15.828,0.06448,5.33E-04
15.829,0.0631,0.00135
15.83,0.06071,0.00203
15.831,0.05749,0.00256
15.832,0.05367,0.00292
15.833,0.04951,0.00311
15.834,0.04527,0.00316
15.835,0.04119,0.00308
15.836,0.0375,0.00291
15.837,0.03433,0.00269
15.838,0.03182,0.00247
15.839,0.02999,0.00227
15.84,0.02885,0.00213
15.841,0.02832,0.00209
15.842,0.02831,0.00214
15.843,0.02872,0.00231
15.844,0.02941,0.00256
15.845,0.03028,0.00288
15.846,0.03121,0.00324
15.847,0.03215,0.00362
15.848,0.03303,0.00397
15.849,0.03389,0.00426
15.85,0.03474,0.00447
15.851,0.03563,0.00459
15.852,0.03661,0.0046
15.853,0.0377,0.00453
15.854,0.03899,0.00437
15.855,0.04046,0.00418
15.856,0.04208,0.00398
15.857,0.04379,0.00381
15.858,0.04544,0.0037
15.859,0.04693,0.00369
15.86,0.04807,0.00379
15.861,0.0487,0.00401
15.862,0.04863,0.00434
15.863,0.04775,0.00475
15.864,0.04593,0.00522
15.865,0.04318,0.00571
15.866,0.03951,0.00616
15.867,0.03505,0.00653
15.868,0.02997,0.00679
15.869,0.02455,0.00689
15.87,0.01908,0.00682
15.871,0.01389,0.00658
15.872,0.00932,0.00616
15.873,0.00567,0.00561
15.874,0.00324,0.00496
15.875,0.00221,0.00425
15.876,0.00267,0.00354
15.877,0.00462,0.00289
15.878,0.00794,0.00234
15.879,0.01243,0.00193
15.88,0.01778,0.00171
15.881,0.02358,0.00168
15.882,0.02942,0.00184
15.883,0.03482,0.00219
15.884,0.03939,0.0027
15.885,0.04275,0.00333
15.886,0.04461,0.00404
15.887,0.04477,0.00478
15.888,0.04313,0.0055
15.889,0.03979,0.00615
15.89,0.03495,0.00669
15.891,0.02889,0.0071
15.892,0.02196,0.00734
15.893,0.01457,0.00741
15.894,0.00723,0.0073
15.895,3.88E-04,0.00702
15.896,-0.00557,0.00658
15.897,-0.01033,0.00602
15.898,-0.01373,0.00537
15.899,-0.01561,0.00466
15.9,-0.01604,0.00393
15.901,-0.01517,0.00322
15.902,-0.01327,0.00257
15.903,-0.01069,0.00201
15.904,-0.00782,0.00158
15.905,-0.0051,0.00129
15.906,-0.00293,0.00116
15.907,-0.00164,0.00119
15.908,-0.00149,0.00138
15.909,-0.00262,0.00171
15.91,-0.00509,0.00216
15.911,-0.00882,0.0027
15.912,-0.0136,0.0033
15.913,-0.01906,0.00391
15.914,-0.02483,0.0045
15.915,-0.03051,0.00504
15.916,-0.0357,0.0055
15.917,-0.03997,0.00585
15.918,-0.04288,0.00609
15.919,-0.0442,0.0062
15.92,-0.04381,0.0062
15.921,-0.04167,0.00609
15.922,-0.03784,0.00591
15.923,-0.03238,0.00565
15.924,-0.02566,0.00537
15.925,-0.01799,0.00506
15.926,-0.00974,0.00477
15.927,-0.00126,0.00449
15.928,0.00717,0.00424
15.929,0.01516,0.00401
15.93,0.02251,0.00381
15.931,0.02908,0.00364
15.932,0.03482,0.00347
15.933,0.03975,0.0033
15.934,0.04388,0.00311
15.935,0.04737,0.00292
15.936,0.0504,0.00271
15.937,0.0531,0.00249
15.938,0.05562,0.00227
15.939,0.05797,0.00205
15.94,0.06026,0.00185
15.941,0.0625,0.00168
15.942,0.06462,0.00155
15.943,0.0665,0.00147
15.944,0.0679,0.00143
15.945,0.06876,0.00142
15.946,0.06896,0.00143
15.947,0.06836,0.00145
15.948,0.0669,0.00145
15.949,0.06452,0.00143
15.95,0.06138,0.00137
15.951,0.05766,0.00125
15.952,0.05355,0.00108
15.953,0.04932,8.52E-04
15.954,0.04526,6.00E-04
15.955,0.04171,3.39E-04
15.956,0.03896,9.61E-05
15.957,0.03723,-9.81E-05
15.958,0.03665,-2.17E-04
15.959,0.0373,-2.32E-04
15.96,0.03909,-1.30E-04
15.961,0.04186,9.52E-05
15.962,0.04537,4.37E-04
15.963,0.04928,8.76E-04
15.964,0.05319,0.00138
15.965,0.05666,0.00191
15.966,0.0593,0.00242
15.967,0.0608,0.00287
15.968,0.06093,0.0032
15.969,0.05956,0.00339
15.97,0.05668,0.0034
15.971,0.05245,0.00323
15.972,0.04716,0.00288
15.973,0.04125,0.00237
15.974,0.03521,0.00174
15.975,0.0296,0.00103
15.976,0.02497,2.96E-04
15.977,0.02181,-3.96E-04
15.978,0.02056,-9.95E-04
15.979,0.02153,-0.00144
15.98,0.02486,-0.0017
15.981,0.03051,-0.00174
15.982,0.03825,-0.00155
15.983,0.04768,-0.00114
15.984,0.05825,-5.32E-04
15.985,0.0693,2.34E-04
15.986,0.08015,0.00111
15.987,0.09007,0.00203
15.988,0.09835,0.00293
15.989,0.10438,0.00374
15.99,0.10773,0.00441
15.991,0.10815,0.00487
15.992,0.10559,0.0051
15.993,0.10021,0.00505
15.994,0.09225,0.00473
15.995,0.08228,0.00413
15.996,0.07091,0.00328
15.997,0.05888,0.00223
15.998,0.04706,0.00102
15.999,0.03607,-2.79E-04
16,0.0266,-0.0016
16.001,0.01919,-0.00287
16.002,0.01426,-0.00403
16.003,0.01219,-0.00501
16.004,0.01295,-0.00574
16.005,0.01649,-0.0062
16.006,0.02255,-0.00637
16.007,0.03079,-0.00624
16.008,0.04075,-0.00582
16.009,0.05213,-0.00512
16.01,0.0645,-0.00421
16.011,0.07749,-0.00311
16.012,0.09063,-0.00191
16.013,0.10327,-6.67E-04
16.014,0.11567,5.74E-04
16.015,0.12767,0.00176
16.016,0.13919,0.00283
16.017,0.14988,0.00376
16.018,0.15881,0.0045
16.019,0.16644,0.00506
16.02,0.17238,0.00543
16.021,0.17619,0.00562
16.022,0.17702,0.00563
16.023,0.17333,0.00545
16.024,0.16496,0.00509
16.025,0.15104,0.00456
16.026,0.13078,0.00386
16.027,0.10329,0.00296
16.028,0.06753,0.00184
16.029,0.02365,4.72E-04
16.03,-0.02837,-0.00115
16.031,-0.08816,-0.00304
16.032,-0.15492,-0.0052
16.033,-0.2273,-0.00762
16.034,-0.30342,-0.01025
16.035,-0.38144,-0.01305
16.036,-0.45921,-0.01595
16.037,-0.53411,-0.01885
16.038,-0.603,-0.0216
16.039,-0.66323,-0.02411
16.04,-0.71296,-0.02624
16.041,-0.75044,-0.02791
16.042,-0.77388,-0.02899
16.043,-0.78158,-0.0294
16.044,-0.77303,-0.02908
16.045,-0.74915,-0.02804
16.046,-0.71105,-0.02634
16.047,-0.6599,-0.02401
16.048,-0.59717,-0.02115
16.049,-0.52529,-0.01789
16.05,-0.44756,-0.01439
16.051,-0.36694,-0.01082
16.052,-0.2861,-0.00733
16.053,-0.2075,-0.00407
16.054,-0.1338,-0.00118
16.055,-0.06719,0.00124
16.056,-0.00926,0.00312
16.057,0.03898,0.00442
16.058,0.07709,0.00514
16.059,0.10468,0.00531
16.06,0.12263,0.005
16.061,0.13197,0.00432
16.062,0.13389,0.00336
16.063,0.12989,0.00224
16.064,0.12088,0.00107
16.065,0.10917,-3.83E-05
16.066,0.09637,-9.71E-04
16.067,0.08367,-0.00166
16.068,0.07211,-0.00206
16.069,0.06171,-0.00216
16.07,0.05358,-0.00195
16.071,0.04805,-0.00144
16.072,0.04492,-6.75E-04
16.073,0.04383,2.71E-04
16.074,0.04378,0.00131
16.075,0.04457,0.00236
16.076,0.04573,0.00336
16.077,0.04671,0.00423
16.078,0.04704,0.0049
16.079,0.04622,0.00532
16.08,0.04418,0.00544
16.081,0.04096,0.00528
16.082,0.03678,0.00483
16.083,0.03197,0.00413
16.084,0.02697,0.00324
16.085,0.02215,0.00221
16.086,0.01797,0.00113
16.087,0.01488,7.33E-05
16.088,0.0133,-8.73E-04
16.089,0.01352,-0.00163
16.09,0.01557,-0.00214
16.091,0.0194,-0.00235
16.092,0.02486,-0.00224
16.093,0.0317,-0.00179
16.094,0.03954,-0.00104
16.095,0.04791,-1.00E-05
16.096,0.05635,0.00124
16.097,0.06439,0.00264
16.098,0.07162,0.0041
16.099,0.07768,0.00554
16.1,0.08236,0.00687
16.101,0.08554,0.00804
16.102,0.08721,0.00896
16.103,0.08743,0.00959
16.104,0.08638,0.0099
16.105,0.08437,0.00988
16.106,0.0817,0.00953
16.107,0.07868,0.00888
16.108,0.07559,0.00795
16.109,0.07269,0.00679
16.11,0.07023,0.00545
16.111,0.06835,0.00398
16.112,0.06708,0.00243
16.113,0.06638,8.57E-04
16.114,0.06613,-7.04E-04
16.115,0.06622,-0.00221
16.116,0.06646,-0.00362
16.117,0.06663,-0.0049
16.118,0.06653,-0.00603
16.119,0.06598,-0.00697
16.12,0.06485,-0.00771
16.121,0.0631,-0.00824
16.122,0.06072,-0.00853
16.123,0.05776,-0.00858
16.124,0.05439,-0.00835
16.125,0.05076,-0.00788
16.126,0.04709,-0.00717
16.127,0.0436,-0.00624
16.128,0.04052,-0.00511
16.129,0.03809,-0.00382
16.13,0.03643,-0.00242
16.131,0.03565,-9.55E-04
16.132,0.03576,5.07E-04
16.133,0.03674,0.00191
16.134,0.03852,0.0032
16.135,0.04091,0.00432
16.136,0.0437,0.00524
16.137,0.04664,0.00591
16.138,0.04946,0.00632
16.139,0.05196,0.00645
16.14,0.05391,0.00631
16.141,0.05513,0.00592
16.142,0.0555,0.0053
16.143,0.05493,0.0045
16.144,0.05348,0.00354
16.145,0.05122,0.00249
16.146,0.04829,0.0014
16.147,0.04485,3.05E-04
16.148,0.04107,-7.27E-04
16.149,0.03722,-0.00166
16.15,0.03351,-0.00245
16.151,0.0301,-0.00306
16.152,0.02714,-0.00345
16.153,0.02469,-0.00361
16.154,0.02283,-0.00353
16.155,0.02155,-0.00319
16.156,0.02077,-0.00261
16.157,0.02037,-0.00181
16.158,0.0202,-8.26E-04
16.159,0.02011,3.12E-04
16.16,0.01992,0.00154
16.161,0.01947,0.00281
16.162,0.01864,0.00405
16.163,0.01734,0.00519
16.164,0.01555,0.00617
16.165,0.01325,0.00694
16.166,0.0105,0.00744
16.167,0.0074,0.00764
16.168,0.00411,0.00753
16.169,8.36E-04,0.0071
16.17,-0.00226,0.00639
16.171,-0.00501,0.00542
16.172,-0.00724,0.00425
16.173,-0.00881,0.00293
16.174,-0.00955,0.00156
16.175,-0.00943,1.90E-04
16.176,-0.00843,-0.0011
16.177,-0.00661,-0.00224
16.178,-0.00409,-0.0032
16.179,-9.43E-04,-0.00392
16.18,0.00265,-0.0044
16.181,0.00648,-0.00463
16.182,0.01032,-0.00462
16.183,0.01388,-0.0044
16.184,0.01701,-0.00401
16.185,0.01949,-0.00349
16.186,0.02114,-0.0029
16.187,0.02181,-0.00228
16.188,0.02131,-0.00169
16.189,0.01964,-0.00115
16.19,0.01678,-6.98E-04
16.191,0.01276,-3.67E-04
16.192,0.00763,-1.70E-04
16.193,0.00149,-1.22E-04
16.194,-0.00546,-2.10E-04
16.195,-0.01301,-4.32E-04
16.196,-0.02096,-7.82E-04
16.197,-0.02905,-0.00125
16.198,-0.03702,-0.00182
16.199,-0.04458,-0.00248
16.2,-0.05146,-0.0032
16.201,-0.05744,-0.00397
16.202,-0.06233,-0.00477
16.203,-0.06597,-0.0056
16.204,-0.06818,-0.00642
16.205,-0.06894,-0.00721
16.206,-0.06828,-0.00798
16.207,-0.0663,-0.00869
16.208,-0.06317,-0.00933
16.209,-0.05899,-0.00989
16.21,-0.05411,-0.01036
16.211,-0.04883,-0.01073
16.212,-0.0435,-0.011
16.213,-0.03852,-0.01116
16.214,-0.03409,-0.01121
16.215,-0.03059,-0.01116
16.216,-0.02826,-0.01101
16.217,-0.02732,-0.01078
16.218,-0.02795,-0.01045
16.219,-0.0301,-0.01005
16.22,-0.03372,-0.00959
16.221,-0.03869,-0.00907
16.222,-0.04484,-0.00852
16.223,-0.05196,-0.00793
16.224,-0.05968,-0.00732
16.225,-0.06766,-0.00671
16.226,-0.0756,-0.00612
16.227,-0.08321,-0.00557
16.228,-0.09026,-0.00508
16.229,-0.09651,-0.00465
16.23,-0.10185,-0.0043
16.231,-0.10625,-0.00405
16.232,-0.10971,-0.00389
16.233,-0.11232,-0.00383
16.234,-0.1142,-0.00386
16.235,-0.11558,-0.00395
16.236,-0.11668,-0.00409
16.237,-0.11768,-0.00424
16.238,-0.11872,-0.00439
16.239,-0.11988,-0.00451
16.24,-0.12129,-0.00458
16.241,-0.12295,-0.00457
16.242,-0.12481,-0.0045
16.243,-0.1267,-0.00435
16.244,-0.12834,-0.00416
16.245,-0.12958,-0.00394
16.246,-0.13019,-0.00373
16.247,-0.12997,-0.00355
16.248,-0.12876,-0.00346
16.249,-0.12634,-0.00349
16.25,-0.12275,-0.00366
16.251,-0.11805,-0.00399
16.252,-0.11241,-0.00449
16.253,-0.10616,-0.00514
16.254,-0.0996,-0.00591
16.255,-0.09318,-0.00677
16.256,-0.08734,-0.00768
16.257,-0.08254,-0.00856
16.258,-0.07926,-0.00937
16.259,-0.07787,-0.01004
16.26,-0.07863,-0.01053
16.261,-0.08168,-0.01081
16.262,-0.08701,-0.01085
16.263,-0.09447,-0.01064
16.264,-0.1038,-0.0102
16.265,-0.11455,-0.00956
16.266,-0.12618,-0.00875
16.267,-0.13808,-0.00782
16.268,-0.14952,-0.00683
16.269,-0.15987,-0.00582
16.27,-0.16854,-0.00485
16.271,-0.17501,-0.00397
16.272,-0.17886,-0.00319
16.273,-0.17979,-0.00256
16.274,-0.1777,-0.00209
16.275,-0.17272,-0.00176
16.276,-0.16511,-0.00158
16.277,-0.15522,-0.00153
16.278,-0.14356,-0.0016
16.279,-0.13072,-0.00177
16.28,-0.1174,-0.00201
16.281,-0.10425,-0.0023
16.282,-0.09187,-0.00264
16.283,-0.08084,-0.00301
16.284,-0.07161,-0.00341
16.285,-0.06452,-0.00383
16.286,-0.05975,-0.00426
16.287,-0.05736,-0.00471
16.288,-0.05728,-0.00518
16.289,-0.05932,-0.00567
16.29,-0.06315,-0.00617
16.291,-0.06838,-0.00667
16.292,-0.07459,-0.00718
16.293,-0.08132,-0.00766
16.294,-0.08821,-0.00813
16.295,-0.0948,-0.00855
16.296,-0.10076,-0.00894
16.297,-0.10582,-0.00926
16.298,-0.10974,-0.0095
16.299,-0.11253,-0.00965
16.3,-0.1141,-0.00972
16.301,-0.11449,-0.00969
16.302,-0.11376,-0.00956
16.303,-0.11201,-0.00932
16.304,-0.10948,-0.00899
16.305,-0.10632,-0.00856
16.306,-0.10269,-0.00805
16.307,-0.09872,-0.00748
16.308,-0.09449,-0.00684
16.309,-0.09014,-0.00617
16.31,-0.08581,-0.00548
16.311,-0.08153,-0.0048
16.312,-0.07732,-0.00415
16.313,-0.07313,-0.00354
16.314,-0.06904,-0.00298
16.315,-0.06507,-0.0025
16.316,-0.06122,-0.00208
16.317,-0.05748,-0.00172
16.318,-0.05379,-0.0014
16.319,-0.05027,-0.00113
16.32,-0.04687,-8.67E-04
16.321,-0.04359,-5.91E-04
16.322,-0.04044,-2.76E-04
16.323,-0.03733,1.03E-04
16.324,-0.03437,5.48E-04
16.325,-0.03145,0.00108
16.326,-0.02852,0.00169
16.327,-0.02552,0.00238
16.328,-0.02238,0.00313
16.329,-0.01916,0.0039
16.33,-0.01578,0.00466
16.331,-0.01218,0.00538
16.332,-0.00839,0.00603
16.333,-0.00441,0.00657
16.334,-4.45E-04,0.00696
16.335,0.00348,0.0072
16.336,0.00728,0.0073
16.337,0.01081,0.00724
16.338,0.01396,0.00702
16.339,0.01648,0.00669
16.34,0.01833,0.00626
16.341,0.01944,0.00577
16.342,0.01978,0.00525
16.343,0.01937,0.00469
16.344,0.0182,0.00414
16.345,0.01643,0.00359
16.346,0.01423,0.00304
16.347,0.01182,0.00249
16.348,0.00946,0.00191
16.349,0.00734,0.00128
16.35,0.00572,5.89E-04
16.351,0.00483,-1.87E-04
16.352,0.00487,-0.00106
16.353,0.00598,-0.00203
16.354,0.00815,-0.00308
16.355,0.0114,-0.0042
16.356,0.01563,-0.00537
16.357,0.0207,-0.00653
16.358,0.02641,-0.00764
16.359,0.03245,-0.00864
16.36,0.03853,-0.0095
16.361,0.04437,-0.01018
16.362,0.0497,-0.01065
16.363,0.0543,-0.01086
16.364,0.05792,-0.01082
16.365,0.06048,-0.01054
16.366,0.06193,-0.01003
16.367,0.06232,-0.00933
16.368,0.06178,-0.00848
16.369,0.06043,-0.00752
16.37,0.05856,-0.00651
16.371,0.05644,-0.00551
16.372,0.05434,-0.00456
16.373,0.05254,-0.0037
16.374,0.05126,-0.00296
16.375,0.05072,-0.00238
16.376,0.05107,-0.00196
16.377,0.05235,-0.00171
16.378,0.05453,-0.00161
16.379,0.05748,-0.00165
16.38,0.06106,-0.00179
16.381,0.06506,-0.00201
16.382,0.06921,-0.00226
16.383,0.0732,-0.00251
16.384,0.07673,-0.00272
16.385,0.07957,-0.00284
16.386,0.08152,-0.00285
16.387,0.08241,-0.00273
16.388,0.08214,-0.00247
16.389,0.0807,-0.00207
16.39,0.07818,-0.00154
16.391,0.07473,-9.10E-04
16.392,0.07054,-2.03E-04
16.393,0.06582,5.31E-04
16.394,0.06088,0.00124
16.395,0.05598,0.00188
16.396,0.05139,0.0024
16.397,0.04732,0.00276
16.398,0.04393,0.00293
16.399,0.04136,0.00287
16.4,0.03963,0.00259
16.401,0.03874,0.0021
16.402,0.03858,0.00142
16.403,0.03903,5.96E-04
16.404,0.03994,-3.28E-04
16.405,0.04109,-0.00129
16.406,0.04229,-0.00223
16.407,0.04336,-0.00309
16.408,0.04414,-0.0038
16.409,0.04459,-0.00434
16.41,0.04462,-0.00467
16.411,0.04424,-0.00479
16.412,0.0435,-0.0047
16.413,0.04248,-0.00441
16.414,0.04137,-0.00396
16.415,0.04029,-0.0034
16.416,0.03939,-0.00278
16.417,0.03878,-0.00213
16.418,0.03853,-0.0015
16.419,0.03873,-9.20E-04
16.42,0.03933,-4.13E-04
16.421,0.04025,1.14E-05
16.422,0.04139,3.60E-04
16.423,0.04255,6.47E-04
16.424,0.04355,9.00E-04
16.425,0.04415,0.00115
16.426,0.04415,0.00142
16.427,0.04339,0.00175
16.428,0.04178,0.00214
16.429,0.03924,0.0026
16.43,0.03581,0.00313
16.431,0.03162,0.00372
16.432,0.02686,0.00434
16.433,0.02182,0.00493
16.434,0.01685,0.00545
16.435,0.01231,0.00587
16.436,0.00855,0.00613
16.437,0.00593,0.0062
16.438,0.0047,0.00604
16.439,0.00514,0.00563
16.44,0.0073,0.00498
16.441,0.01116,0.00409
16.442,0.01659,0.00299
16.443,0.0233,0.00172
16.444,0.03092,3.32E-04
16.445,0.03899,-0.00111
16.446,0.04699,-0.00256
16.447,0.05437,-0.00394
16.448,0.06061,-0.00519
16.449,0.06523,-0.00626
16.45,0.06785,-0.0071
16.451,0.06822,-0.00768
16.452,0.06624,-0.00799
16.453,0.06196,-0.00799
16.454,0.05554,-0.00771
16.455,0.04738,-0.00716
16.456,0.03793,-0.00637
16.457,0.02775,-0.00539
16.458,0.01751,-0.00427
16.459,0.00782,-0.00305
16.46,-6.99E-04,-0.00181
16.461,-0.00752,-6.10E-04
16.462,-0.01221,4.94E-04
16.463,-0.01444,0.00145
16.464,-0.01409,0.00221
16.465,-0.01121,0.00274
16.466,-0.00599,0.00303
16.467,0.00125,0.00306
16.468,0.01007,0.00285
16.469,0.0199,0.00241
16.47,0.03014,0.0018
16.471,0.0402,0.00105
16.472,0.04953,2.05E-04
16.473,0.05763,-6.72E-04
16.474,0.06412,-0.00154
16.475,0.06874,-0.00234
16.476,0.07138,-0.00303
16.477,0.07205,-0.0036
16.478,0.07089,-0.00401
16.479,0.06817,-0.00428
16.48,0.06427,-0.0044
16.481,0.05958,-0.00439
16.482,0.05451,-0.00428
16.483,0.04947,-0.00408
16.484,0.04479,-0.00383
16.485,0.04082,-0.00355
16.486,0.03775,-0.00327
16.487,0.03568,-0.003
16.488,0.03463,-0.00275
16.489,0.03446,-0.00253
16.49,0.03506,-0.00233
16.491,0.03622,-0.00216
16.492,0.03771,-0.002
16.493,0.03928,-0.00186
16.494,0.04068,-0.00171
16.495,0.04174,-0.00156
16.496,0.04234,-0.00142
16.497,0.04243,-0.00128
16.498,0.04202,-0.00114
16.499,0.0412,-0.00101
16.5,0.04009,-9.00E-04
16.501,0.03883,-8.13E-04
16.502,0.03762,-7.52E-04
16.503,0.03665,-7.14E-04
16.504,0.0361,-7.02E-04
16.505,0.03607,-7.08E-04
16.506,0.03663,-7.22E-04
16.507,0.03779,-7.33E-04
16.508,0.0395,-7.31E-04
16.509,0.04167,-7.15E-04
16.51,0.04415,-6.80E-04
16.511,0.04677,-6.25E-04
16.512,0.04931,-5.51E-04
16.513,0.05156,-4.56E-04
16.514,0.05336,-3.59E-04
16.515,0.05456,-2.68E-04
16.516,0.05509,-1.91E-04
16.517,0.05488,-1.32E-04
16.518,0.0539,-8.13E-05
16.519,0.05224,-4.52E-05
16.52,0.05001,-9.38E-06
16.521,0.04733,4.25E-05
16.522,0.04437,1.32E-04
16.523,0.04126,2.88E-04
16.524,0.03819,5.30E-04
16.525,0.03527,8.81E-04
16.526,0.03261,0.00136
16.527,0.03028,0.00197
16.528,0.02831,0.00271
16.529,0.0267,0.00356
16.53,0.02541,0.00451
16.531,0.02438,0.00553
16.532,0.02353,0.00656
16.533,0.0228,0.00755
16.534,0.02213,0.00846
16.535,0.02145,0.00923
16.536,0.02073,0.00983
16.537,0.01997,0.01021
16.538,0.0192,0.01034
16.539,0.01849,0.01021
16.54,0.01786,0.00981
16.541,0.01739,0.00917
16.542,0.01714,0.00829
16.543,0.0172,0.00723
16.544,0.01761,0.006
16.545,0.01836,0.00469
16.546,0.01944,0.00333
16.547,0.02082,0.00198
16.548,0.02245,6.96E-04
16.549,0.02424,-4.71E-04
16.55,0.02607,-0.00148
16.551,0.02784,-0.00229
16.552,0.02945,-0.00288
16.553,0.03086,-0.00323
16.554,0.03196,-0.00334
16.555,0.03276,-0.00321
16.556,0.03325,-0.00288
16.557,0.03349,-0.00236
16.558,0.03356,-0.00168
16.559,0.03356,-8.97E-04
16.56,0.0336,-6.17E-05
16.561,0.03381,7.74E-04
16.562,0.03432,0.00156
16.563,0.03521,0.00227
16.564,0.03653,0.00285
16.565,0.03831,0.00329
16.566,0.04054,0.00357
16.567,0.04316,0.00369
16.568,0.04604,0.00366
16.569,0.04902,0.00352
16.57,0.05193,0.00331
16.571,0.05459,0.00306
16.572,0.05684,0.00281
16.573,0.05849,0.00262
16.574,0.05938,0.00252
16.575,0.05945,0.00252
16.576,0.05866,0.00266
16.577,0.05705,0.00292
16.578,0.0547,0.00328
16.579,0.05174,0.0037
16.58,0.04837,0.00416
16.581,0.04481,0.0046
16.582,0.0413,0.00496
16.583,0.03813,0.00521
16.584,0.03549,0.0053
16.585,0.03361,0.0052
16.586,0.03264,0.0049
16.587,0.03269,0.00442
16.588,0.03379,0.00377
16.589,0.03591,0.00299
16.59,0.03897,0.00214
16.591,0.04282,0.00127
16.592,0.04725,4.48E-04
16.593,0.05202,-2.55E-04
16.594,0.05687,-7.91E-04
16.595,0.06157,-0.00112
16.596,0.06586,-0.00121
16.597,0.06952,-0.00105
16.598,0.07233,-6.48E-04
16.599,0.07419,-1.76E-05
16.6,0.07502,8.02E-04
16.601,0.07482,0.00177
16.602,0.07359,0.00282
16.603,0.07137,0.00392
16.604,0.06832,0.00501
16.605,0.0646,0.00604
16.606,0.0604,0.00698
16.607,0.05587,0.0078
16.608,0.05117,0.00846
16.609,0.04649,0.00897
16.61,0.04199,0.00931
16.611,0.03781,0.0095
16.612,0.034,0.00954
16.613,0.0306,0.00944
16.614,0.02767,0.0092
16.615,0.0252,0.00885
16.616,0.02315,0.00839
16.617,0.02146,0.00783
16.618,0.02005,0.00719
16.619,0.01888,0.00646
16.62,0.01786,0.00567
16.621,0.0169,0.00483
16.622,0.01594,0.00395
16.623,0.01491,0.00306
16.624,0.01384,0.00217
16.625,0.01266,0.00131
16.626,0.01137,5.01E-04
16.627,0.00998,-2.19E-04
16.628,0.0085,-8.21E-04
16.629,0.00704,-0.00128
16.63,0.00561,-0.00157
16.631,0.00423,-0.00169
16.632,0.00294,-0.0016
16.633,0.00178,-0.00132
16.634,8.32E-04,-8.20E-04
16.635,8.70E-05,-1.27E-04
16.636,-4.57E-04,7.42E-04
16.637,-8.13E-04,0.00176
16.638,-0.00102,0.00289
16.639,-0.00106,0.0041
16.64,-9.94E-04,0.00534
16.641,-8.74E-04,0.00655
16.642,-7.58E-04,0.00769
16.643,-7.25E-04,0.00867
16.644,-7.83E-04,0.00947
16.645,-9.97E-04,0.01003
16.646,-0.00141,0.01033
16.647,-0.00205,0.01032
16.648,-0.00295,0.00999
16.649,-0.0041,0.00935
16.65,-0.00551,0.00841
16.651,-0.00716,0.00722
16.652,-0.00902,0.0058
16.653,-0.01107,0.00423
16.654,-0.01325,0.00257
16.655,-0.01551,8.86E-04
16.656,-0.01782,-7.46E-04
16.657,-0.0201,-0.00226
16.658,-0.02227,-0.0036
16.659,-0.02428,-0.00471
16.66,-0.02607,-0.00557
16.661,-0.02762,-0.00617
16.662,-0.02885,-0.0065
16.663,-0.02965,-0.00656
16.664,-0.03005,-0.00639
16.665,-0.03002,-0.00602
16.666,-0.02957,-0.00549
16.667,-0.02867,-0.00485
16.668,-0.02725,-0.00412
16.669,-0.02541,-0.00333
16.67,-0.02318,-0.00253
16.671,-0.02062,-0.00173
16.672,-0.01774,-9.59E-04
16.673,-0.01451,-2.09E-04
16.674,-0.01105,5.17E-04
16.675,-0.0074,0.00121
16.676,-0.0036,0.00187
16.677,3.48E-04,0.00249
16.678,0.00448,0.00308
16.679,0.00871,0.00362
16.68,0.01305,0.00412
16.681,0.01751,0.00455
16.682,0.0221,0.0049
16.683,0.02684,0.00517
16.684,0.03166,0.00535
16.685,0.03655,0.00542
16.686,0.04152,0.00541
16.687,0.0465,0.00531
16.688,0.05142,0.00513
16.689,0.05612,0.00488
16.69,0.06055,0.00458
16.691,0.06462,0.00426
16.692,0.06823,0.00393
16.693,0.07125,0.0036
16.694,0.0735,0.00327
16.695,0.075,0.00296
16.696,0.0757,0.00265
16.697,0.07559,0.00234
16.698,0.07469,0.00204
16.699,0.07298,0.00172
16.7,0.07065,0.00138
16.701,0.06782,0.00103
16.702,0.06466,6.52E-04
16.703,0.06134,2.74E-04
16.704,0.05798,-9.20E-05
16.705,0.05481,-4.26E-04
16.706,0.05199,-7.05E-04
16.707,0.04966,-9.02E-04
16.708,0.04792,-9.92E-04
16.709,0.0468,-9.55E-04
16.71,0.04632,-7.87E-04
16.711,0.04645,-4.89E-04
16.712,0.04713,-6.85E-05
16.713,0.04825,4.56E-04
16.714,0.04969,0.00105
16.715,0.05127,0.00167
16.716,0.05285,0.00228
16.717,0.05432,0.00283
16.718,0.05557,0.00329
16.719,0.05654,0.00363
16.72,0.05718,0.00383
16.721,0.05749,0.00387
16.722,0.05753,0.00378
16.723,0.05737,0.00358
16.724,0.05715,0.00329
16.725,0.05699,0.00297
16.726,0.05703,0.00267
16.727,0.05738,0.00242
16.728,0.05812,0.00229
16.729,0.05933,0.00231
16.73,0.06102,0.0025
16.731,0.06316,0.00289
16.732,0.06566,0.00347
16.733,0.06836,0.00421
16.734,0.07108,0.0051
16.735,0.07363,0.00608
16.736,0.0758,0.00712
16.737,0.0774,0.00814
16.738,0.07823,0.00909
16.739,0.07814,0.0099
16.74,0.07705,0.01054
16.741,0.07496,0.01097
16.742,0.07193,0.01114
16.743,0.06814,0.01106
16.744,0.06372,0.01071
16.745,0.05894,0.01011
16.746,0.05408,0.00929
16.747,0.04946,0.00829
16.748,0.04547,0.00715
16.749,0.04231,0.00593
16.75,0.0402,0.00469
16.751,0.03932,0.00349
16.752,0.03977,0.00237
16.753,0.04166,0.00139
16.754,0.04489,5.86E-04
16.755,0.04934,-1.36E-05
16.756,0.0548,-3.96E-04
16.757,0.06106,-5.57E-04
16.758,0.06786,-5.05E-04
16.759,0.07504,-2.55E-04
16.76,0.08243,1.57E-04
16.761,0.08984,6.95E-04
16.762,0.09707,0.00132
16.763,0.10373,0.00197
16.764,0.11014,0.00264
16.765,0.11635,0.00329
16.766,0.1224,0.00388
16.767,0.1281,0.0044
16.768,0.13279,0.00481
16.769,0.13701,0.00514
16.77,0.14056,0.00539
16.771,0.14322,0.00556
16.772,0.14434,0.00566
16.773,0.14263,0.00566
16.774,0.13815,0.0056
16.775,0.13014,0.00546
16.776,0.11791,0.00523
16.777,0.10054,0.00488
16.778,0.07678,0.00437
16.779,0.0466,0.00367
16.78,0.00956,0.00276
16.781,-0.03448,0.00161
16.782,-0.0854,1.92E-04
16.783,-0.14276,-0.0015
16.784,-0.20539,-0.00345
16.785,-0.27228,-0.00563
16.786,-0.34202,-0.008
16.787,-0.41268,-0.01049
16.788,-0.48178,-0.01301
16.789,-0.54699,-0.01547
16.79,-0.60647,-0.01777
16.791,-0.65829,-0.01984
16.792,-0.70026,-0.02158
16.793,-0.73,-0.02289
16.794,-0.74611,-0.02371
16.795,-0.74835,-0.02402
16.796,-0.73659,-0.02382
16.797,-0.71079,-0.02311
16.798,-0.67113,-0.02192
16.799,-0.61892,-0.02029
16.8,-0.55653,-0.01831
16.801,-0.48627,-0.01608
16.802,-0.41038,-0.01368
16.803,-0.33117,-0.01117
16.804,-0.25148,-0.00866
16.805,-0.17419,-0.00622
16.806,-0.10169,-0.00392
16.807,-0.03596,-0.00181
16.808,0.02146,7.31E-05
16.809,0.06901,0.00169
16.81,0.10624,0.00304
16.811,0.1331,0.00412
16.812,0.14989,0.00492
16.813,0.15746,0.00545
16.814,0.15636,0.00571
16.815,0.1487,0.00573
16.816,0.13626,0.00553
16.817,0.12063,0.00514
16.818,0.10352,0.00456
16.819,0.08574,0.00382
16.82,0.06935,0.00295
16.821,0.05555,0.002
16.822,0.04499,9.93E-04
16.823,0.03807,-3.69E-05
16.824,0.03427,-0.00107
16.825,0.03386,-0.00207
16.826,0.03652,-0.00299
16.827,0.04157,-0.00381
16.828,0.04824,-0.00449
16.829,0.05541,-0.00502
16.83,0.06249,-0.00541
16.831,0.06886,-0.00563
16.832,0.074,-0.00568
16.833,0.07748,-0.00555
16.834,0.07911,-0.00526
16.835,0.07884,-0.00482
16.836,0.07685,-0.00425
16.837,0.07345,-0.00356
16.838,0.06905,-0.00275
16.839,0.06419,-0.00185
16.84,0.05929,-8.75E-04
16.841,0.05474,1.44E-04
16.842,0.05093,0.00119
16.843,0.04813,0.00224
16.844,0.04653,0.00327
16.845,0.04613,0.00425
16.846,0.04683,0.00515
16.847,0.04842,0.00596
16.848,0.05065,0.00665
16.849,0.05319,0.00719
16.85,0.05574,0.00758
16.851,0.058,0.00782
16.852,0.05972,0.00791
16.853,0.06072,0.00785
16.854,0.06091,0.00765
16.855,0.06031,0.00734
16.856,0.05903,0.00694
16.857,0.05724,0.00649
16.858,0.05513,0.006
16.859,0.05302,0.00548
16.86,0.05113,0.00498
16.861,0.04971,0.00449
16.862,0.04892,0.00404
16.863,0.04884,0.00363
16.864,0.04954,0.00325
16.865,0.05094,0.00291
16.866,0.05288,0.0026
16.867,0.05515,0.00232
16.868,0.05746,0.00208
16.869,0.05953,0.00187
16.87,0.06107,0.00171
16.871,0.06183,0.00158
16.872,0.0616,0.00152
16.873,0.06026,0.00153
16.874,0.05777,0.00163
16.875,0.05423,0.00181
16.876,0.04979,0.00209
16.877,0.04469,0.00245
16.878,0.03922,0.0029
16.879,0.03379,0.00343
16.88,0.02872,0.00401
16.881,0.02436,0.00461
16.882,0.02098,0.00522
16.883,0.0188,0.0058
16.884,0.01798,0.00634
16.885,0.01851,0.00681
16.886,0.02029,0.00721
16.887,0.02314,0.00752
16.888,0.02678,0.00774
16.889,0.0309,0.00788
16.89,0.03509,0.00795
16.891,0.03898,0.00797
16.892,0.04222,0.00795
16.893,0.0445,0.00791
16.894,0.04561,0.00785
16.895,0.0454,0.0078
16.896,0.04385,0.00774
16.897,0.04105,0.00769
16.898,0.03717,0.00764
16.899,0.03251,0.00757
16.9,0.02738,0.00748
16.901,0.02215,0.00737
16.902,0.01718,0.00723
16.903,0.01285,0.00705
16.904,0.00949,0.00684
16.905,0.00734,0.0066
16.906,0.00653,0.00635
16.907,0.00713,0.00609
16.908,0.00908,0.00585
16.909,0.01228,0.00565
16.91,0.01647,0.0055
16.911,0.02139,0.00542
16.912,0.02669,0.00542
16.913,0.032,0.0055
16.914,0.03699,0.00567
16.915,0.04133,0.00592
16.916,0.04476,0.00625
16.917,0.04706,0.00663
16.918,0.04807,0.00704
16.919,0.04778,0.00747
16.92,0.04622,0.00789
16.921,0.04352,0.00828
16.922,0.03982,0.00862
16.923,0.03533,0.00887
16.924,0.03037,0.00903
16.925,0.02521,0.00908
16.926,0.02012,0.00901
16.927,0.01533,0.0088
16.928,0.01103,0.00845
16.929,0.00743,0.00796
16.93,0.00465,0.00735
16.931,0.00272,0.00662
16.932,0.00162,0.00579
16.933,0.00123,0.00489
16.934,0.00148,0.00396
16.935,0.00219,0.00303
16.936,0.00318,0.00215
16.937,0.00422,0.00136
16.938,0.00504,7.01E-04
16.939,0.00555,2.10E-04
16.94,0.00554,-8.79E-05
16.941,0.00486,-1.75E-04
16.942,0.00342,-4.56E-05
16.943,0.00113,2.95E-04
16.944,-0.00191,8.30E-04
16.945,-0.00567,0.00152
16.946,-0.01005,0.00232
16.947,-0.01495,0.00319
16.948,-0.02024,0.00406
16.949,-0.02561,0.00489
16.95,-0.03093,0.00563
16.951,-0.03601,0.00623
16.952,-0.04072,0.00667
16.953,-0.04499,0.00693
16.954,-0.0486,0.00699
16.955,-0.05157,0.00689
16.956,-0.05389,0.00662
16.957,-0.05563,0.00623
16.958,-0.05694,0.00574
16.959,-0.05785,0.0052
16.96,-0.05858,0.00463
16.961,-0.0593,0.00407
16.962,-0.06021,0.00355
16.963,-0.0615,0.00309
16.964,-0.06323,0.00268
16.965,-0.06556,0.00235
16.966,-0.06858,0.00209
16.967,-0.07229,0.00189
16.968,-0.07663,0.00175
16.969,-0.08144,0.00166
16.97,-0.0866,0.00162
16.971,-0.09195,0.00162
16.972,-0.09725,0.00166
16.973,-0.10225,0.00175
16.974,-0.10662,0.00188
16.975,-0.11021,0.00205
16.976,-0.11282,0.00227
16.977,-0.11432,0.00253
16.978,-0.11462,0.00282
16.979,-0.11364,0.00312
16.98,-0.11148,0.00343
16.981,-0.10829,0.00372
16.982,-0.10424,0.00396
16.983,-0.0996,0.00413
16.984,-0.09461,0.00422
16.985,-0.08962,0.00421
16.986,-0.08493,0.00409
16.987,-0.08084,0.00386
16.988,-0.07762,0.00353
16.989,-0.07544,0.00312
16.99,-0.07446,0.00264
16.991,-0.07473,0.00214
16.992,-0.07624,0.00163
16.993,-0.07889,0.00115
16.994,-0.08248,7.23E-04
16.995,-0.08678,3.73E-04
16.996,-0.0915,1.14E-04
16.997,-0.09635,-4.92E-05
16.998,-0.10103,-1.20E-04
16.999,-0.10523,-1.07E-04
17,-0.10867,-3.11E-05
17.001,-0.11117,8.58E-05
17.002,-0.11259,2.19E-04
17.003,-0.11289,3.44E-04
17.004,-0.11209,4.38E-04
17.005,-0.11028,4.79E-04
17.006,-0.10762,4.53E-04
17.007,-0.10434,3.53E-04
17.008,-0.10076,1.85E-04
17.009,-0.09712,-4.47E-05
17.01,-0.09374,-3.24E-04
17.011,-0.09088,-6.37E-04
17.012,-0.0888,-9.57E-04
17.013,-0.08771,-0.00126
17.014,-0.0877,-0.00151
17.015,-0.08885,-0.00169
17.016,-0.09115,-0.00178
17.017,-0.09452,-0.00177
17.018,-0.09881,-0.00164
17.019,-0.10378,-0.00137
17.02,-0.10922,-9.90E-04
17.021,-0.11485,-4.91E-04
17.022,-0.1204,1.07E-04
17.023,-0.12556,7.86E-04
17.024,-0.1301,0.00151
17.025,-0.13379,0.00226
17.026,-0.13648,0.00299
17.027,-0.13805,0.00368
17.028,-0.13841,0.00428
17.029,-0.13758,0.00478
17.03,-0.13564,0.00516
17.031,-0.13272,0.00541
17.032,-0.12894,0.00552
17.033,-0.12449,0.00549
17.034,-0.11959,0.00534
17.035,-0.1145,0.00511
17.036,-0.10946,0.00483
17.037,-0.10465,0.00452
17.038,-0.10025,0.0042
17.039,-0.09644,0.00391
17.04,-0.09336,0.00367
17.041,-0.09107,0.00348
17.042,-0.0896,0.00336
17.043,-0.08888,0.00326
17.044,-0.08889,0.00318
17.045,-0.08951,0.00308
17.046,-0.09059,0.00292
17.047,-0.09196,0.00267
17.048,-0.09336,0.00229
17.049,-0.0947,0.00175
17.05,-0.09574,0.00104
17.051,-0.0963,1.62E-04
17.052,-0.09624,-8.61E-04
17.053,-0.09539,-0.00199
17.054,-0.09378,-0.00318
17.055,-0.09134,-0.00435
17.056,-0.0881,-0.00545
17.057,-0.0841,-0.00641
17.058,-0.07944,-0.00715
17.059,-0.07436,-0.00762
17.06,-0.069,-0.00778
17.061,-0.06354,-0.00763
17.062,-0.05818,-0.00717
17.063,-0.05309,-0.00643
17.064,-0.04853,-0.00544
17.065,-0.04462,-0.00429
17.066,-0.04145,-0.00305
17.067,-0.0391,-0.00181
17.068,-0.03753,-6.38E-04
17.069,-0.03682,3.86E-04
17.07,-0.03684,0.0012
17.071,-0.03746,0.00177
17.072,-0.03851,0.00207
17.073,-0.03978,0.00211
17.074,-0.04116,0.0019
17.075,-0.04242,0.00149
17.076,-0.04337,9.28E-04
17.077,-0.04384,2.82E-04
17.078,-0.04361,-3.84E-04
17.079,-0.04274,-0.00101
17.08,-0.04111,-0.00154
17.081,-0.03873,-0.00192
17.082,-0.03561,-0.00213
17.083,-0.03176,-0.00216
17.084,-0.02742,-0.00201
17.085,-0.02269,-0.0017
17.086,-0.01769,-0.00126
17.087,-0.01258,-7.24E-04
17.088,-0.00743,-1.49E-04
17.089,-0.00248,4.16E-04
17.09,0.00221,9.25E-04
17.091,0.00656,0.00134
17.092,0.01055,0.00163
17.093,0.01419,0.00177
17.094,0.01742,0.00175
17.095,0.02031,0.00157
17.096,0.02294,0.00125
17.097,0.02537,8.17E-04
17.098,0.02768,3.04E-04
17.099,0.02984,-2.42E-04
17.1,0.03196,-7.77E-04
17.101,0.03406,-0.00125
17.102,0.03616,-0.00163
17.103,0.03824,-0.00187
17.104,0.04018,-0.00195
17.105,0.042,-0.00185
17.106,0.04364,-0.00156
17.107,0.04506,-0.0011
17.108,0.0462,-5.10E-04
17.109,0.04695,1.84E-04
17.11,0.04735,9.26E-04
17.111,0.04742,0.00166
17.112,0.04719,0.00233
17.113,0.04671,0.00288
17.114,0.046,0.00324
17.115,0.04519,0.00339
17.116,0.04438,0.0033
17.117,0.04366,0.00297
17.118,0.04312,0.0024
17.119,0.04278,0.00162
17.12,0.04272,6.98E-04
17.121,0.04294,-3.23E-04
17.122,0.04344,-0.00137
17.123,0.04418,-0.00237
17.124,0.04509,-0.00324
17.125,0.04608,-0.00393
17.126,0.04708,-0.00439
17.127,0.04801,-0.00459
17.128,0.04877,-0.00451
17.129,0.04932,-0.00417
17.13,0.04962,-0.00359
17.131,0.04966,-0.00282
17.132,0.04946,-0.00192
17.133,0.04905,-9.58E-04
17.134,0.04851,-2.45E-06
17.135,0.04791,8.77E-04
17.136,0.04736,0.00162
17.137,0.04693,0.00219
17.138,0.04668,0.00254
17.139,0.04666,0.00266
17.14,0.04689,0.00256
17.141,0.04737,0.00226
17.142,0.04805,0.00178
17.143,0.04886,0.00117
17.144,0.0497,4.78E-04
17.145,0.05045,-2.39E-04
17.146,0.05102,-9.35E-04
17.147,0.05129,-0.00157
17.148,0.05119,-0.0021
17.149,0.05065,-0.00251
17.15,0.04965,-0.00278
17.151,0.04823,-0.00289
17.152,0.04644,-0.00286
17.153,0.0444,-0.00272
17.154,0.04227,-0.00248
17.155,0.0402,-0.00216
17.156,0.03837,-0.00181
17.157,0.03695,-0.00146
17.158,0.0361,-0.00115
17.159,0.03595,-9.13E-04
17.16,0.03659,-7.72E-04
17.161,0.03802,-7.52E-04
17.162,0.04021,-8.68E-04
17.163,0.04305,-0.00113
17.164,0.0464,-0.00153
17.165,0.05005,-0.00206
17.166,0.05378,-0.00269
17.167,0.05734,-0.00341
17.168,0.06045,-0.00416
17.169,0.06289,-0.00492
17.17,0.06447,-0.00564
17.171,0.06507,-0.00629
17.172,0.06458,-0.00684
17.173,0.063,-0.00724
17.174,0.06039,-0.0075
17.175,0.05691,-0.0076
17.176,0.05275,-0.00756
17.177,0.04813,-0.0074
17.178,0.04332,-0.00713
17.179,0.03861,-0.00679
17.18,0.03428,-0.00644
17.181,0.03055,-0.0061
17.182,0.02761,-0.00582
17.183,0.02557,-0.00561
17.184,0.0245,-0.00548
17.185,0.02439,-0.00544
17.186,0.02513,-0.00548
17.187,0.02659,-0.00558
17.188,0.02856,-0.00568
17.189,0.03081,-0.00575
17.19,0.03307,-0.00574
17.191,0.03511,-0.0056
17.192,0.03671,-0.00531
17.193,0.0377,-0.00484
17.194,0.03797,-0.00417
17.195,0.03745,-0.00332
17.196,0.03613,-0.00232
17.197,0.03409,-0.00121
17.198,0.03151,-5.35E-05
17.199,0.02857,0.00107
17.2,0.02548,0.0021
17.201,0.02247,0.00295
17.202,0.01979,0.00357
17.203,0.01768,0.0039
17.204,0.01632,0.00389
17.205,0.01586,0.00353
17.206,0.01637,0.00284
17.207,0.01786,0.00185
17.208,0.0203,6.10E-04
17.209,0.02357,-8.14E-04
17.21,0.0275,-0.00233
17.211,0.0319,-0.00386
17.212,0.03654,-0.0053
17.213,0.04114,-0.00655
17.214,0.04547,-0.00755
17.215,0.04928,-0.00823
17.216,0.05239,-0.00854
17.217,0.05465,-0.00846
17.218,0.05592,-0.00798
17.219,0.05616,-0.00712
17.22,0.0554,-0.00592
17.221,0.0537,-0.00445
17.222,0.05117,-0.00278
17.223,0.04798,-9.88E-04
17.224,0.04432,8.24E-04
17.225,0.04044,0.00256
17.226,0.03656,0.00414
17.227,0.0329,0.00548
17.228,0.02964,0.0065
17.229,0.02696,0.00717
17.23,0.02499,0.00744
17.231,0.02382,0.00732
17.232,0.02346,0.00682
17.233,0.02385,0.00598
17.234,0.02492,0.00484
17.235,0.0265,0.0035
17.236,0.02843,0.00204
17.237,0.03051,5.45E-04
17.238,0.03252,-9.03E-04
17.239,0.03425,-0.00222
17.24,0.03549,-0.00332
17.241,0.03609,-0.00417
17.242,0.03594,-0.00473
17.243,0.03503,-0.005
17.244,0.03336,-0.00499
17.245,0.03103,-0.00476
17.246,0.02817,-0.00434
17.247,0.02497,-0.00381
17.248,0.0217,-0.00325
17.249,0.01862,-0.00273
17.25,0.016,-0.00232
17.251,0.01409,-0.00209
17.252,0.01308,-0.00206
17.253,0.01311,-0.00226
17.254,0.01428,-0.00268
17.255,0.01657,-0.00329
17.256,0.01989,-0.00405
17.257,0.02405,-0.00491
17.258,0.0288,-0.00578
17.259,0.03382,-0.00659
17.26,0.03874,-0.00727
17.261,0.0432,-0.00777
17.262,0.04688,-0.00803
17.263,0.04948,-0.00802
17.264,0.05074,-0.00772
17.265,0.05051,-0.00714
17.266,0.04877,-0.00631
17.267,0.04558,-0.00527
17.268,0.04115,-0.00408
17.269,0.03576,-0.00281
17.27,0.0298,-0.00152
17.271,0.02368,-2.73E-04
17.272,0.01788,8.55E-04
17.273,0.01285,0.00181
17.274,0.00901,0.00253
17.275,0.00673,0.003
17.276,0.00625,0.00319
17.277,0.00767,0.00309
17.278,0.01099,0.00272
17.279,0.01606,0.00209
17.28,0.02259,0.00124
17.281,0.0302,2.04E-04
17.282,0.03841,-9.62E-04
17.283,0.04665,-0.0022
17.284,0.05435,-0.00345
17.285,0.06099,-0.00465
17.286,0.06609,-0.00574
17.287,0.06928,-0.00666
17.288,0.07028,-0.00736
17.289,0.06897,-0.00781
17.29,0.0654,-0.00797
17.291,0.05975,-0.00784
17.292,0.05235,-0.00741
17.293,0.04366,-0.00671
17.294,0.03419,-0.00576
17.295,0.02453,-0.00462
17.296,0.01527,-0.00334
17.297,0.00696,-0.002
17.298,1.18E-04,-6.54E-04
17.299,-0.00488,6.17E-04
17.3,-0.00776,0.00174
17.301,-0.00841,0.00267
17.302,-0.00684,0.00334
17.303,-0.00317,0.00375
17.304,0.00231,0.00386
17.305,0.00921,0.00369
17.306,0.0171,0.00325
17.307,0.0255,0.00258
17.308,0.03395,0.00174
17.309,0.04199,7.86E-04
17.31,0.04922,-2.13E-04
17.311,0.05534,-0.00119
17.312,0.06013,-0.00207
17.313,0.06347,-0.0028
17.314,0.06537,-0.00332
17.315,0.06589,-0.0036
17.316,0.06519,-0.00359
17.317,0.06348,-0.00329
17.318,0.06099,-0.0027
17.319,0.05796,-0.00184
17.32,0.05466,-7.45E-04
17.321,0.05132,5.43E-04
17.322,0.04809,0.00197
17.323,0.04511,0.00345
17.324,0.04241,0.00492
17.325,0.04007,0.00631
17.326,0.03809,0.00753
17.327,0.03643,0.00853
17.328,0.03505,0.00923
17.329,0.03385,0.00958
17.33,0.03283,0.00958
17.331,0.03195,0.0092
17.332,0.03121,0.00845
17.333,0.03065,0.00736
17.334,0.03029,0.006
17.335,0.03017,0.00442
17.336,0.03035,0.00272
17.337,0.0309,9.89E-04
17.338,0.03185,-6.82E-04
17.339,0.03324,-0.0022
17.34,0.03502,-0.00349
17.341,0.03714,-0.00448
17.342,0.03952,-0.00513
17.343,0.04205,-0.00543
17.344,0.04461,-0.00537
17.345,0.04704,-0.00498
17.346,0.04918,-0.00433
17.347,0.05092,-0.00348
17.348,0.05216,-0.00251
17.349,0.05282,-0.00148
17.35,0.05291,-5.02E-04
17.351,0.05247,3.65E-04
17.352,0.05156,0.00107
17.353,0.05029,0.00157
17.354,0.04883,0.00185
17.355,0.04736,0.00192
17.356,0.04607,0.0018
17.357,0.04509,0.00153
17.358,0.04454,0.00116
17.359,0.04451,7.56E-04
17.36,0.04505,3.64E-04
17.361,0.04612,3.54E-05
17.362,0.04765,-1.88E-04
17.363,0.04944,-2.75E-04
17.364,0.05135,-2.17E-04
17.365,0.05314,-1.26E-05
17.366,0.05461,3.23E-04
17.367,0.05553,7.62E-04
17.368,0.05569,0.00127
17.369,0.05496,0.0018
17.37,0.05326,0.00233
17.371,0.05059,0.00282
17.372,0.047,0.00324
17.373,0.0426,0.00356
17.374,0.03764,0.00379
17.375,0.03234,0.00392
17.376,0.027,0.00395
17.377,0.02188,0.0039
17.378,0.01725,0.00377
17.379,0.0134,0.00358
17.38,0.01049,0.00335
17.381,0.00863,0.00309
17.382,0.00786,0.0028
17.383,0.00811,0.00248
17.384,0.0093,0.00214
17.385,0.01121,0.00176
17.386,0.01358,0.00135
17.387,0.01614,9.04E-04
17.388,0.01856,4.10E-04
17.389,0.02062,-1.29E-04
17.39,0.02204,-7.06E-04
17.391,0.02264,-0.00131
17.392,0.02228,-0.00194
17.393,0.0209,-0.00256
17.394,0.01859,-0.00316
17.395,0.01544,-0.0037
17.396,0.01163,-0.00417
17.397,0.00737,-0.00455
17.398,0.00289,-0.0048
17.399,-0.00149,-0.00492
17.4,-0.00555,-0.00489
17.401,-0.0091,-0.00471
17.402,-0.01198,-0.0044
17.403,-0.01412,-0.00397
17.404,-0.01547,-0.00343
17.405,-0.0161,-0.00283
17.406,-0.01614,-0.0022
17.407,-0.01574,-0.00158
17.408,-0.01513,-0.00102
17.409,-0.01448,-5.59E-04
17.41,-0.01403,-2.37E-04
17.411,-0.01396,-8.75E-05
17.412,-0.01442,-1.30E-04
17.413,-0.01546,-3.68E-04
17.414,-0.01709,-7.99E-04
17.415,-0.01929,-0.0014
17.416,-0.02195,-0.00214
17.417,-0.02491,-0.00297
17.418,-0.02792,-0.00382
17.419,-0.03076,-0.00463
17.42,-0.03325,-0.00534
17.421,-0.03518,-0.00587
17.422,-0.03637,-0.00618
17.423,-0.03664,-0.00623
17.424,-0.03595,-0.00598
17.425,-0.03434,-0.00543
17.426,-0.03186,-0.00461
17.427,-0.02862,-0.00354
17.428,-0.02468,-0.0023
17.429,-0.02031,-9.55E-04
17.43,-0.01571,4.13E-04
17.431,-0.01107,0.00172
17.432,-0.00653,0.00287
17.433,-0.00214,0.0038
17.434,0.00192,0.00443
17.435,0.00564,0.00474
17.436,0.00906,0.00469
17.437,0.01225,0.00431
17.438,0.01536,0.00359
17.439,0.01845,0.0026
17.44,0.02169,0.00139
17.441,0.02524,3.21E-05
17.442,0.02918,-0.0014
17.443,0.03358,-0.00282
17.444,0.03839,-0.00418
17.445,0.04362,-0.00541
17.446,0.04918,-0.00647
17.447,0.05489,-0.00733
17.448,0.06055,-0.00798
17.449,0.06582,-0.00841
17.45,0.07053,-0.00864
17.451,0.07444,-0.00869
17.452,0.07732,-0.00858
17.453,0.07898,-0.00834
17.454,0.0792,-0.00798
17.455,0.07801,-0.00754
17.456,0.07545,-0.00704
17.457,0.07163,-0.00649
17.458,0.06673,-0.0059
17.459,0.06094,-0.00528
17.46,0.05463,-0.00464
17.461,0.04815,-0.004
17.462,0.04184,-0.00335
17.463,0.03608,-0.00272
17.464,0.03115,-0.00211
17.465,0.02734,-0.00153
17.466,0.02483,-0.00102
17.467,0.02376,-5.70E-04
17.468,0.0242,-1.97E-04
17.469,0.02607,8.60E-05
17.47,0.02925,2.80E-04
17.471,0.03353,3.88E-04
17.472,0.03868,4.20E-04
17.473,0.04441,3.96E-04
17.474,0.05042,3.21E-04
17.475,0.05639,2.26E-04
17.476,0.06203,1.34E-04
17.477,0.06711,6.75E-05
17.478,0.07141,5.19E-05
17.479,0.07479,9.14E-05
17.48,0.07718,2.05E-04
17.481,0.07854,4.01E-04
17.482,0.07891,6.81E-04
17.483,0.07837,0.00104
17.484,0.07703,0.00146
17.485,0.07505,0.00194
17.486,0.07261,0.00247
17.487,0.06986,0.00302
17.488,0.06698,0.00358
17.489,0.06407,0.00412
17.49,0.06132,0.00463
17.491,0.05881,0.0051
17.492,0.05663,0.0055
17.493,0.05485,0.00582
17.494,0.05347,0.00604
17.495,0.05253,0.00615
17.496,0.05205,0.00615
17.497,0.05201,0.00603
17.498,0.05242,0.00579
17.499,0.05322,0.00544
17.5,0.05436,0.00499
17.501,0.0558,0.00445
17.502,0.05752,0.00386
17.503,0.05947,0.00325
17.504,0.06152,0.00264
17.505,0.06354,0.00207
17.506,0.06544,0.00158
17.507,0.06713,0.0012
17.508,0.06863,9.48E-04
17.509,0.06974,8.47E-04
17.51,0.07037,9.01E-04
17.511,0.07048,0.00111
17.512,0.0701,0.00145
17.513,0.06942,0.00193
17.514,0.06847,0.00249
17.515,0.06751,0.00311
17.516,0.06675,0.00376
17.517,0.06646,0.0044
17.518,0.06693,0.00499
17.519,0.06866,0.00553
17.52,0.07205,0.00598
17.521,0.07743,0.00636
17.522,0.0849,0.00664
17.523,0.09417,0.00683
17.524,0.10571,0.00696
17.525,0.11935,0.00704
17.526,0.13481,0.00709
17.527,0.15132,0.00712
17.528,0.16734,0.00713
17.529,0.18264,0.00712
17.53,0.19612,0.00712
17.531,0.20667,0.0071
17.532,0.21279,0.00706
17.533,0.21241,0.00693
17.534,0.20501,0.00673
17.535,0.18955,0.00641
17.536,0.16526,0.00596
17.537,0.13148,0.00534
17.538,0.08758,0.00452
17.539,0.03426,0.0035
17.54,-0.02788,0.00225
17.541,-0.0978,7.92E-04
17.542,-0.17403,-8.75E-04
17.543,-0.25459,-0.00273
17.544,-0.33705,-0.00473
17.545,-0.41922,-0.00684
17.546,-0.49875,-0.00902
17.547,-0.57296,-0.0112
17.548,-0.63885,-0.01331
17.549,-0.69403,-0.01527
17.55,-0.7371,-0.01702
17.551,-0.76681,-0.0185
17.552,-0.78193,-0.01963
17.553,-0.78131,-0.02035
17.554,-0.76498,-0.0206
17.555,-0.73434,-0.02037
17.556,-0.69082,-0.01967
17.557,-0.63584,-0.0185
17.558,-0.57101,-0.01688
17.559,-0.49868,-0.01487
17.56,-0.422,-0.01256
17.561,-0.34371,-0.01006
17.562,-0.26617,-0.00745
17.563,-0.19149,-0.00486
17.564,-0.12194,-0.00238
17.565,-0.05938,-1.32E-04
17.566,-0.00509,0.0018
17.567,0.04012,0.00335
17.568,0.07594,0.00447
17.569,0.102,0.00514
17.57,0.11918,0.00538
17.571,0.12841,0.00522
17.572,0.13067,0.00473
17.573,0.12728,0.00398
17.574,0.11889,0.00303
17.575,0.10761,0.00199
17.576,0.09489,9.61E-04
17.577,0.0818,2.37E-06
17.578,0.06933,-8.24E-04
17.579,0.05749,-0.00149
17.58,0.04748,-0.00197
17.581,0.03974,-0.00224
17.582,0.03428,-0.00234
17.583,0.03099,-0.00229
17.584,0.02909,-0.00215
17.585,0.0286,-0.00195
17.586,0.02922,-0.00175
17.587,0.03056,-0.00158
17.588,0.03226,-0.00147
17.589,0.03384,-0.00145
17.59,0.03517,-0.00153
17.591,0.0362,-0.00169
17.592,0.03696,-0.00192
17.593,0.03753,-0.00219
17.594,0.03811,-0.00247
17.595,0.03883,-0.00271
17.596,0.03986,-0.00289
17.597,0.04141,-0.00298
17.598,0.04362,-0.00295
17.599,0.0466,-0.00279
17.6,0.05029,-0.0025
17.601,0.05454,-0.00209
17.602,0.05919,-0.00158
17.603,0.06399,-9.96E-04
17.604,0.06861,-3.67E-04
17.605,0.07274,2.68E-04
17.606,0.07608,8.71E-04
17.607,0.07835,0.00141
17.608,0.07934,0.00185
17.609,0.07889,0.00217
17.61,0.07702,0.00235
17.611,0.07384,0.00238
17.612,0.06954,0.00228
17.613,0.06441,0.00204
17.614,0.05881,0.0017
17.615,0.05318,0.00128
17.616,0.04795,8.16E-04
17.617,0.04352,3.52E-04
17.618,0.04024,-7.66E-05
17.619,0.0384,-4.31E-04
17.62,0.03818,-6.77E-04
17.621,0.03961,-7.88E-04
17.622,0.04264,-7.50E-04
17.623,0.04703,-5.64E-04
17.624,0.05251,-2.36E-04
17.625,0.05867,2.14E-04
17.626,0.06505,7.55E-04
17.627,0.07121,0.00134
17.628,0.07665,0.00193
17.629,0.08096,0.00246
17.63,0.08381,0.00289
17.631,0.08496,0.00318
17.632,0.0843,0.00329
17.633,0.08184,0.00319
17.634,0.07771,0.00289
17.635,0.0722,0.00238
17.636,0.06565,0.0017
17.637,0.05847,8.66E-04
17.638,0.05112,-6.89E-05
17.639,0.04409,-0.00105
17.64,0.03784,-0.00202
17.641,0.03273,-0.00294
17.642,0.02904,-0.00376
17.643,0.02696,-0.00445
17.644,0.02659,-0.00498
17.645,0.02788,-0.00535
17.646,0.03066,-0.00556
17.647,0.03467,-0.00563
17.648,0.03956,-0.00559
17.649,0.04495,-0.00547
17.65,0.05043,-0.0053
17.651,0.05558,-0.00512
17.652,0.06003,-0.00495
17.653,0.06341,-0.00482
17.654,0.06553,-0.00473
17.655,0.06623,-0.00469
17.656,0.06544,-0.0047
17.657,0.0632,-0.00474
17.658,0.0596,-0.00478
17.659,0.0549,-0.0048
17.66,0.04936,-0.00479
17.661,0.04327,-0.00473
17.662,0.03691,-0.0046
17.663,0.03057,-0.00439
17.664,0.02457,-0.0041
17.665,0.01913,-0.00374
17.666,0.01441,-0.00332
17.667,0.01052,-0.00284
17.668,0.00749,-0.00233
17.669,0.00534,-0.00181
17.67,0.00398,-0.00128
17.671,0.0033,-7.61E-04
17.672,0.00318,-2.61E-04
17.673,0.00344,2.09E-04
17.674,0.004,6.39E-04
17.675,0.00469,0.00103
17.676,0.00539,0.00137
17.677,0.00602,0.00166
17.678,0.00653,0.00189
17.679,0.00696,0.00205
17.68,0.00728,0.00213
17.681,0.0075,0.00214
17.682,0.00766,0.00206
17.683,0.00777,0.0019
17.684,0.00793,0.00165
17.685,0.00812,0.00131
17.686,0.00832,9.16E-04
17.687,0.00849,4.73E-04
17.688,0.00856,1.06E-05
17.689,0.00851,-4.48E-04
17.69,0.00825,-8.70E-04
17.691,0.00768,-0.00122
17.692,0.00674,-0.00148
17.693,0.00532,-0.00162
17.694,0.00343,-0.00163
17.695,0.00108,-0.00149
17.696,-0.00171,-0.00123
17.697,-0.00489,-8.31E-04
17.698,-0.00838,-3.34E-04
17.699,-0.01202,2.40E-04
17.7,-0.01566,8.57E-04
17.701,-0.01917,0.00148
17.702,-0.02241,0.00208
17.703,-0.02531,0.00262
17.704,-0.02768,0.00307
17.705,-0.02951,0.00341
17.706,-0.03078,0.00363
17.707,-0.03154,0.00372
17.708,-0.03188,0.00368
17.709,-0.03185,0.0035
17.71,-0.03164,0.00321
17.711,-0.0314,0.00283
17.712,-0.0313,0.00236
17.713,-0.03154,0.00182
17.714,-0.03218,0.00124
17.715,-0.03336,6.33E-04
17.716,-0.03514,2.00E-05
17.717,-0.03756,-5.84E-04
17.718,-0.04058,-0.00117
17.719,-0.04406,-0.00171
17.72,-0.0479,-0.00221
17.721,-0.05195,-0.00265
17.722,-0.05604,-0.00303
17.723,-0.06,-0.00335
17.724,-0.06359,-0.00359
17.725,-0.06667,-0.00378
17.726,-0.06913,-0.00391
17.727,-0.07091,-0.00399
17.728,-0.07199,-0.00403
17.729,-0.07232,-0.00404
17.73,-0.07201,-0.00403
17.731,-0.07119,-0.00401
17.732,-0.07001,-0.004
17.733,-0.06867,-0.00399
17.734,-0.0673,-0.00397
17.735,-0.0661,-0.00396
17.736,-0.06525,-0.00395
17.737,-0.06489,-0.00392
17.738,-0.06515,-0.00387
17.739,-0.06601,-0.00378
17.74,-0.06749,-0.00365
17.741,-0.06954,-0.00348
17.742,-0.0721,-0.00327
17.743,-0.07508,-0.00301
17.744,-0.07827,-0.00273
17.745,-0.08154,-0.00243
17.746,-0.08475,-0.00213
17.747,-0.08778,-0.00185
17.748,-0.09058,-0.0016
17.749,-0.09302,-0.00141
17.75,-0.09512,-0.00128
17.751,-0.0969,-0.00121
17.752,-0.09844,-0.00121
17.753,-0.09984,-0.00127
17.754,-0.10119,-0.00138
17.755,-0.10266,-0.00152
17.756,-0.10437,-0.00168
17.757,-0.10642,-0.00183
17.758,-0.10886,-0.00197
17.759,-0.11169,-0.00208
17.76,-0.11492,-0.00216
17.761,-0.11849,-0.00221
17.762,-0.12224,-0.00224
17.763,-0.12597,-0.00226
17.764,-0.12945,-0.00228
17.765,-0.13247,-0.00232
17.766,-0.13483,-0.00238
17.767,-0.1363,-0.00247
17.768,-0.13669,-0.00259
17.769,-0.13584,-0.00272
17.77,-0.13373,-0.00287
17.771,-0.13037,-0.00299
17.772,-0.12586,-0.00308
17.773,-0.12037,-0.0031
17.774,-0.11411,-0.00304
17.775,-0.10739,-0.00287
17.776,-0.10053,-0.00259
17.777,-0.09387,-0.0022
17.778,-0.08779,-0.00173
17.779,-0.08259,-0.00119
17.78,-0.07853,-6.32E-04
17.781,-0.0758,-9.57E-05
17.782,-0.07455,3.70E-04
17.783,-0.07484,7.18E-04
17.784,-0.07665,9.03E-04
17.785,-0.07983,8.94E-04
17.786,-0.08419,6.74E-04
17.787,-0.08948,2.43E-04
17.788,-0.09542,-3.80E-04
17.789,-0.10171,-0.00117
17.79,-0.108,-0.00206
17.791,-0.11398,-0.00301
17.792,-0.1194,-0.00395
17.793,-0.124,-0.0048
17.794,-0.12763,-0.0055
17.795,-0.13019,-0.00599
17.796,-0.13163,-0.00623
17.797,-0.13197,-0.0062
17.798,-0.13123,-0.00588
17.799,-0.12958,-0.00529
17.8,-0.12718,-0.00445
17.801,-0.12422,-0.00342
17.802,-0.12085,-0.00225
17.803,-0.11722,-0.001
17.804,-0.11353,2.49E-04
17.805,-0.10993,0.00143
17.806,-0.10654,0.00249
17.807,-0.10343,0.00338
17.808,-0.10058,0.00405
17.809,-0.09805,0.00449
17.81,-0.09582,0.00469
17.811,-0.09388,0.00466
17.812,-0.09213,0.00443
17.813,-0.09047,0.00406
17.814,-0.0889,0.00357
17.815,-0.08732,0.00304
17.816,-0.08568,0.00253
17.817,-0.08392,0.0021
17.818,-0.08195,0.00181
17.819,-0.07984,0.00169
17.82,-0.07755,0.00179
17.821,-0.07506,0.00212
17.822,-0.07237,0.00268
17.823,-0.06946,0.00344
17.824,-0.06647,0.00438
17.825,-0.06338,0.00545
17.826,-0.0602,0.00658
17.827,-0.05696,0.00771
17.828,-0.05367,0.00877
17.829,-0.05045,0.00968
17.83,-0.0473,0.01038
17.831,-0.04426,0.01084
17.832,-0.04133,0.01102
17.833,-0.03852,0.0109
17.834,-0.03596,0.01049
17.835,-0.03363,0.00982
17.836,-0.03153,0.00895
17.837,-0.02966,0.00791
17.838,-0.02798,0.00677
17.839,-0.02657,0.00561
17.84,-0.02536,0.00448
17.841,-0.02429,0.00345
17.842,-0.02331,0.00255
17.843,-0.02231,0.0018
17.844,-0.02134,0.00123
17.845,-0.02028,8.10E-04
17.846,-0.01907,5.25E-04
17.847,-0.01765,3.34E-04
17.848,-0.01593,1.95E-04
17.849,-0.01401,6.33E-05
17.85,-0.01183,-1.07E-04
17.851,-0.00941,-3.52E-04
17.852,-0.00677,-6.92E-04
17.853,-0.00393,-0.00113
17.854,-0.00104,-0.00165
17.855,0.00187,-0.00223
17.856,0.00474,-0.00284
17.857,0.0075,-0.00344
17.858,0.01014,-0.00396
17.859,0.01254,-0.00434
17.86,0.0147,-0.00456
17.861,0.01664,-0.00458
17.862,0.01839,-0.00439
17.863,0.01998,-0.00398
17.864,0.02141,-0.00337
17.865,0.02276,-0.0026
17.866,0.0241,-0.0017
17.867,0.02548,-7.48E-04
17.868,0.02695,2.03E-04
17.869,0.02847,0.00109
17.87,0.0301,0.00186
17.871,0.03181,0.00246
17.872,0.03359,0.00286
17.873,0.03537,0.00302
17.874,0.03706,0.00295
17.875,0.03862,0.00266
17.876,0.03999,0.00216
17.877,0.04112,0.0015
17.878,0.04194,7.04E-04
17.879,0.0424,-1.68E-04
17.88,0.0425,-0.00107
17.881,0.04227,-0.00195
17.882,0.04174,-0.00277
17.883,0.04098,-0.00349
17.884,0.04001,-0.00408
17.885,0.03894,-0.00452
17.886,0.03785,-0.00481
17.887,0.03684,-0.00493
17.888,0.03598,-0.00489
17.889,0.03532,-0.0047
17.89,0.03492,-0.0044
17.891,0.0348,-0.004
17.892,0.03499,-0.00353
17.893,0.03549,-0.00302
17.894,0.03626,-0.00249
17.895,0.03726,-0.00198
17.896,0.03846,-0.00151
17.897,0.03981,-0.00109
17.898,0.04125,-7.40E-04
17.899,0.04272,-4.58E-04
17.9,0.04417,-2.46E-04
17.901,0.04556,-9.61E-05
17.902,0.04684,5.84E-06
17.903,0.04797,8.00E-05
17.904,0.04893,1.45E-04
17.905,0.04967,2.23E-04
17.906,0.05019,3.31E-04
17.907,0.05048,4.83E-04
17.908,0.05052,6.89E-04
17.909,0.0503,9.45E-04
17.91,0.04986,0.00125
17.911,0.04921,0.00159
17.912,0.04837,0.00195
17.913,0.04736,0.0023
17.914,0.04625,0.00262
17.915,0.04509,0.00288
17.916,0.04395,0.00306
17.917,0.04287,0.00316
17.918,0.0419,0.00316
17.919,0.0411,0.00305
17.92,0.04051,0.00285
17.921,0.04015,0.00257
17.922,0.04002,0.00224
17.923,0.04009,0.00189
17.924,0.04032,0.00153
17.925,0.04065,0.0012
17.926,0.041,9.11E-04
17.927,0.04128,6.90E-04
17.928,0.0414,5.52E-04
17.929,0.04127,4.97E-04
17.93,0.04081,5.22E-04
17.931,0.03998,6.22E-04
17.932,0.03873,7.87E-04
17.933,0.0371,0.00101
17.934,0.03512,0.00127
17.935,0.03287,0.00155
17.936,0.03046,0.00185
17.937,0.02802,0.00215
17.938,0.02569,0.00247
17.939,0.02365,0.00279
17.94,0.02202,0.00311
17.941,0.02092,0.00344
17.942,0.02044,0.00376
17.943,0.02063,0.00411
17.944,0.0215,0.00445
17.945,0.02299,0.00479
17.946,0.025,0.00513
17.947,0.0274,0.00545
17.948,0.03003,0.00577
17.949,0.03271,0.00607
17.95,0.03524,0.00635
17.951,0.03744,0.00662
17.952,0.03917,0.00688
17.953,0.04031,0.00716
17.954,0.04081,0.00745
17.955,0.04067,0.00778
17.956,0.03994,0.00817
17.957,0.0387,0.00863
17.958,0.03708,0.00914
17.959,0.03527,0.00971
17.96,0.03346,0.01032
17.961,0.03184,0.01095
17.962,0.03054,0.01157
17.963,0.02968,0.01211
17.964,0.02935,0.01254
17.965,0.02957,0.01281
17.966,0.0303,0.01288
17.967,0.03145,0.0127
17.968,0.03284,0.01224
17.969,0.0343,0.0115
17.97,0.03564,0.01048
17.971,0.03667,0.00921
17.972,0.03719,0.00772
17.973,0.03705,0.00608
17.974,0.03617,0.00434
17.975,0.03451,0.0026
17.976,0.03211,9.22E-04
17.977,0.02907,-6.18E-04
17.978,0.02554,-0.00195
17.979,0.02173,-0.003
17.98,0.01788,-0.00376
17.981,0.0142,-0.00419
17.982,0.01094,-0.00429
17.983,0.00828,-0.00407
17.984,0.00637,-0.00355
17.985,0.00528,-0.0028
17.986,0.005,-0.00186
17.987,0.00548,-7.94E-04
17.988,0.00662,3.37E-04
17.989,0.00824,0.00148
17.99,0.0101,0.00258
17.991,0.01198,0.00357
17.992,0.01368,0.00443
17.993,0.01505,0.00513
17.994,0.01596,0.00565
17.995,0.01632,0.006
17.996,0.01614,0.00617
17.997,0.0155,0.00619
17.998,0.01455,0.00607
17.999,0.01351,0.00584
18,0.01259,0.00553
18.001,0.01202,0.00518
18.002,0.01203,0.00481
18.003,0.01281,0.00444
18.004,0.01447,0.00409
18.005,0.01706,0.00376
18.006,0.02054,0.00348
18.007,0.02479,0.00322
18.008,0.0296,0.00297
18.009,0.03465,0.00272
18.01,0.03962,0.00246
18.011,0.04419,0.00216
18.012,0.048,0.0018
18.013,0.05078,0.00137
18.014,0.05222,8.55E-04
18.015,0.0522,2.64E-04
18.016,0.0507,-3.96E-04
18.017,0.04776,-0.00111
18.018,0.0436,-0.00186
18.019,0.03847,-0.00259
18.02,0.03275,-0.0033
18.021,0.02689,-0.00393
18.022,0.02132,-0.00447
18.023,0.01651,-0.00489
18.024,0.01287,-0.00517
18.025,0.01073,-0.00532
18.026,0.01032,-0.00536
18.027,0.01177,-0.0053
18.028,0.01503,-0.00518
18.029,0.01997,-0.00503
18.03,0.0263,-0.0049
18.031,0.03365,-0.00482
18.032,0.04155,-0.00484
18.033,0.04949,-0.00495
18.034,0.05692,-0.00518
18.035,0.06336,-0.00549
18.036,0.06839,-0.00588
18.037,0.07165,-0.0063
18.038,0.07292,-0.00669
18.039,0.07208,-0.00701
18.04,0.06921,-0.00718
18.041,0.06448,-0.00718
18.042,0.05818,-0.00696
18.043,0.05072,-0.00651
18.044,0.04257,-0.00582
18.045,0.03426,-0.00494
18.046,0.0263,-0.0039
18.047,0.01916,-0.00278
18.048,0.01326,-0.00165
18.049,0.00894,-6.04E-04
18.05,0.00639,2.68E-04
18.051,0.00571,8.90E-04
18.052,0.00686,0.0012
18.053,0.00967,0.00117
18.054,0.01389,7.71E-04
18.055,0.01914,2.52E-05
18.056,0.02502,-0.00102
18.057,0.03112,-0.0023
18.058,0.03699,-0.0037
18.059,0.04226,-0.00514
18.06,0.04658,-0.00648
18.061,0.04968,-0.00763
18.062,0.05144,-0.00847
18.063,0.0518,-0.00893
18.064,0.05082,-0.00894
18.065,0.04864,-0.00849
18.066,0.04549,-0.00757
18.067,0.04163,-0.00622
18.068,0.0374,-0.00451
18.069,0.03314,-0.00252
18.07,0.02916,-3.74E-04
18.071,0.02575,0.00182
18.072,0.02312,0.00394
18.073,0.02145,0.00585
18.074,0.02082,0.00746
18.075,0.02124,0.00868
18.076,0.02265,0.00944
18.077,0.02492,0.00973
18.078,0.02788,0.00951
18.079,0.03128,0.00883
18.08,0.03489,0.00775
18.081,0.03849,0.00633
18.082,0.04187,0.00468
18.083,0.04483,0.00291
18.084,0.04721,0.00111
18.085,0.04891,-5.76E-04
18.086,0.0499,-0.00206
18.087,0.05018,-0.00327
18.088,0.04981,-0.00413
18.089,0.04887,-0.00461
18.09,0.0475,-0.00471
18.091,0.04584,-0.00443
18.092,0.04402,-0.00383
18.093,0.04221,-0.00297
18.094,0.04054,-0.00193
18.095,0.03912,-8.14E-04
18.096,0.03803,2.88E-04
18.097,0.03733,0.00129
18.098,0.03705,0.00212
18.099,0.03715,0.00272
18.1,0.03763,0.00305
18.101,0.03842,0.00309
18.102,0.03946,0.00286
18.103,0.04066,0.00241
18.104,0.04194,0.00179
18.105,0.0432,0.00107
18.106,0.04439,3.18E-04
18.107,0.04544,-3.75E-04
18.108,0.04628,-9.31E-04
18.109,0.0469,-0.00129
18.11,0.04726,-0.00142
18.111,0.04736,-0.00129
18.112,0.04719,-8.85E-04
18.113,0.04677,-2.29E-04
18.114,0.04613,6.38E-04
18.115,0.0453,0.00167
18.116,0.04431,0.00282
18.117,0.04321,0.00403
18.118,0.04199,0.00522
18.119,0.04074,0.00633
18.12,0.03949,0.00734
18.121,0.03827,0.00821
18.122,0.03711,0.0089
18.123,0.03601,0.00942
18.124,0.03502,0.00975
18.125,0.03415,0.0099
18.126,0.03341,0.0099
18.127,0.03277,0.00976
18.128,0.03221,0.00949
18.129,0.03173,0.00911
18.13,0.03128,0.00863
18.131,0.03081,0.00807
18.132,0.03027,0.00744
18.133,0.02959,0.00674
18.134,0.02877,0.00598
18.135,0.02774,0.00519
18.136,0.02647,0.00436
18.137,0.02496,0.00353
18.138,0.02319,0.00272
18.139,0.02125,0.00195
18.14,0.01918,0.00124
18.141,0.01704,6.38E-04
18.142,0.01492,1.51E-04
18.143,0.0129,-1.97E-04
18.144,0.01113,-3.89E-04
18.145,0.00968,-4.27E-04
18.146,0.00863,-3.18E-04
18.147,0.00801,-7.62E-05
18.148,0.00782,2.71E-04
18.149,0.0081,7.05E-04
18.15,0.00875,0.00118
18.151,0.00967,0.00167
18.152,0.01074,0.00212
18.153,0.01179,0.00251
18.154,0.01268,0.00282
18.155,0.01323,0.00302
18.156,0.01329,0.0031
18.157,0.01273,0.00307
18.158,0.01147,0.00291
18.159,0.00952,0.00265
18.16,0.00688,0.00231
18.161,0.00365,0.00189
18.162,-3.38E-05,0.00142
18.163,-0.004,9.04E-04
18.164,-0.00798,3.79E-04
18.165,-0.01176,-1.45E-04
18.166,-0.01511,-6.57E-04
18.167,-0.01782,-0.00115
18.168,-0.01972,-0.00161
18.169,-0.02068,-0.00203
18.17,-0.02068,-0.00242
18.171,-0.01974,-0.00276
18.172,-0.01797,-0.00306
18.173,-0.0155,-0.00332
18.174,-0.01256,-0.00353
18.175,-0.00944,-0.0037
18.176,-0.00642,-0.00384
18.177,-0.00373,-0.00395
18.178,-0.00157,-0.00402
18.179,-1.37E-04,-0.00407
18.18,4.37E-04,-0.00409
18.181,1.27E-04,-0.00411
18.182,-9.95E-04,-0.00411
18.183,-0.00273,-0.0041
18.184,-0.00491,-0.00408
18.185,-0.00727,-0.00404
18.186,-0.00951,-0.00398
18.187,-0.0113,-0.0039
18.188,-0.01229,-0.00378
18.189,-0.01229,-0.00361
18.19,-0.01109,-0.00339
18.191,-0.0086,-0.00312
18.192,-0.0048,-0.00279
18.193,3.03E-04,-0.00238
18.194,0.00644,-0.00193
18.195,0.01338,-0.00141
18.196,0.02083,-8.58E-04
18.197,0.02845,-2.65E-04
18.198,0.03591,3.58E-04
18.199,0.04279,9.92E-04
18.2,0.04885,0.00163
18.201,0.05386,0.00227
18.202,0.05769,0.00291
18.203,0.06028,0.00353
18.204,0.06162,0.00413
18.205,0.06187,0.00471
18.206,0.06125,0.00527
18.207,0.06,0.0058
18.208,0.05839,0.00629
18.209,0.05665,0.00671
18.21,0.0551,0.00706
18.211,0.05396,0.00733
18.212,0.05337,0.00749
18.213,0.05342,0.00753
18.214,0.05402,0.00743
18.215,0.05514,0.00719
18.216,0.05663,0.00682
18.217,0.0583,0.00631
18.218,0.05992,0.0057
18.219,0.06118,0.005
18.22,0.0619,0.00425
18.221,0.06191,0.00351
18.222,0.06112,0.0028
18.223,0.0595,0.00217
18.224,0.05708,0.00166
18.225,0.05402,0.00129
18.226,0.05055,0.00109
18.227,0.04695,0.00106
18.228,0.04353,0.00119
18.229,0.04063,0.00146
18.23,0.03856,0.00184
18.231,0.03757,0.00229
18.232,0.03783,0.00276
18.233,0.03946,0.00321
18.234,0.04243,0.00361
18.235,0.0466,0.00391
18.236,0.05173,0.0041
18.237,0.05752,0.00415
18.238,0.0636,0.00407
18.239,0.06951,0.00388
18.24,0.07481,0.00358
18.241,0.07911,0.0032
18.242,0.0821,0.00278
18.243,0.08357,0.00234
18.244,0.08335,0.00192
18.245,0.08148,0.00152
18.246,0.07812,0.00118
18.247,0.07354,9.05E-04
18.248,0.06813,6.96E-04
18.249,0.06234,5.49E-04
18.25,0.05671,4.60E-04
18.251,0.05175,4.17E-04
18.252,0.04794,4.14E-04
18.253,0.04568,4.50E-04
18.254,0.04524,5.14E-04
18.255,0.04677,6.08E-04
18.256,0.05026,7.32E-04
18.257,0.05559,8.95E-04
18.258,0.06246,0.00111
18.259,0.07034,0.00138
18.26,0.07866,0.0017
18.261,0.08684,0.00209
18.262,0.09428,0.00254
18.263,0.10049,0.00305
18.264,0.10487,0.0036
18.265,0.10708,0.00418
18.266,0.10693,0.00476
18.267,0.10443,0.00533
18.268,0.09985,0.00586
18.269,0.09361,0.00632
18.27,0.08638,0.00671
18.271,0.07889,0.00701
18.272,0.07189,0.00722
18.273,0.06604,0.00732
18.274,0.06251,0.00732
18.275,0.06205,0.00724
18.276,0.06524,0.0071
18.277,0.07222,0.0069
18.278,0.08245,0.00665
18.279,0.09624,0.00638
18.28,0.11296,0.00611
18.281,0.13175,0.00586
18.282,0.15114,0.00562
18.283,0.16886,0.00539
18.284,0.18396,0.00519
18.285,0.19465,0.005
18.286,0.19932,0.00482
18.287,0.19621,0.00464
18.288,0.18329,0.00441
18.289,0.16012,0.00412
18.29,0.12604,0.00376
18.291,0.08093,0.0033
18.292,0.0251,0.00271
18.293,-0.04068,0.00195
18.294,-0.11461,0.00103
18.295,-0.19487,-7.32E-05
18.296,-0.27926,-0.00136
18.297,-0.36507,-0.00283
18.298,-0.4491,-0.00444
18.299,-0.52829,-0.00617
18.3,-0.60017,-0.00797
18.301,-0.66238,-0.00978
18.302,-0.7125,-0.01154
18.303,-0.7481,-0.01318
18.304,-0.76786,-0.0146
18.305,-0.77175,-0.01577
18.306,-0.76002,-0.01663
18.307,-0.73304,-0.01713
18.308,-0.69148,-0.01723
18.309,-0.63706,-0.01692
18.31,-0.57264,-0.01623
18.311,-0.5009,-0.0152
18.312,-0.42431,-0.01389
18.313,-0.34532,-0.01234
18.314,-0.26666,-0.01064
18.315,-0.19125,-0.00889
18.316,-0.1213,-0.00716
18.317,-0.05852,-0.00555
18.318,-0.00411,-0.00409
18.319,0.04075,-0.00285
18.32,0.07584,-0.00187
18.321,0.10131,-0.00114
18.322,0.11766,-6.58E-04
18.323,0.12584,-4.03E-04
18.324,0.12641,-3.39E-04
18.325,0.12133,-4.10E-04
18.326,0.11219,-5.63E-04
18.327,0.10034,-7.49E-04
18.328,0.08723,-9.20E-04
18.329,0.07336,-0.00105
18.33,0.0605,-0.0011
18.331,0.04963,-0.00105
18.332,0.04123,-9.00E-04
18.333,0.03565,-6.67E-04
18.334,0.03235,-3.80E-04
18.335,0.0317,-5.22E-05
18.336,0.03356,2.90E-04
18.337,0.03748,6.16E-04
18.338,0.04293,8.92E-04
18.339,0.04908,0.00109
18.34,0.0556,0.0012
18.341,0.06209,0.0012
18.342,0.06815,0.00111
18.343,0.07339,9.17E-04
18.344,0.07759,6.29E-04
18.345,0.08057,2.66E-04
18.346,0.08231,-1.55E-04
18.347,0.08284,-6.12E-04
18.348,0.08223,-0.00109
18.349,0.08067,-0.00156
18.35,0.07828,-0.00201
18.351,0.07521,-0.00242
18.352,0.07162,-0.00278
18.353,0.06769,-0.00308
18.354,0.06359,-0.00331
18.355,0.05946,-0.00348
18.356,0.05542,-0.00358
18.357,0.05158,-0.00363
18.358,0.04805,-0.00362
18.359,0.04491,-0.00357
18.36,0.04228,-0.00349
18.361,0.04024,-0.0034
18.362,0.03887,-0.0033
18.363,0.03823,-0.0032
18.364,0.03836,-0.0031
18.365,0.03926,-0.00299
18.366,0.04091,-0.00288
18.367,0.04327,-0.00274
18.368,0.04624,-0.00257
18.369,0.04973,-0.00234
18.37,0.05353,-0.00203
18.371,0.05747,-0.00164
18.372,0.06136,-0.00116
18.373,0.06496,-5.76E-04
18.374,0.06814,9.47E-05
18.375,0.07069,8.37E-04
18.376,0.07251,0.00163
18.377,0.07348,0.00242
18.378,0.07357,0.00317
18.379,0.07281,0.00383
18.38,0.07128,0.00436
18.381,0.06913,0.00471
18.382,0.06647,0.00485
18.383,0.06348,0.00474
18.384,0.06035,0.00439
18.385,0.05729,0.00379
18.386,0.05444,0.00298
18.387,0.05194,0.00199
18.388,0.04983,8.81E-04
18.389,0.04817,-2.99E-04
18.39,0.04696,-0.00148
18.391,0.04613,-0.0026
18.392,0.04559,-0.0036
18.393,0.04522,-0.00443
18.394,0.0449,-0.00506
18.395,0.04453,-0.00549
18.396,0.04398,-0.0057
18.397,0.04319,-0.00571
18.398,0.04207,-0.00555
18.399,0.04069,-0.00525
18.4,0.03907,-0.00486
18.401,0.03726,-0.00441
18.402,0.03536,-0.00395
18.403,0.03343,-0.0035
18.404,0.03169,-0.00308
18.405,0.03019,-0.00271
18.406,0.02901,-0.00238
18.407,0.02818,-0.00208
18.408,0.02768,-0.00179
18.409,0.02752,-0.00151
18.41,0.0276,-0.0012
18.411,0.02778,-8.57E-04
18.412,0.02792,-4.71E-04
18.413,0.02784,-3.76E-05
18.414,0.02741,4.34E-04
18.415,0.02646,9.29E-04
18.416,0.02488,0.00143
18.417,0.02261,0.0019
18.418,0.01961,0.00231
18.419,0.01597,0.00264
18.42,0.01177,0.00287
18.421,0.00714,0.00297
18.422,0.0023,0.00295
18.423,-0.0025,0.00281
18.424,-0.00698,0.00255
18.425,-0.01091,0.0022
18.426,-0.01408,0.0018
18.427,-0.01628,0.00138
18.428,-0.01734,9.56E-04
18.429,-0.01716,5.76E-04
18.43,-0.01573,2.69E-04
18.431,-0.01312,5.78E-05
18.432,-0.00945,-4.71E-05
18.433,-0.00491,-5.15E-05
18.434,2.99E-04,4.02E-05
18.435,0.00589,2.07E-04
18.436,0.01157,4.21E-04
18.437,0.01705,6.47E-04
18.438,0.022,8.42E-04
18.439,0.02623,9.66E-04
18.44,0.02951,9.78E-04
18.441,0.03169,8.43E-04
18.442,0.03267,5.38E-04
18.443,0.03238,5.40E-05
18.444,0.03087,-6.12E-04
18.445,0.02826,-0.00145
18.446,0.02466,-0.00243
18.447,0.02026,-0.0035
18.448,0.01521,-0.00462
18.449,0.00977,-0.0057
18.45,0.0042,-0.00669
18.451,-0.00128,-0.00752
18.452,-0.00649,-0.00812
18.453,-0.01129,-0.00843
18.454,-0.0155,-0.0084
18.455,-0.01899,-0.00802
18.456,-0.02172,-0.00729
18.457,-0.02369,-0.00621
18.458,-0.02497,-0.00485
18.459,-0.02557,-0.00327
18.46,-0.02561,-0.00154
18.461,-0.02522,2.29E-04
18.462,-0.02458,0.00194
18.463,-0.02394,0.00348
18.464,-0.02335,0.00475
18.465,-0.02305,0.00568
18.466,-0.0232,0.00622
18.467,-0.02395,0.00632
18.468,-0.02548,0.00598
18.469,-0.02774,0.00522
18.47,-0.03082,0.0041
18.471,-0.03471,0.00268
18.472,-0.03939,0.00107
18.473,-0.04477,-6.55E-04
18.474,-0.05064,-0.00238
18.475,-0.05686,-0.004
18.476,-0.06327,-0.00543
18.477,-0.06966,-0.00661
18.478,-0.07585,-0.00749
18.479,-0.08158,-0.00804
18.48,-0.08672,-0.00828
18.481,-0.09115,-0.00822
18.482,-0.09477,-0.00791
18.483,-0.09753,-0.00739
18.484,-0.09936,-0.00673
18.485,-0.10034,-0.00599
18.486,-0.10056,-0.00524
18.487,-0.10012,-0.00453
18.488,-0.09915,-0.0039
18.489,-0.09773,-0.00336
18.49,-0.09605,-0.00295
18.491,-0.09426,-0.00266
18.492,-0.09248,-0.00248
18.493,-0.09082,-0.0024
18.494,-0.08928,-0.00239
18.495,-0.08797,-0.00243
18.496,-0.08691,-0.0025
18.497,-0.0861,-0.00258
18.498,-0.08557,-0.00267
18.499,-0.08524,-0.00274
18.5,-0.08512,-0.0028
18.501,-0.0852,-0.00285
18.502,-0.08548,-0.00289
18.503,-0.08599,-0.00293
18.504,-0.08671,-0.00297
18.505,-0.08767,-0.00303
18.506,-0.08888,-0.00309
18.507,-0.09039,-0.00318
18.508,-0.09221,-0.00328
18.509,-0.0943,-0.0034
18.51,-0.09663,-0.00354
18.511,-0.09912,-0.00368
18.512,-0.10172,-0.00384
18.513,-0.10433,-0.00399
18.514,-0.1068,-0.00414
18.515,-0.10901,-0.00429
18.516,-0.11083,-0.00442
18.517,-0.11216,-0.00454
18.518,-0.11299,-0.00464
18.519,-0.11321,-0.00471
18.52,-0.11289,-0.00476
18.521,-0.1121,-0.00476
18.522,-0.11095,-0.00473
18.523,-0.10962,-0.00467
18.524,-0.10831,-0.00456
18.525,-0.10725,-0.00441
18.526,-0.10667,-0.00424
18.527,-0.10676,-0.00405
18.528,-0.10765,-0.00385
18.529,-0.10945,-0.00366
18.53,-0.11218,-0.0035
18.531,-0.11582,-0.00339
18.532,-0.1202,-0.00332
18.533,-0.12506,-0.00332
18.534,-0.13012,-0.00338
18.535,-0.13506,-0.00351
18.536,-0.13953,-0.00371
18.537,-0.14315,-0.00394
18.538,-0.14558,-0.0042
18.539,-0.14652,-0.00447
18.54,-0.14583,-0.00471
18.541,-0.14343,-0.00491
18.542,-0.13931,-0.00505
18.543,-0.13361,-0.0051
18.544,-0.12658,-0.00506
18.545,-0.11859,-0.00491
18.546,-0.11005,-0.00466
18.547,-0.1014,-0.00432
18.548,-0.0931,-0.00389
18.549,-0.08564,-0.00339
18.55,-0.07943,-0.00284
18.551,-0.07476,-0.00226
18.552,-0.07185,-0.00165
18.553,-0.07073,-0.00105
18.554,-0.07147,-4.70E-04
18.555,-0.07387,8.20E-05
18.556,-0.07766,5.93E-04
18.557,-0.08248,0.00105
18.558,-0.08783,0.00143
18.559,-0.09337,0.00173
18.56,-0.09858,0.00194
18.561,-0.10304,0.00205
18.562,-0.10635,0.00204
18.563,-0.10816,0.0019
18.564,-0.10838,0.00162
18.565,-0.10688,0.00119
18.566,-0.10367,6.23E-04
18.567,-0.09887,-8.00E-05
18.568,-0.09262,-9.08E-04
18.569,-0.08531,-0.00184
18.57,-0.07724,-0.00285
18.571,-0.06875,-0.00389
18.572,-0.06017,-0.00494
18.573,-0.0518,-0.00595
18.574,-0.044,-0.00689
18.575,-0.03699,-0.0077
18.576,-0.0309,-0.00838
18.577,-0.02583,-0.00889
18.578,-0.02179,-0.00922
18.579,-0.01883,-0.00935
18.58,-0.01683,-0.0093
18.581,-0.01566,-0.00907
18.582,-0.01519,-0.00869
18.583,-0.01523,-0.00818
18.584,-0.01573,-0.00756
18.585,-0.01647,-0.00686
18.586,-0.01732,-0.00612
18.587,-0.01815,-0.00535
18.588,-0.01885,-0.0046
18.589,-0.01945,-0.00387
18.59,-0.01982,-0.00319
18.591,-0.01989,-0.00258
18.592,-0.01964,-0.00207
18.593,-0.01901,-0.00165
18.594,-0.01808,-0.00136
18.595,-0.0168,-0.0012
18.596,-0.01515,-0.00118
18.597,-0.01313,-0.0013
18.598,-0.01075,-0.00156
18.599,-0.00811,-0.00195
18.6,-0.00525,-0.00246
18.601,-0.00224,-0.00305
18.602,8.68E-04,-0.00369
18.603,0.00401,-0.00435
18.604,0.00701,-0.00498
18.605,0.0098,-0.00554
18.606,0.0123,-0.00598
18.607,0.01445,-0.00626
18.608,0.01625,-0.00635
18.609,0.01762,-0.00624
18.61,0.01861,-0.00591
18.611,0.01927,-0.00539
18.612,0.01969,-0.00468
18.613,0.02004,-0.00385
18.614,0.02034,-0.00292
18.615,0.02078,-0.00198
18.616,0.02149,-0.00106
18.617,0.02257,-2.49E-04
18.618,0.02414,4.08E-04
18.619,0.02618,8.60E-04
18.62,0.02873,0.00107
18.621,0.03175,0.00102
18.622,0.03519,6.98E-04
18.623,0.03894,1.26E-04
18.624,0.04281,-6.74E-04
18.625,0.04668,-0.00166
18.626,0.05041,-0.00278
18.627,0.05387,-0.00398
18.628,0.05691,-0.00518
18.629,0.05942,-0.00633
18.63,0.06136,-0.00736
18.631,0.06275,-0.00823
18.632,0.06359,-0.00889
18.633,0.06393,-0.00929
18.634,0.06382,-0.00943
18.635,0.06339,-0.00928
18.636,0.06274,-0.00886
18.637,0.06197,-0.00818
18.638,0.06116,-0.00726
18.639,0.06033,-0.00614
18.64,0.05955,-0.00488
18.641,0.05882,-0.00352
18.642,0.05813,-0.00213
18.643,0.05746,-7.58E-04
18.644,0.05674,5.30E-04
18.645,0.05595,0.00168
18.646,0.05506,0.00264
18.647,0.05407,0.00339
18.648,0.05299,0.00389
18.649,0.05185,0.00414
18.65,0.05074,0.00414
18.651,0.04975,0.00391
18.652,0.04897,0.0035
18.653,0.0485,0.00294
18.654,0.04845,0.00228
18.655,0.04889,0.00158
18.656,0.04986,9.11E-04
18.657,0.05134,3.07E-04
18.658,0.05325,-1.85E-04
18.659,0.0555,-5.42E-04
18.66,0.05791,-7.44E-04
18.661,0.06029,-7.86E-04
18.662,0.06242,-6.81E-04
18.663,0.06404,-4.53E-04
18.664,0.06494,-1.45E-04
18.665,0.06494,2.06E-04
18.666,0.06391,5.60E-04
18.667,0.06176,8.81E-04
18.668,0.05852,0.00114
18.669,0.05428,0.00131
18.67,0.04923,0.00138
18.671,0.04362,0.00135
18.672,0.03774,0.00124
18.673,0.03196,0.00108
18.674,0.02664,8.87E-04
18.675,0.0221,7.02E-04
18.676,0.01865,5.57E-04
18.677,0.01651,4.85E-04
18.678,0.01583,5.13E-04
18.679,0.01667,6.59E-04
18.68,0.01893,9.30E-04
18.681,0.02244,0.00132
18.682,0.02694,0.00182
18.683,0.03214,0.00241
18.684,0.03764,0.00306
18.685,0.04302,0.00373
18.686,0.04789,0.0044
18.687,0.05194,0.00504
18.688,0.05491,0.0056
18.689,0.05662,0.00606
18.69,0.05701,0.0064
18.691,0.05612,0.00661
18.692,0.05411,0.00667
18.693,0.05124,0.00659
18.694,0.04784,0.00636
18.695,0.0443,0.00599
18.696,0.041,0.00549
18.697,0.03831,0.00489
18.698,0.03655,0.0042
18.699,0.03597,0.00344
18.7,0.03673,0.00265
18.701,0.03886,0.00187
18.702,0.04228,0.00111
18.703,0.04678,4.37E-04
18.704,0.05205,-1.34E-04
18.705,0.05774,-5.67E-04
18.706,0.06348,-8.39E-04
18.707,0.06881,-9.26E-04
18.708,0.0733,-8.08E-04
18.709,0.07659,-4.88E-04
18.71,0.07843,2.19E-05
18.711,0.07864,7.04E-04
18.712,0.07716,0.00154
18.713,0.074,0.00248
18.714,0.06934,0.00351
18.715,0.06345,0.00457
18.716,0.05667,0.00561
18.717,0.04938,0.00661
18.718,0.04198,0.00752
18.719,0.03489,0.00832
18.72,0.02848,0.009
18.721,0.02305,0.00955
18.722,0.0188,0.00995
18.723,0.01591,0.01023
18.724,0.0144,0.01038
18.725,0.0142,0.01043
18.726,0.01518,0.0104
18.727,0.01714,0.0103
18.728,0.01984,0.01014
18.729,0.02304,0.00993
18.73,0.02643,0.00967
18.731,0.02976,0.00939
18.732,0.03284,0.00907
18.733,0.03552,0.00871
18.734,0.03773,0.0083
18.735,0.03943,0.00786
18.736,0.04062,0.00739
18.737,0.04138,0.00689
18.738,0.04182,0.00636
18.739,0.04209,0.00583
18.74,0.04231,0.0053
18.741,0.0426,0.0048
18.742,0.04302,0.00434
18.743,0.04362,0.00393
18.744,0.04442,0.00359
18.745,0.04537,0.00334
18.746,0.04639,0.00316
18.747,0.04738,0.00308
18.748,0.04817,0.00308
18.749,0.0486,0.00318
18.75,0.04857,0.00335
18.751,0.04795,0.00359
18.752,0.04666,0.00389
18.753,0.04468,0.00423
18.754,0.04201,0.00461
18.755,0.03873,0.00501
18.756,0.03499,0.00541
18.757,0.03096,0.00581
18.758,0.02686,0.00619
18.759,0.02294,0.00653
18.76,0.01941,0.00683
18.761,0.0165,0.00707
18.762,0.0144,0.00723
18.763,0.01328,0.00731
18.764,0.01323,0.00729
18.765,0.01427,0.00718
18.766,0.01632,0.00698
18.767,0.0193,0.0067
18.768,0.02303,0.00634
18.769,0.02729,0.00593
18.77,0.03181,0.00549
18.771,0.03632,0.00503
18.772,0.04056,0.00459
18.773,0.04426,0.00417
18.774,0.04722,0.00379
18.775,0.04927,0.00347
18.776,0.05032,0.00321
18.777,0.05034,0.00301
18.778,0.04936,0.00285
18.779,0.04748,0.00272
18.78,0.04487,0.00261
18.781,0.04172,0.00249
18.782,0.03827,0.00235
18.783,0.03476,0.00218
18.784,0.03143,0.00197
18.785,0.0285,0.00172
18.786,0.02614,0.00143
18.787,0.02448,0.00112
18.788,0.02364,8.03E-04
18.789,0.0236,5.04E-04
18.79,0.02435,2.37E-04
18.791,0.02581,1.80E-05
18.792,0.02787,-1.41E-04
18.793,0.03038,-2.36E-04
18.794,0.03316,-2.64E-04
18.795,0.03604,-2.41E-04
18.796,0.03885,-1.87E-04
18.797,0.04147,-1.22E-04
18.798,0.04375,-6.86E-05
18.799,0.04563,-4.95E-05
18.8,0.04703,-8.74E-05
18.801,0.04794,-1.96E-04
18.802,0.04838,-3.80E-04
18.803,0.04838,-6.27E-04
18.804,0.048,-9.25E-04
18.805,0.04732,-0.00125
18.806,0.04641,-0.00157
18.807,0.04535,-0.00185
18.808,0.0442,-0.00206
18.809,0.04302,-0.00215
18.81,0.04186,-0.00211
18.811,0.04075,-0.00193
18.812,0.03971,-0.00159
18.813,0.03875,-0.00111
18.814,0.03786,-5.02E-04
18.815,0.03705,2.03E-04
18.816,0.03632,9.67E-04
18.817,0.03569,0.00175
18.818,0.03516,0.00251
18.819,0.03475,0.00321
18.82,0.03449,0.00382
18.821,0.03441,0.00431
18.822,0.03454,0.00466
18.823,0.0349,0.00488
18.824,0.03552,0.00495
18.825,0.0364,0.00491
18.826,0.03754,0.00476
18.827,0.03889,0.00453
18.828,0.04041,0.00424
18.829,0.04204,0.00391
18.83,0.04371,0.00358
18.831,0.04531,0.00324
18.832,0.04676,0.00293
18.833,0.04791,0.00263
18.834,0.04871,0.00236
18.835,0.04907,0.00212
18.836,0.04894,0.00189
18.837,0.04827,0.00168
18.838,0.04703,0.00147
18.839,0.04526,0.00127
18.84,0.04301,0.00106
18.841,0.04035,8.41E-04
18.842,0.03737,6.20E-04
18.843,0.03419,3.97E-04
18.844,0.03092,1.81E-04
18.845,0.0277,-2.35E-05
18.846,0.02462,-2.07E-04
18.847,0.02181,-3.59E-04
18.848,0.01939,-4.69E-04
18.849,0.01741,-5.18E-04
18.85,0.01592,-5.01E-04
18.851,0.01496,-4.11E-04
18.852,0.01453,-2.44E-04
18.853,0.01465,-7.90E-07
18.854,0.0153,3.20E-04
18.855,0.01644,7.07E-04
18.856,0.018,0.00114
18.857,0.01996,0.00161
18.858,0.02224,0.00207
18.859,0.0248,0.00251
18.86,0.02757,0.00289
18.861,0.03048,0.00318
18.862,0.03344,0.00335
18.863,0.03636,0.00336
18.864,0.03919,0.00322
18.865,0.04181,0.00291
18.866,0.04414,0.00243
18.867,0.04608,0.00181
18.868,0.0475,0.00105
18.869,0.04834,2.05E-04
18.87,0.04852,-6.84E-04
18.871,0.048,-0.00157
18.872,0.04675,-0.00241
18.873,0.04475,-0.00316
18.874,0.04203,-0.00379
18.875,0.03871,-0.00425
18.876,0.03489,-0.00455
18.877,0.03072,-0.00468
18.878,0.02634,-0.00466
18.879,0.02196,-0.0045
18.88,0.01779,-0.00425
18.881,0.014,-0.00395
18.882,0.01076,-0.00364
18.883,0.0082,-0.00335
18.884,0.00644,-0.00313
18.885,0.00552,-0.00299
18.886,0.00542,-0.00297
18.887,0.00609,-0.00305
18.888,0.00741,-0.00323
18.889,0.00929,-0.00348
18.89,0.01151,-0.00377
18.891,0.01389,-0.00409
18.892,0.01622,-0.00439
18.893,0.01828,-0.00463
18.894,0.01997,-0.00479
18.895,0.02112,-0.00485
18.896,0.02163,-0.00479
18.897,0.02146,-0.00462
18.898,0.02055,-0.00435
18.899,0.019,-0.00399
18.9,0.01687,-0.00356
18.901,0.01424,-0.00309
18.902,0.01121,-0.00261
18.903,0.00789,-0.00215
18.904,0.00443,-0.00174
18.905,9.25E-04,-0.00139
18.906,-0.00254,-0.00114
18.907,-0.0059,-9.75E-04
18.908,-0.00913,-9.13E-04
18.909,-0.01217,-9.57E-04
18.91,-0.01501,-0.0011
18.911,-0.01765,-0.00134
18.912,-0.0201,-0.00165
18.913,-0.02237,-0.00201
18.914,-0.02442,-0.0024
18.915,-0.02624,-0.00281
18.916,-0.02783,-0.00321
18.917,-0.02916,-0.00355
18.918,-0.03018,-0.00382
18.919,-0.03085,-0.00398
18.92,-0.03117,-0.004
18.921,-0.03117,-0.00386
18.922,-0.03084,-0.00354
18.923,-0.03019,-0.00302
18.924,-0.02929,-0.00232
18.925,-0.02827,-0.00143
18.926,-0.02725,-3.77E-04
18.927,-0.02632,8.00E-04
18.928,-0.0255,0.00205
18.929,-0.02494,0.00333
18.93,-0.02473,0.00458
18.931,-0.0249,0.00573
18.932,-0.02541,0.00674
18.933,-0.02608,0.00753
18.934,-0.02688,0.00807
18.935,-0.02762,0.00833
18.936,-0.0281,0.0083
18.937,-0.02807,0.00798
18.938,-0.02722,0.00737
18.939,-0.0254,0.00652
18.94,-0.02243,0.00546
18.941,-0.01816,0.00426
18.942,-0.01254,0.00296
18.943,-0.00553,0.00162
18.944,0.00264,2.87E-04
18.945,0.0118,-9.84E-04
18.946,0.02166,-0.00216
18.947,0.03189,-0.0032
18.948,0.04211,-0.00408
18.949,0.0518,-0.00481
18.95,0.06062,-0.00536
18.951,0.06823,-0.00575
18.952,0.07432,-0.00598
18.953,0.07868,-0.00605
18.954,0.08112,-0.00596
18.955,0.08172,-0.00574
18.956,0.08064,-0.00538
18.957,0.07807,-0.00489
18.958,0.07431,-0.00428
18.959,0.06968,-0.00354
18.96,0.06466,-0.00269
18.961,0.05967,-0.00175
18.962,0.05509,-7.23E-04
18.963,0.05124,3.54E-04
18.964,0.04831,0.00146
18.965,0.04653,0.00257
18.966,0.04595,0.00363
18.967,0.04651,0.00462
18.968,0.04808,0.00549
18.969,0.05038,0.0062
18.97,0.05318,0.00672
18.971,0.05617,0.00704
18.972,0.05906,0.00713
18.973,0.06152,0.00698
18.974,0.06335,0.00659
18.975,0.06437,0.00598
18.976,0.06451,0.00519
18.977,0.06376,0.00423
18.978,0.06218,0.00315
18.979,0.05993,0.002
18.98,0.05719,8.32E-04
18.981,0.05417,-2.90E-04
18.982,0.05109,-0.00131
18.983,0.04817,-0.00219
18.984,0.04558,-0.00288
18.985,0.04341,-0.00334
18.986,0.04172,-0.00356
18.987,0.0405,-0.00352
18.988,0.03975,-0.00323
18.989,0.03932,-0.00271
18.99,0.03911,-0.00201
18.991,0.03896,-0.00117
18.992,0.03876,-2.54E-04
18.993,0.03847,6.86E-04
18.994,0.03805,0.00158
18.995,0.03751,0.00236
18.996,0.03695,0.00297
18.997,0.03651,0.00339
18.998,0.03635,0.00358
18.999,0.03672,0.00355
19,0.03781,0.00331
19.001,0.03978,0.00291
19.002,0.04278,0.00239
19.003,0.04683,0.00183
19.004,0.05187,0.00129
19.005,0.05775,8.45E-04
19.006,0.06421,5.63E-04
19.007,0.07092,4.96E-04
19.008,0.0775,6.82E-04
19.009,0.08337,0.00112
19.01,0.08808,0.00181
19.011,0.09118,0.0027
19.012,0.09232,0.00375
19.013,0.09135,0.00488
19.014,0.08802,0.00601
19.015,0.08244,0.00706
19.016,0.07486,0.00795
19.017,0.06568,0.00861
19.018,0.05555,0.00902
19.019,0.04523,0.00913
19.02,0.03562,0.00898
19.021,0.02756,0.00858
19.022,0.02184,0.008
19.023,0.01903,0.00729
19.024,0.02007,0.00657
19.025,0.02542,0.00591
19.026,0.03525,0.0054
19.027,0.04929,0.0051
19.028,0.06652,0.00506
19.029,0.08681,0.00531
19.03,0.10907,0.00584
19.031,0.13208,0.00664
19.032,0.15415,0.00763
19.033,0.17281,0.0087
19.034,0.18713,0.00978
19.035,0.19539,0.01076
19.036,0.19617,0.01153
19.037,0.18803,0.01199
19.038,0.16933,0.01203
19.039,0.14008,0.01159
19.04,0.10007,0.01065
19.041,0.04961,0.0092
19.042,-0.01061,0.00724
19.043,-0.0795,0.00483
19.044,-0.15503,0.00205
19.045,-0.2353,-0.001
19.046,-0.3181,-0.00422
19.047,-0.40087,-0.00748
19.048,-0.48063,-0.01065
19.049,-0.55467,-0.0136
19.05,-0.62088,-0.01624
19.051,-0.6773,-0.01846
19.052,-0.72191,-0.02021
19.053,-0.75267,-0.02141
19.054,-0.76857,-0.02204
19.055,-0.76985,-0.02211
19.056,-0.75687,-0.02166
19.057,-0.73006,-0.02074
19.058,-0.69005,-0.0194
19.059,-0.63838,-0.01772
19.06,-0.57772,-0.01583
19.061,-0.51047,-0.01382
19.062,-0.43877,-0.01178
19.063,-0.36476,-0.00979
19.064,-0.29086,-0.00794
19.065,-0.21969,-0.00629
19.066,-0.15327,-0.00489
19.067,-0.09314,-0.00376
19.068,-0.04039,-0.00289
19.069,0.00382,-0.00227
19.07,0.03923,-0.00187
19.071,0.0659,-0.00164
19.072,0.08419,-0.00153
19.073,0.0949,-0.00146
19.074,0.0984,-0.0014
19.075,0.09649,-0.00129
19.076,0.0906,-0.00108
19.077,0.08193,-7.51E-04
19.078,0.0718,-2.89E-04
19.079,0.06062,2.85E-04
19.08,0.0501,9.73E-04
19.081,0.04116,0.00175
19.082,0.03427,0.00258
19.083,0.02973,0.00341
19.084,0.02698,0.00418
19.085,0.02637,0.00487
19.086,0.02775,0.00544
19.087,0.03065,0.00586
19.088,0.03457,0.0061
19.089,0.03865,0.00614
19.09,0.04258,0.00598
19.091,0.04601,0.00563
19.092,0.04862,0.00511
19.093,0.05022,0.00444
19.094,0.05066,0.00363
19.095,0.04998,0.00272
19.096,0.04838,0.00174
19.097,0.04614,7.33E-04
19.098,0.04358,-2.72E-04
19.099,0.04112,-0.00124
19.1,0.03905,-0.00213
19.101,0.03767,-0.00292
19.102,0.03722,-0.00357
19.103,0.03787,-0.00406
19.104,0.0397,-0.00437
19.105,0.04264,-0.00449
19.106,0.04654,-0.00443
19.107,0.05116,-0.00418
19.108,0.05618,-0.00377
19.109,0.06125,-0.00321
19.11,0.06603,-0.00256
19.111,0.0702,-0.00185
19.112,0.07345,-0.00114
19.113,0.07554,-4.62E-04
19.114,0.07628,1.34E-04
19.115,0.07566,6.07E-04
19.116,0.07372,9.24E-04
19.117,0.07057,0.00107
19.118,0.06643,0.00103
19.119,0.06153,8.35E-04
19.12,0.05621,4.93E-04
19.121,0.05077,3.90E-05
19.122,0.04554,-4.86E-04
19.123,0.04082,-0.00104
19.124,0.03685,-0.00157
19.125,0.03383,-0.00205
19.126,0.03187,-0.00243
19.127,0.03102,-0.0027
19.128,0.03128,-0.00285
19.129,0.03256,-0.00288
19.13,0.03473,-0.0028
19.131,0.03762,-0.00264
19.132,0.04103,-0.00244
19.133,0.04473,-0.00222
19.134,0.04855,-0.00202
19.135,0.05228,-0.00187
19.136,0.05575,-0.00179
19.137,0.05883,-0.00179
19.138,0.06138,-0.00188
19.139,0.06337,-0.00204
19.14,0.06476,-0.00226
19.141,0.06553,-0.00252
19.142,0.06569,-0.00279
19.143,0.06524,-0.00303
19.144,0.06425,-0.00322
19.145,0.06277,-0.00335
19.146,0.06084,-0.00339
19.147,0.0585,-0.00334
19.148,0.0558,-0.0032
19.149,0.05278,-0.00297
19.15,0.04952,-0.00269
19.151,0.04608,-0.00236
19.152,0.04251,-0.00201
19.153,0.03889,-0.00165
19.154,0.03531,-0.00132
19.155,0.03187,-0.00103
19.156,0.02867,-7.81E-04
19.157,0.0258,-5.92E-04
19.158,0.02337,-4.57E-04
19.159,0.02149,-3.78E-04
19.16,0.0202,-3.45E-04
19.161,0.01956,-3.47E-04
19.162,0.01959,-3.71E-04
19.163,0.02025,-3.99E-04
19.164,0.02154,-4.23E-04
19.165,0.02334,-4.27E-04
19.166,0.02552,-3.99E-04
19.167,0.02792,-3.30E-04
19.168,0.03039,-2.12E-04
19.169,0.03278,-4.39E-05
19.17,0.0349,1.78E-04
19.171,0.03659,4.51E-04
19.172,0.03772,7.71E-04
19.173,0.03818,0.00113
19.174,0.03797,0.0015
19.175,0.03707,0.00189
19.176,0.03552,0.00227
19.177,0.03342,0.00261
19.178,0.03087,0.00291
19.179,0.02806,0.00314
19.18,0.02515,0.00328
19.181,0.02233,0.00333
19.182,0.01974,0.00328
19.183,0.01749,0.00312
19.184,0.01571,0.00286
19.185,0.01447,0.00252
19.186,0.01377,0.00212
19.187,0.01356,0.00169
19.188,0.01374,0.00124
19.189,0.01424,8.08E-04
19.19,0.0149,4.24E-04
19.191,0.01559,1.08E-04
19.192,0.01615,-1.21E-04
19.193,0.01638,-2.50E-04
19.194,0.01625,-2.78E-04
19.195,0.01567,-2.09E-04
19.196,0.01459,-5.58E-05
19.197,0.01302,1.67E-04
19.198,0.01091,4.43E-04
19.199,0.00844,7.46E-04
19.2,0.00568,0.00105
19.201,0.00272,0.00135
19.202,-3.50E-04,0.00162
19.203,-0.00349,0.00186
19.204,-0.00654,0.00206
19.205,-0.00948,0.00223
19.206,-0.01231,0.00236
19.207,-0.01505,0.00247
19.208,-0.0178,0.00256
19.209,-0.02053,0.00265
19.21,-0.02336,0.00274
19.211,-0.02636,0.00285
19.212,-0.02961,0.00297
19.213,-0.03319,0.0031
19.214,-0.037,0.00324
19.215,-0.04107,0.0034
19.216,-0.04532,0.00356
19.217,-0.04968,0.00374
19.218,-0.05403,0.00391
19.219,-0.05811,0.00408
19.22,-0.06182,0.00425
19.221,-0.06502,0.00442
19.222,-0.0676,0.00458
19.223,-0.06948,0.00471
19.224,-0.07053,0.00482
19.225,-0.07081,0.00488
19.226,-0.07042,0.00488
19.227,-0.06949,0.0048
19.228,-0.06822,0.00462
19.229,-0.06673,0.00431
19.23,-0.06531,0.00386
19.231,-0.06421,0.00326
19.232,-0.06363,0.0025
19.233,-0.0638,0.00159
19.234,-0.06475,5.65E-04
19.235,-0.0666,-5.49E-04
19.236,-0.06933,-0.00171
19.237,-0.07287,-0.00285
19.238,-0.0771,-0.0039
19.239,-0.08173,-0.0048
19.24,-0.08656,-0.00548
19.241,-0.09131,-0.00589
19.242,-0.09574,-0.00598
19.243,-0.0996,-0.00573
19.244,-0.10265,-0.00512
19.245,-0.10476,-0.00418
19.246,-0.10589,-0.00295
19.247,-0.10604,-0.0015
19.248,-0.10529,1.10E-04
19.249,-0.10378,0.00178
19.25,-0.10175,0.00341
19.251,-0.09945,0.00491
19.252,-0.09714,0.0062
19.253,-0.09512,0.00718
19.254,-0.09356,0.0078
19.255,-0.09268,0.00803
19.256,-0.09261,0.00786
19.257,-0.09338,0.0073
19.258,-0.095,0.00638
19.259,-0.09729,0.00516
19.26,-0.10011,0.00372
19.261,-0.10326,0.00214
19.262,-0.10649,5.07E-04
19.263,-0.10957,-0.00108
19.264,-0.11223,-0.00254
19.265,-0.1143,-0.00379
19.266,-0.11566,-0.00477
19.267,-0.11625,-0.00543
19.268,-0.11608,-0.00576
19.269,-0.11524,-0.00573
19.27,-0.11388,-0.00538
19.271,-0.11222,-0.00473
19.272,-0.11049,-0.00382
19.273,-0.10893,-0.00274
19.274,-0.10776,-0.00153
19.275,-0.10719,-3.00E-04
19.276,-0.10734,8.89E-04
19.277,-0.10828,0.00196
19.278,-0.10998,0.00284
19.279,-0.11234,0.00348
19.28,-0.1152,0.00384
19.281,-0.11833,0.0039
19.282,-0.12147,0.00365
19.283,-0.12432,0.00311
19.284,-0.12661,0.00232
19.285,-0.1281,0.00133
19.286,-0.12864,1.99E-04
19.287,-0.1281,-0.00101
19.288,-0.12646,-0.00223
19.289,-0.12379,-0.00338
19.29,-0.12026,-0.00441
19.291,-0.1161,-0.00527
19.292,-0.11158,-0.00593
19.293,-0.10699,-0.00636
19.294,-0.10269,-0.00657
19.295,-0.09897,-0.00656
19.296,-0.09609,-0.00638
19.297,-0.09421,-0.00604
19.298,-0.09341,-0.00562
19.299,-0.09374,-0.00513
19.3,-0.09511,-0.00464
19.301,-0.09734,-0.00417
19.302,-0.10017,-0.00376
19.303,-0.10328,-0.00344
19.304,-0.10637,-0.0032
19.305,-0.10912,-0.00306
19.306,-0.11122,-0.00301
19.307,-0.1124,-0.00304
19.308,-0.11244,-0.00314
19.309,-0.1113,-0.00329
19.31,-0.10895,-0.00349
19.311,-0.10548,-0.00373
19.312,-0.10103,-0.00401
19.313,-0.09579,-0.00433
19.314,-0.09013,-0.00468
19.315,-0.08434,-0.00509
19.316,-0.07872,-0.00555
19.317,-0.07354,-0.00606
19.318,-0.06899,-0.0066
19.319,-0.06533,-0.00716
19.32,-0.06261,-0.00773
19.321,-0.06085,-0.00827
19.322,-0.05994,-0.00874
19.323,-0.0597,-0.00911
19.324,-0.05999,-0.00932
19.325,-0.06051,-0.00935
19.326,-0.06099,-0.00918
19.327,-0.06115,-0.00877
19.328,-0.06072,-0.00812
19.329,-0.05959,-0.00723
19.33,-0.0576,-0.00613
19.331,-0.0547,-0.00486
19.332,-0.05092,-0.00345
19.333,-0.04634,-0.00197
19.334,-0.04128,-4.85E-04
19.335,-0.03592,9.51E-04
19.336,-0.03055,0.00227
19.337,-0.02543,0.00343
19.338,-0.02078,0.00437
19.339,-0.017,0.00506
19.34,-0.0142,0.00547
19.341,-0.01247,0.00561
19.342,-0.01182,0.00547
19.343,-0.0121,0.00509
19.344,-0.01327,0.00447
19.345,-0.01504,0.00367
19.346,-0.0171,0.00275
19.347,-0.0191,0.00175
19.348,-0.0206,7.16E-04
19.349,-0.02138,-2.95E-04
19.35,-0.02108,-0.00123
19.351,-0.01945,-0.00204
19.352,-0.01635,-0.00269
19.353,-0.01168,-0.00317
19.354,-0.00556,-0.00346
19.355,0.00188,-0.00355
19.356,0.01041,-0.00346
19.357,0.01971,-0.00322
19.358,0.0294,-0.00284
19.359,0.03897,-0.00238
19.36,0.04804,-0.00189
19.361,0.05623,-0.00141
19.362,0.06319,-0.001
19.363,0.06862,-6.92E-04
19.364,0.07224,-5.15E-04
19.365,0.07401,-4.97E-04
19.366,0.07397,-6.47E-04
19.367,0.0722,-9.54E-04
19.368,0.06891,-0.00139
19.369,0.0643,-0.00191
19.37,0.05878,-0.00247
19.371,0.05271,-0.00302
19.372,0.04646,-0.00349
19.373,0.04043,-0.00383
19.374,0.03488,-0.00398
19.375,0.03014,-0.00393
19.376,0.02643,-0.00364
19.377,0.0239,-0.00312
19.378,0.02264,-0.0024
19.379,0.02259,-0.00152
19.38,0.0237,-5.25E-04
19.381,0.02585,5.11E-04
19.382,0.02888,0.00151
19.383,0.03259,0.0024
19.384,0.03677,0.00311
19.385,0.04118,0.00357
19.386,0.04563,0.00375
19.387,0.04996,0.00362
19.388,0.05401,0.00317
19.389,0.05767,0.00243
19.39,0.06084,0.00143
19.391,0.06346,2.31E-04
19.392,0.06552,-0.0011
19.393,0.06699,-0.00249
19.394,0.06788,-0.00385
19.395,0.06822,-0.00511
19.396,0.06803,-0.0062
19.397,0.06734,-0.00706
19.398,0.06618,-0.00765
19.399,0.06456,-0.00793
19.4,0.06257,-0.0079
19.401,0.06026,-0.00758
19.402,0.05767,-0.00698
19.403,0.05488,-0.00614
19.404,0.05196,-0.00512
19.405,0.04904,-0.00397
19.406,0.04624,-0.00277
19.407,0.04366,-0.00157
19.408,0.04142,-4.57E-04
19.409,0.03961,5.31E-04
19.41,0.03833,0.00133
19.411,0.03765,0.00191
19.412,0.0376,0.00224
19.413,0.03814,0.0023
19.414,0.03926,0.00211
19.415,0.04081,0.00167
19.416,0.04268,0.00103
19.417,0.0447,2.30E-04
19.418,0.0467,-6.86E-04
19.419,0.04851,-0.00166
19.42,0.04991,-0.00261
19.421,0.05076,-0.0035
19.422,0.05096,-0.00427
19.423,0.05045,-0.00488
19.424,0.04925,-0.00531
19.425,0.04742,-0.00553
19.426,0.04506,-0.00556
19.427,0.04237,-0.0054
19.428,0.03956,-0.0051
19.429,0.03688,-0.00469
19.43,0.03458,-0.00421
19.431,0.03289,-0.00373
19.432,0.03198,-0.00328
19.433,0.03199,-0.0029
19.434,0.03299,-0.00262
19.435,0.03496,-0.00247
19.436,0.03779,-0.00244
19.437,0.04132,-0.00254
19.438,0.0453,-0.00273
19.439,0.04944,-0.00298
19.44,0.05344,-0.00326
19.441,0.05699,-0.00355
19.442,0.0598,-0.0038
19.443,0.06163,-0.00399
19.444,0.06231,-0.00411
19.445,0.06179,-0.00414
19.446,0.06007,-0.00409
19.447,0.05726,-0.00397
19.448,0.05353,-0.00382
19.449,0.04915,-0.00365
19.45,0.04443,-0.0035
19.451,0.03971,-0.0034
19.452,0.0353,-0.00337
19.453,0.03147,-0.00342
19.454,0.02846,-0.00358
19.455,0.02642,-0.00384
19.456,0.02541,-0.00418
19.457,0.02541,-0.00459
19.458,0.0263,-0.00505
19.459,0.02789,-0.00553
19.46,0.0299,-0.006
19.461,0.03205,-0.00644
19.462,0.03406,-0.00681
19.463,0.03569,-0.00711
19.464,0.03671,-0.00733
19.465,0.03696,-0.00745
19.466,0.03639,-0.0075
19.467,0.03503,-0.00746
19.468,0.03303,-0.00735
19.469,0.0306,-0.00719
19.47,0.02802,-0.00699
19.471,0.02557,-0.00677
19.472,0.02358,-0.00653
19.473,0.02235,-0.00628
19.474,0.02216,-0.00603
19.475,0.02316,-0.00578
19.476,0.02544,-0.00553
19.477,0.02896,-0.00528
19.478,0.03359,-0.00501
19.479,0.0391,-0.00472
19.48,0.04517,-0.00441
19.481,0.05144,-0.00407
19.482,0.05748,-0.0037
19.483,0.06287,-0.00329
19.484,0.06723,-0.00285
19.485,0.07026,-0.00237
19.486,0.07177,-0.00186
19.487,0.07162,-0.00134
19.488,0.06978,-8.10E-04
19.489,0.06637,-3.00E-04
19.49,0.06163,1.77E-04
19.491,0.05588,5.99E-04
19.492,0.04947,9.44E-04
19.493,0.04278,0.00119
19.494,0.03622,0.00132
19.495,0.03016,0.0013
19.496,0.0249,0.00115
19.497,0.02067,8.48E-04
19.498,0.0176,4.24E-04
19.499,0.01573,-1.18E-04
19.5,0.01498,-7.37E-04
19.501,0.01519,-0.00139
19.502,0.01617,-0.00204
19.503,0.01769,-0.00261
19.504,0.01947,-0.00306
19.505,0.02127,-0.00334
19.506,0.02285,-0.00341
19.507,0.0241,-0.00323
19.508,0.02492,-0.00279
19.509,0.02535,-0.00209
19.51,0.02543,-0.00116
19.511,0.02528,-3.61E-05
19.512,0.02508,0.00123
19.513,0.02501,0.00257
19.514,0.0253,0.0039
19.515,0.02606,0.00514
19.516,0.0274,0.00624
19.517,0.02936,0.00711
19.518,0.0319,0.00771
19.519,0.03491,0.00801
19.52,0.03818,0.00799
19.521,0.0415,0.00767
19.522,0.04458,0.00709
19.523,0.04716,0.00627
19.524,0.04895,0.00528
19.525,0.04978,0.0042
19.526,0.04952,0.00309
19.527,0.04811,0.00202
19.528,0.04563,0.00105
19.529,0.0422,2.31E-04
19.53,0.03811,-3.99E-04
19.531,0.03366,-8.19E-04
19.532,0.02922,-0.00103
19.533,0.02515,-0.00103
19.534,0.02182,-8.50E-04
19.535,0.01955,-5.23E-04
19.536,0.01855,-8.61E-05
19.537,0.01895,4.18E-04
19.538,0.02075,9.42E-04
19.539,0.02384,0.00145
19.54,0.02798,0.0019
19.541,0.03284,0.00225
19.542,0.03803,0.0025
19.543,0.04311,0.00262
19.544,0.04763,0.0026
19.545,0.05117,0.00245
19.546,0.05341,0.00218
19.547,0.05411,0.00179
19.548,0.05317,0.00132
19.549,0.0506,7.76E-04
19.55,0.04655,2.01E-04
19.551,0.04129,-3.82E-04
19.552,0.03521,-9.44E-04
19.553,0.02877,-0.00146
19.554,0.02246,-0.00189
19.555,0.01677,-0.00223
19.556,0.01214,-0.00246
19.557,0.00892,-0.00258
19.558,0.00741,-0.00258
19.559,0.00775,-0.00248
19.56,0.00993,-0.00228
19.561,0.01382,-0.00202
19.562,0.01918,-0.00171
19.563,0.02565,-0.00137
19.564,0.03279,-0.00104
19.565,0.04012,-7.31E-04
19.566,0.04719,-4.60E-04
19.567,0.05356,-2.37E-04
19.568,0.05883,-6.60E-05
19.569,0.06272,6.10E-05
19.57,0.06505,1.52E-04
19.571,0.06578,2.21E-04
19.572,0.06495,2.85E-04
19.573,0.06273,3.60E-04
19.574,0.05936,4.58E-04
19.575,0.05519,5.86E-04
19.576,0.05057,7.46E-04
19.577,0.04586,9.33E-04
19.578,0.0414,0.00114
19.579,0.03748,0.00133
19.58,0.03435,0.00149
19.581,0.03215,0.00161
19.582,0.03093,0.00165
19.583,0.03068,0.0016
19.584,0.03125,0.00146
19.585,0.0325,0.00122
19.586,0.03422,8.92E-04
19.587,0.03617,5.05E-04
19.588,0.03815,9.75E-05
19.589,0.03991,-3.02E-04
19.59,0.04129,-6.47E-04
19.591,0.04217,-8.96E-04
19.592,0.04252,-0.00101
19.593,0.04236,-9.44E-04
19.594,0.04177,-6.87E-04
19.595,0.04087,-2.29E-04
19.596,0.0398,4.26E-04
19.597,0.03877,0.00126
19.598,0.03796,0.00225
19.599,0.03757,0.00335
19.6,0.03775,0.00451
19.601,0.03857,0.00568
19.602,0.04009,0.00682
19.603,0.04227,0.00786
19.604,0.04507,0.00877
19.605,0.04836,0.00952
19.606,0.05198,0.01009
19.607,0.05573,0.01046
19.608,0.05933,0.01064
19.609,0.06257,0.01062
19.61,0.06524,0.01042
19.611,0.06717,0.01009
19.612,0.06817,0.00963
19.613,0.06809,0.00909
19.614,0.06689,0.00849
19.615,0.06456,0.00787
19.616,0.06117,0.00726
19.617,0.05679,0.00668
19.618,0.05159,0.00617
19.619,0.04575,0.00573
19.62,0.03951,0.00537
19.621,0.03311,0.00512
19.622,0.0268,0.00497
19.623,0.02084,0.00491
19.624,0.01548,0.00495
19.625,0.01094,0.00507
19.626,0.00737,0.00525
19.627,0.00492,0.00548
19.628,0.00365,0.00575
19.629,0.00363,0.00603
19.63,0.00478,0.00632
19.631,0.007,0.0066
19.632,0.01015,0.00687
19.633,0.01401,0.00711
19.634,0.0184,0.00734
19.635,0.02299,0.00754
19.636,0.02751,0.00774
19.637,0.03169,0.00793
19.638,0.03526,0.0081
19.639,0.03805,0.00827
19.64,0.03986,0.00842
19.641,0.04058,0.00856
19.642,0.04016,0.00865
19.643,0.03864,0.00869
19.644,0.03613,0.00866
19.645,0.03281,0.00852
19.646,0.02891,0.00827
19.647,0.02465,0.00789
19.648,0.02031,0.00739
19.649,0.01618,0.00677
19.65,0.01254,0.00605
19.651,0.00961,0.00526
19.652,0.00753,0.00445
19.653,0.00637,0.00367
19.654,0.00619,0.00299
19.655,0.00693,0.00247
19.656,0.00846,0.00215
19.657,0.0106,0.00208
19.658,0.01306,0.00228
19.659,0.01564,0.00278
19.66,0.01806,0.00356
19.661,0.02007,0.00458
19.662,0.02144,0.00579
19.663,0.02194,0.00712
19.664,0.02154,0.00849
19.665,0.02018,0.00981
19.666,0.01788,0.01098
19.667,0.01472,0.01192
19.668,0.01079,0.01257
19.669,0.00636,0.01287
19.67,0.00159,0.01281
19.671,-0.0033,0.01238
19.672,-0.00813,0.0116
19.673,-0.01275,0.01052
19.674,-0.01701,0.00921
19.675,-0.02086,0.00775
19.676,-0.02429,0.00623
19.677,-0.02731,0.00472
19.678,-0.02995,0.00332
19.679,-0.03232,0.00209
19.68,-0.03456,0.00109
19.681,-0.03677,3.48E-04
19.682,-0.03901,-1.19E-04
19.683,-0.04123,-3.31E-04
19.684,-0.04345,-3.02E-04
19.685,-0.04567,-8.01E-05
19.686,-0.04778,2.79E-04
19.687,-0.04958,7.14E-04
19.688,-0.05076,0.00115
19.689,-0.05114,0.00154
19.69,-0.05053,0.00182
19.691,-0.04872,0.00193
19.692,-0.04553,0.00186
19.693,-0.04073,0.00157
19.694,-0.03433,0.00108
19.695,-0.0264,3.82E-04
19.696,-0.01706,-4.93E-04
19.697,-0.00652,-0.00151
19.698,0.00496,-0.00261
19.699,0.01696,-0.00375
19.7,0.02908,-0.00486
19.701,0.0409,-0.0059
19.702,0.05201,-0.00681
19.703,0.062,-0.00754
19.704,0.07043,-0.00805
19.705,0.0771,-0.00832
19.706,0.08186,-0.00833
19.707,0.08463,-0.0081
19.708,0.08541,-0.00762
19.709,0.08423,-0.00692
19.71,0.08141,-0.00606
19.711,0.07726,-0.00506
19.712,0.07211,-0.00399
19.713,0.06633,-0.00289
19.714,0.0602,-0.0018
19.715,0.0542,-7.84E-04
19.716,0.04866,1.32E-04
19.717,0.04384,9.20E-04
19.718,0.03996,0.00156
19.719,0.03706,0.00205
19.72,0.03527,0.00239
19.721,0.03456,0.00259
19.722,0.03486,0.00267
19.723,0.03603,0.00265
19.724,0.03785,0.00254
19.725,0.04014,0.00237
19.726,0.04269,0.00215
19.727,0.04532,0.0019
19.728,0.04784,0.00164
19.729,0.05012,0.00136
19.73,0.05202,0.00106
19.731,0.05347,7.75E-04
19.732,0.05445,4.92E-04
19.733,0.05498,2.29E-04
19.734,0.05512,-1.09E-05
19.735,0.05493,-2.04E-04
19.736,0.05448,-3.29E-04
19.737,0.05388,-3.67E-04
19.738,0.05324,-2.99E-04
19.739,0.05266,-1.12E-04
19.74,0.05225,2.05E-04
19.741,0.05206,6.53E-04
19.742,0.05214,0.00122
19.743,0.05253,0.0019
19.744,0.05322,0.00264
19.745,0.05422,0.0034
19.746,0.05548,0.00415
19.747,0.05696,0.00483
19.748,0.05857,0.00539
19.749,0.06021,0.00578
19.75,0.06179,0.00597
19.751,0.06322,0.00595
19.752,0.0644,0.00569
19.753,0.06526,0.00522
19.754,0.06568,0.00456
19.755,0.06563,0.00376
19.756,0.06508,0.00287
19.757,0.06403,0.00194
19.758,0.06257,0.00105
19.759,0.0607,2.39E-04
19.76,0.05856,-4.31E-04
19.761,0.05626,-9.26E-04
19.762,0.05399,-0.00122
19.763,0.05196,-0.00131
19.764,0.05028,-0.00121
19.765,0.04912,-9.40E-04
19.766,0.04862,-5.44E-04
19.767,0.04892,-6.40E-05
19.768,0.05018,4.51E-04
19.769,0.05231,9.49E-04
19.77,0.0553,0.00138
19.771,0.05907,0.00171
19.772,0.06351,0.00192
19.773,0.06854,0.00199
19.774,0.07392,0.00193
19.775,0.07949,0.00175
19.776,0.08508,0.00148
19.777,0.09051,0.00114
19.778,0.0956,7.79E-04
19.779,0.10042,4.44E-04
19.78,0.10503,1.75E-04
19.781,0.10949,6.40E-06
19.782,0.11378,-3.46E-05
19.783,0.11766,6.58E-05
19.784,0.12168,3.28E-04
19.785,0.12603,7.52E-04
19.786,0.13082,0.00133
19.787,0.13582,0.00202
19.788,0.14023,0.00278
19.789,0.14447,0.00358
19.79,0.14815,0.00437
19.791,0.15081,0.00511
19.792,0.15155,0.00573
19.793,0.14877,0.00615
19.794,0.14229,0.00635
19.795,0.13115,0.00629
19.796,0.11451,0.00593
19.797,0.09143,0.00525
19.798,0.06073,0.00422
19.799,0.02255,0.00288
19.8,-0.02337,0.00125
19.801,-0.07684,-6.55E-04
19.802,-0.13729,-0.00277
19.803,-0.20372,-0.00505
19.804,-0.27445,-0.00742
19.805,-0.34803,-0.00981
19.806,-0.42259,-0.01218
19.807,-0.49579,-0.01443
19.808,-0.56475,-0.01652
19.809,-0.62692,-0.01838
19.81,-0.68049,-0.01997
19.811,-0.72362,-0.02129
19.812,-0.75437,-0.02229
19.813,-0.77074,-0.02294
19.814,-0.77182,-0.02323
19.815,-0.75802,-0.02318
19.816,-0.72993,-0.0228
19.817,-0.6882,-0.02209
19.818,-0.63378,-0.02106
19.819,-0.56864,-0.01971
19.82,-0.4957,-0.01809
19.821,-0.41772,-0.01624
19.822,-0.33724,-0.01418
19.823,-0.25678,-0.01195
19.824,-0.17917,-0.00962
19.825,-0.10699,-0.00725
19.826,-0.04228,-0.00491
19.827,0.01345,-0.00269
19.828,0.05921,-6.45E-04
19.829,0.09403,0.00113
19.83,0.11824,0.00257
19.831,0.13242,0.00362
19.832,0.13745,0.00425
19.833,0.13466,0.00444
19.834,0.12494,0.00417
19.835,0.11069,0.0035
19.836,0.09379,0.00248
19.837,0.07581,0.00118
19.838,0.05831,-3.11E-04
19.839,0.04184,-0.00191
19.84,0.02808,-0.00348
19.841,0.01786,-0.00494
19.842,0.01143,-0.0062
19.843,0.00886,-0.00717
19.844,0.0093,-0.00783
19.845,0.01267,-0.00814
19.846,0.01843,-0.00811
19.847,0.02582,-0.00776
19.848,0.03406,-0.00713
19.849,0.04214,-0.00629
19.85,0.0495,-0.00533
19.851,0.05568,-0.00432
19.852,0.06038,-0.00333
19.853,0.06342,-0.00241
19.854,0.06482,-0.00162
19.855,0.0647,-9.89E-04
19.856,0.06335,-5.34E-04
19.857,0.06119,-2.42E-04
19.858,0.05868,-8.17E-05
19.859,0.05634,-1.47E-05
19.86,0.05454,5.51E-06
19.861,0.0536,2.95E-05
19.862,0.05376,1.06E-04
19.863,0.05513,2.78E-04
19.864,0.05772,5.75E-04
19.865,0.06142,0.00102
19.866,0.06601,0.00161
19.867,0.07114,0.00232
19.868,0.07642,0.00314
19.869,0.08142,0.004
19.87,0.0858,0.00487
19.871,0.08924,0.00568
19.872,0.09146,0.0064
19.873,0.09223,0.00694
19.874,0.09147,0.00728
19.875,0.08922,0.00737
19.876,0.08563,0.00722
19.877,0.0809,0.00681
19.878,0.07531,0.00616
19.879,0.06922,0.00529
19.88,0.063,0.00425
19.881,0.05701,0.0031
19.882,0.05158,0.0019
19.883,0.04696,7.16E-04
19.884,0.04341,-3.91E-04
19.885,0.04105,-0.00136
19.886,0.03994,-0.00215
19.887,0.04,-0.00271
19.888,0.04109,-0.00304
19.889,0.04307,-0.00311
19.89,0.04566,-0.00295
19.891,0.04859,-0.00258
19.892,0.05157,-0.00206
19.893,0.05426,-0.00141
19.894,0.05646,-6.96E-04
19.895,0.05792,2.42E-05
19.896,0.05847,7.00E-04
19.897,0.058,0.00129
19.898,0.05644,0.00176
19.899,0.05388,0.00211
19.9,0.05038,0.00233
19.901,0.04605,0.00242
19.902,0.04109,0.00242
19.903,0.03571,0.00235
19.904,0.03018,0.00226
19.905,0.02471,0.00218
19.906,0.01951,0.00214
19.907,0.01479,0.00215
19.908,0.01074,0.00224
19.909,0.00752,0.00239
19.91,0.00521,0.00257
19.911,0.00385,0.00277
19.912,0.00344,0.00293
19.913,0.00399,0.00302
19.914,0.00543,0.003
19.915,0.00763,0.00282
19.916,0.01045,0.00247
19.917,0.01376,0.00194
19.918,0.01741,0.00125
19.919,0.02127,4.37E-04
19.92,0.02515,-4.52E-04
19.921,0.02891,-0.00135
19.922,0.03244,-0.00217
19.923,0.03561,-0.00284
19.924,0.03838,-0.00328
19.925,0.04068,-0.00343
19.926,0.04247,-0.00323
19.927,0.04375,-0.00268
19.928,0.04448,-0.00178
19.929,0.04473,-5.60E-04
19.93,0.04454,9.23E-04
19.931,0.04395,0.00258
19.932,0.04301,0.00432
19.933,0.04172,0.00603
19.934,0.04015,0.00759
19.935,0.03838,0.0089
19.936,0.03644,0.00989
19.937,0.03435,0.01048
19.938,0.03211,0.01062
19.939,0.02975,0.01031
19.94,0.02732,0.00957
19.941,0.02485,0.00845
19.942,0.02234,0.00701
19.943,0.01977,0.00534
19.944,0.0172,0.00354
19.945,0.01464,0.00172
19.946,0.0121,-2.26E-05
19.947,0.0096,-0.0016
19.948,0.00712,-0.00292
19.949,0.00473,-0.00393
19.95,0.0024,-0.00459
19.951,1.29E-04,-0.00489
19.952,-0.00208,-0.00484
19.953,-0.00425,-0.00446
19.954,-0.00632,-0.0038
19.955,-0.00831,-0.00292
19.956,-0.01024,-0.0019
19.957,-0.0121,-8.01E-04
19.958,-0.01389,3.00E-04
19.959,-0.01549,0.00134
19.96,-0.01693,0.00224
19.961,-0.01816,0.00297
19.962,-0.01916,0.00349
19.963,-0.01992,0.00378
19.964,-0.02033,0.00385
19.965,-0.02039,0.00371
19.966,-0.02012,0.0034
19.967,-0.01956,0.00294
19.968,-0.01879,0.00239
19.969,-0.01781,0.00181
19.97,-0.01674,0.00125
19.971,-0.01569,7.64E-04
19.972,-0.01483,3.80E-04
19.973,-0.01436,1.32E-04
19.974,-0.01432,3.51E-05
19.975,-0.01486,9.49E-05
19.976,-0.01609,3.00E-04
19.977,-0.0181,6.23E-04
19.978,-0.02101,0.00102
19.979,-0.02471,0.00146
19.98,-0.02915,0.0019
19.981,-0.03424,0.00228
19.982,-0.03989,0.00258
19.983,-0.04598,0.00275
19.984,-0.05224,0.00278
19.985,-0.0585,0.00267
19.986,-0.0646,0.00242
19.987,-0.07039,0.00204
19.988,-0.07579,0.00155
19.989,-0.0806,9.92E-04
19.99,-0.08483,3.99E-04
19.991,-0.08851,-2.00E-04
19.992,-0.09168,-7.78E-04
19.993,-0.09441,-0.00132
19.994,-0.09675,-0.0018
19.995,-0.09886,-0.00222
19.996,-0.10089,-0.00259
19.997,-0.10292,-0.00292
19.998,-0.10504,-0.00322
19.999,-0.10719,-0.00351
20,-0.10943,-0.00381
20.001,-0.11173,-0.00412
20.002,-0.11401,-0.00446
20.003,-0.11614,-0.00482
20.004,-0.11788,-0.00517
20.005,-0.11916,-0.00551
20.006,-0.11985,-0.00581
20.007,-0.11983,-0.00604
20.008,-0.11906,-0.00616
20.009,-0.11746,-0.00615
20.01,-0.11512,-0.00599
20.011,-0.11219,-0.00567
20.012,-0.10883,-0.00517
20.013,-0.10529,-0.00451
20.014,-0.10181,-0.00369
20.015,-0.09873,-0.00275
20.016,-0.09631,-0.00172
20.017,-0.09482,-6.36E-04
20.018,-0.09446,4.62E-04
20.019,-0.09535,0.00153
20.02,-0.09752,0.00253
20.021,-0.10093,0.00343
20.022,-0.10542,0.0042
20.023,-0.11072,0.00481
20.024,-0.11649,0.00525
20.025,-0.12233,0.0055
20.026,-0.12784,0.00557
20.027,-0.13261,0.00545
20.028,-0.13625,0.00516
20.029,-0.13845,0.00469
20.03,-0.13899,0.00408
20.031,-0.13778,0.00335
20.032,-0.13484,0.00253
20.033,-0.13037,0.00162
20.034,-0.12462,6.62E-04
20.035,-0.11801,-3.03E-04
20.036,-0.11101,-0.00124
20.037,-0.10412,-0.00214
20.038,-0.09787,-0.00296
20.039,-0.09273,-0.00368
20.04,-0.08912,-0.00429
20.041,-0.08734,-0.00478
20.042,-0.08754,-0.00514
20.043,-0.08975,-0.00539
20.044,-0.09383,-0.00553
20.045,-0.09948,-0.00559
20.046,-0.1063,-0.00561
20.047,-0.1138,-0.00561
20.048,-0.12143,-0.00562
20.049,-0.12861,-0.00567
20.05,-0.13482,-0.00577
20.051,-0.1396,-0.00596
20.052,-0.14261,-0.00623
20.053,-0.14361,-0.00659
20.054,-0.14261,-0.00702
20.055,-0.13972,-0.0075
20.056,-0.1352,-0.00802
20.057,-0.12944,-0.00855
20.058,-0.12285,-0.00905
20.059,-0.11606,-0.00949
20.06,-0.10963,-0.00986
20.061,-0.10406,-0.01014
20.062,-0.09975,-0.01032
20.063,-0.09693,-0.01039
20.064,-0.09583,-0.01034
20.065,-0.09644,-0.01019
20.066,-0.09858,-0.00996
20.067,-0.10191,-0.00965
20.068,-0.1059,-0.00928
20.069,-0.11006,-0.00886
20.07,-0.11378,-0.00841
20.071,-0.11649,-0.00794
20.072,-0.11765,-0.00746
20.073,-0.11677,-0.00698
20.074,-0.11363,-0.00649
20.075,-0.1081,-0.00602
20.076,-0.10023,-0.00556
20.077,-0.09028,-0.00512
20.078,-0.07863,-0.0047
20.079,-0.06596,-0.00431
20.08,-0.0529,-0.00395
20.081,-0.04014,-0.00362
20.082,-0.02838,-0.00334
20.083,-0.01828,-0.00308
20.084,-0.01051,-0.00288
20.085,-0.00541,-0.0027
20.086,-0.00316,-0.00255
20.087,-0.0038,-0.00242
20.088,-0.00711,-0.00229
20.089,-0.01284,-0.00217
20.09,-0.02038,-0.00204
20.091,-0.02905,-0.0019
20.092,-0.03815,-0.00174
20.093,-0.04688,-0.00157
20.094,-0.05464,-0.00139
20.095,-0.06074,-0.00122
20.096,-0.06472,-0.00105
20.097,-0.06623,-9.09E-04
20.098,-0.06508,-7.90E-04
20.099,-0.06146,-7.09E-04
20.1,-0.05559,-6.65E-04
20.101,-0.04784,-6.53E-04
20.102,-0.03871,-6.63E-04
20.103,-0.02874,-6.79E-04
20.104,-0.01867,-6.92E-04
20.105,-0.00909,-6.82E-04
20.106,-4.97E-04,-6.30E-04
20.107,0.00672,-5.21E-04
20.108,0.01232,-3.40E-04
20.109,0.01613,-9.23E-05
20.11,0.01821,2.19E-04
20.111,0.01877,5.82E-04
20.112,0.01815,9.81E-04
20.113,0.0168,0.0014
20.114,0.01514,0.0018
20.115,0.01369,0.00217
20.116,0.01289,0.00248
20.117,0.0131,0.00271
20.118,0.01462,0.00287
20.119,0.01748,0.00295
20.12,0.02172,0.00297
20.121,0.02721,0.00295
20.122,0.03367,0.00291
20.123,0.04071,0.0029
20.124,0.04779,0.00293
20.125,0.05452,0.00305
20.126,0.06048,0.00327
20.127,0.06527,0.00362
20.128,0.06856,0.00409
20.129,0.07008,0.00467
20.13,0.06984,0.00535
20.131,0.06791,0.00609
20.132,0.06448,0.00685
20.133,0.05985,0.00759
20.134,0.05436,0.00824
20.135,0.04847,0.00877
20.136,0.04262,0.00914
20.137,0.03722,0.00931
20.138,0.03265,0.00925
20.139,0.02918,0.00896
20.14,0.02699,0.00844
20.141,0.02616,0.00771
20.142,0.02665,0.0068
20.143,0.02836,0.00574
20.144,0.03104,0.00457
20.145,0.03443,0.00336
20.146,0.03825,0.00215
20.147,0.04218,0.001
20.148,0.04596,-4.41E-05
20.149,0.04935,-9.36E-04
20.15,0.05217,-0.00164
20.151,0.05434,-0.00213
20.152,0.05582,-0.00238
20.153,0.05663,-0.00238
20.154,0.05687,-0.00215
20.155,0.05666,-0.00168
20.156,0.05614,-0.00102
20.157,0.05544,-1.90E-04
20.158,0.05468,7.59E-04
20.159,0.05395,0.00179
20.16,0.0533,0.00283
20.161,0.05271,0.00384
20.162,0.05215,0.00476
20.163,0.05158,0.00553
20.164,0.05089,0.00614
20.165,0.05,0.00653
20.166,0.04885,0.0067
20.167,0.0474,0.00664
20.168,0.04568,0.00636
20.169,0.04372,0.00587
20.17,0.04165,0.00521
20.171,0.03962,0.00443
20.172,0.03782,0.00356
20.173,0.03646,0.00265
20.174,0.03576,0.00176
20.175,0.03589,9.25E-04
20.176,0.03699,1.84E-04
20.177,0.03912,-4.33E-04
20.178,0.04226,-9.01E-04
20.179,0.04634,-0.00121
20.18,0.05114,-0.00136
20.181,0.05642,-0.00135
20.182,0.06184,-0.0012
20.183,0.06702,-9.07E-04
20.184,0.07159,-4.96E-04
20.185,0.0752,1.52E-05
20.186,0.07756,6.08E-04
20.187,0.07843,0.00126
20.188,0.07763,0.00196
20.189,0.07518,0.00267
20.19,0.0712,0.00338
20.191,0.06591,0.00406
20.192,0.0596,0.00468
20.193,0.05263,0.0052
20.194,0.04547,0.00561
20.195,0.03858,0.00587
20.196,0.03238,0.00595
20.197,0.0272,0.00583
20.198,0.02331,0.0055
20.199,0.02089,0.00496
20.2,0.01996,0.00421
20.201,0.02042,0.0033
20.202,0.02208,0.00225
20.203,0.02461,0.00112
20.204,0.02766,-3.58E-05
20.205,0.03077,-0.00114
20.206,0.03354,-0.00213
20.207,0.0356,-0.00293
20.208,0.03666,-0.0035
20.209,0.03652,-0.00378
20.21,0.03508,-0.00375
20.211,0.03237,-0.00341
20.212,0.02856,-0.00278
20.213,0.02396,-0.00188
20.214,0.01894,-7.69E-04
20.215,0.01391,4.82E-04
20.216,0.00927,0.0018
20.217,0.00545,0.0031
20.218,0.00283,0.00431
20.219,0.0017,0.00537
20.22,0.0022,0.0062
20.221,0.00433,0.00679
20.222,0.00802,0.00709
20.223,0.01306,0.00711
20.224,0.01912,0.00686
20.225,0.0258,0.00639
20.226,0.03265,0.00573
20.227,0.03924,0.00493
20.228,0.04514,0.00407
20.229,0.04996,0.0032
20.23,0.05346,0.00238
20.231,0.05548,0.00166
20.232,0.05598,0.00109
20.233,0.055,6.84E-04
20.234,0.05273,4.65E-04
20.235,0.04946,4.36E-04
20.236,0.0455,5.86E-04
20.237,0.04122,8.94E-04
20.238,0.03695,0.00133
20.239,0.03304,0.00186
20.24,0.02975,0.00242
20.241,0.02727,0.003
20.242,0.02571,0.00354
20.243,0.02508,0.004
20.244,0.02528,0.00437
20.245,0.02616,0.00462
20.246,0.02752,0.00474
20.247,0.02913,0.00474
20.248,0.03073,0.00462
20.249,0.0321,0.00441
20.25,0.03304,0.00415
20.251,0.03344,0.00386
20.252,0.03326,0.00358
20.253,0.03251,0.00334
20.254,0.0313,0.00319
20.255,0.02978,0.00313
20.256,0.02812,0.00319
20.257,0.02656,0.00335
20.258,0.02532,0.0036
20.259,0.02462,0.00392
20.26,0.02458,0.00427
20.261,0.02529,0.00461
20.262,0.02678,0.00488
20.263,0.029,0.00504
20.264,0.03183,0.00505
20.265,0.03509,0.00488
20.266,0.03855,0.00451
20.267,0.04197,0.00395
20.268,0.04508,0.0032
20.269,0.04765,0.00229
20.27,0.04949,0.00129
20.271,0.05048,2.27E-04
20.272,0.05055,-8.24E-04
20.273,0.04971,-0.00181
20.274,0.04804,-0.00267
20.275,0.04571,-0.00336
20.276,0.04292,-0.00386
20.277,0.03993,-0.00414
20.278,0.03697,-0.00423
20.279,0.03431,-0.00412
20.28,0.03217,-0.00387
20.281,0.03074,-0.00352
20.282,0.03011,-0.00312
20.283,0.03031,-0.00272
20.284,0.03131,-0.00237
20.285,0.03301,-0.00212
20.286,0.03525,-0.00199
20.287,0.0378,-0.00198
20.288,0.04038,-0.00211
20.289,0.04276,-0.00235
20.29,0.04468,-0.00268
20.291,0.04594,-0.00307
20.292,0.04635,-0.00347
20.293,0.0458,-0.00386
20.294,0.04425,-0.00419
20.295,0.0417,-0.00445
20.296,0.03827,-0.00462
20.297,0.03408,-0.0047
20.298,0.02938,-0.0047
20.299,0.02438,-0.00463
20.3,0.01932,-0.00452
20.301,0.01443,-0.00441
20.302,0.00997,-0.0043
20.303,0.00619,-0.00423
20.304,0.00325,-0.00421
20.305,0.00127,-0.00425
20.306,3.19E-04,-0.00435
20.307,4.40E-04,-0.0045
20.308,0.00166,-0.00468
20.309,0.00393,-0.00485
20.31,0.00713,-0.00499
20.311,0.01115,-0.00508
20.312,0.01586,-0.00509
20.313,0.02111,-0.00499
20.314,0.02674,-0.00478
20.315,0.03256,-0.00445
20.316,0.0384,-0.00401
20.317,0.04408,-0.00349
20.318,0.04943,-0.00291
20.319,0.05426,-0.00231
20.32,0.05844,-0.00173
20.321,0.06183,-0.00122
20.322,0.06431,-8.13E-04
20.323,0.06577,-5.50E-04
20.324,0.06613,-4.64E-04
20.325,0.0654,-5.70E-04
20.326,0.06363,-8.75E-04
20.327,0.06085,-0.00137
20.328,0.05719,-0.00204
20.329,0.05278,-0.00284
20.33,0.04787,-0.00373
20.331,0.04271,-0.00466
20.332,0.03753,-0.00557
20.333,0.03261,-0.00639
20.334,0.02818,-0.00706
20.335,0.0245,-0.00755
20.336,0.02177,-0.0078
20.337,0.02012,-0.00779
20.338,0.01962,-0.00752
20.339,0.02028,-0.00699
20.34,0.022,-0.00625
20.341,0.02465,-0.00533
20.342,0.02804,-0.0043
20.343,0.0319,-0.00323
20.344,0.03596,-0.00219
20.345,0.0399,-0.00126
20.346,0.04342,-5.13E-04
20.347,0.04628,9.42E-06
20.348,0.04828,2.68E-04
20.349,0.04929,2.47E-04
20.35,0.04921,-4.35E-05
20.351,0.04805,-5.73E-04
20.352,0.04593,-0.00129
20.353,0.04302,-0.00213
20.354,0.03956,-0.00302
20.355,0.03583,-0.00388
20.356,0.03211,-0.00462
20.357,0.02871,-0.00519
20.358,0.02594,-0.00554
20.359,0.02402,-0.00563
20.36,0.02315,-0.00546
20.361,0.02343,-0.00504
20.362,0.0249,-0.00442
20.363,0.02753,-0.00363
20.364,0.03116,-0.00276
20.365,0.03561,-0.00186
20.366,0.04065,-0.00101
20.367,0.04598,-2.65E-04
20.368,0.05132,3.30E-04
20.369,0.05634,7.39E-04
20.37,0.06081,9.50E-04
20.371,0.0645,9.74E-04
20.372,0.06724,8.34E-04
20.373,0.06891,5.70E-04
20.374,0.06946,2.27E-04
20.375,0.06894,-1.45E-04
20.376,0.06743,-4.97E-04
20.377,0.06507,-7.87E-04
20.378,0.06202,-9.78E-04
20.379,0.05848,-0.00106
20.38,0.05465,-0.00102
20.381,0.05075,-8.65E-04
20.382,0.04695,-6.20E-04
20.383,0.04341,-3.05E-04
20.384,0.04023,4.28E-05
20.385,0.03753,3.98E-04
20.386,0.03534,7.34E-04
20.387,0.0337,0.00103
20.388,0.03261,0.00128
20.389,0.03202,0.00147
20.39,0.03192,0.00162
20.391,0.03225,0.00174
20.392,0.03298,0.00185
20.393,0.03403,0.00196
20.394,0.0354,0.00209
20.395,0.03702,0.00226
20.396,0.03886,0.00247
20.397,0.04086,0.00273
20.398,0.04294,0.003
20.399,0.04509,0.00329
20.4,0.04719,0.00356
20.401,0.04914,0.00378
20.402,0.05085,0.00393
20.403,0.05219,0.00397
20.404,0.05306,0.00388
20.405,0.05336,0.00366
20.406,0.053,0.0033
20.407,0.05191,0.00281
20.408,0.05008,0.0022
20.409,0.04754,0.0015
20.41,0.04436,7.62E-04
20.411,0.04067,1.89E-05
20.412,0.03661,-6.88E-04
20.413,0.03239,-0.00132
20.414,0.02826,-0.00184
20.415,0.02445,-0.0022
20.416,0.02119,-0.0024
20.417,0.01867,-0.00244
20.418,0.01704,-0.00231
20.419,0.01645,-0.00204
20.42,0.01693,-0.00166
20.421,0.01844,-0.00121
20.422,0.02086,-7.46E-04
20.423,0.02398,-3.23E-04
20.424,0.02763,1.35E-05
20.425,0.0315,2.07E-04
20.426,0.0353,2.15E-04
20.427,0.03871,4.77E-06
20.428,0.04138,-4.48E-04
20.429,0.04313,-0.00113
20.43,0.04375,-0.00204
20.431,0.04312,-0.00315
20.432,0.04117,-0.0044
20.433,0.03788,-0.00574
20.434,0.03343,-0.00709
20.435,0.02798,-0.00839
20.436,0.02177,-0.00956
20.437,0.01503,-0.01055
20.438,0.00803,-0.0113
20.439,0.0011,-0.01176
20.44,-0.00549,-0.01192
20.441,-0.01155,-0.0118
20.442,-0.01691,-0.0114
20.443,-0.02147,-0.01078
20.444,-0.02511,-0.00998
20.445,-0.02788,-0.00908
20.446,-0.02985,-0.00815
20.447,-0.03111,-0.00727
20.448,-0.0318,-0.0065
20.449,-0.03202,-0.0059
20.45,-0.03196,-0.0055
20.451,-0.03177,-0.00533
20.452,-0.03156,-0.0054
20.453,-0.03142,-0.00566
20.454,-0.03135,-0.0061
20.455,-0.03143,-0.00667
20.456,-0.03168,-0.00732
20.457,-0.03204,-0.00799
20.458,-0.03243,-0.0086
20.459,-0.0328,-0.00912
20.46,-0.03313,-0.00951
20.461,-0.03341,-0.00975
20.462,-0.03357,-0.00981
20.463,-0.03349,-0.00969
20.464,-0.03325,-0.00939
20.465,-0.03285,-0.00894
20.466,-0.03232,-0.00836
20.467,-0.03164,-0.00766
20.468,-0.03069,-0.00686
20.469,-0.02956,-0.00599
20.47,-0.0282,-0.00505
20.471,-0.02654,-0.00407
20.472,-0.02448,-0.00304
20.473,-0.02184,-0.00198
20.474,-0.01861,-8.96E-04
20.475,-0.01466,1.95E-04
20.476,-0.00989,0.00128
20.477,-0.00422,0.00232
20.478,0.0024,0.00329
20.479,0.00986,0.00414
20.48,0.01808,0.00483
20.481,0.02692,0.00533
20.482,0.03616,0.00559
20.483,0.04554,0.00557
20.484,0.05464,0.00525
20.485,0.06315,0.00464
20.486,0.07077,0.00374
20.487,0.07716,0.0026
20.488,0.08207,0.00125
20.489,0.08517,-2.42E-04
20.49,0.08644,-0.0018
20.491,0.0859,-0.00333
20.492,0.08365,-0.00476
20.493,0.07989,-0.00601
20.494,0.07484,-0.00702
20.495,0.06898,-0.00774
20.496,0.06277,-0.00815
20.497,0.05665,-0.00822
20.498,0.05108,-0.00798
20.499,0.04643,-0.00746
20.5,0.04308,-0.00671
20.501,0.04131,-0.0058
20.502,0.04122,-0.0048
20.503,0.04283,-0.00378
20.504,0.04599,-0.0028
20.505,0.05047,-0.00194
20.506,0.05596,-0.00124
20.507,0.06204,-7.26E-04
20.508,0.06827,-4.18E-04
20.509,0.07417,-3.07E-04
20.51,0.07934,-3.79E-04
20.511,0.08341,-6.00E-04
20.512,0.08611,-9.26E-04
20.513,0.08725,-0.0013
20.514,0.08679,-0.00167
20.515,0.08482,-0.00199
20.516,0.0815,-0.0022
20.517,0.0771,-0.00226
20.518,0.07194,-0.00217
20.519,0.06642,-0.0019
20.52,0.06094,-0.00145
20.521,0.05584,-8.60E-04
20.522,0.05143,-1.43E-04
20.523,0.04793,6.53E-04
20.524,0.04548,0.00147
20.525,0.04413,0.00225
20.526,0.0438,0.00295
20.527,0.04434,0.00352
20.528,0.04556,0.00391
20.529,0.04716,0.0041
20.53,0.04886,0.00407
20.531,0.05038,0.00383
20.532,0.05149,0.0034
20.533,0.05202,0.00281
20.534,0.05188,0.00212
20.535,0.05103,0.00138
20.536,0.04954,6.50E-04
20.537,0.04758,-4.82E-06
20.538,0.04539,-5.24E-04
20.539,0.04325,-8.72E-04
20.54,0.0414,-0.00102
20.541,0.0401,-9.47E-04
20.542,0.03962,-6.65E-04
20.543,0.04019,-1.83E-04
20.544,0.04186,4.47E-04
20.545,0.04458,0.00118
20.546,0.04826,0.00195
20.547,0.05276,0.00271
20.548,0.05792,0.00342
20.549,0.06331,0.00403
20.55,0.06863,0.0045
20.551,0.07355,0.00483
20.552,0.07781,0.00503
20.553,0.0813,0.00513
20.554,0.08387,0.00515
20.555,0.0856,0.00516
20.556,0.08664,0.00521
20.557,0.0872,0.00535
20.558,0.08746,0.00562
20.559,0.08811,0.00606
20.56,0.08966,0.0067
20.561,0.09258,0.00753
20.562,0.09709,0.00853
20.563,0.10295,0.00964
20.564,0.1108,0.01082
20.565,0.12057,0.012
20.566,0.13199,0.01312
20.567,0.14428,0.01409
20.568,0.15582,0.01481
20.569,0.16632,0.01524
20.57,0.17457,0.01534
20.571,0.17935,0.01508
20.572,0.17913,0.01444
20.573,0.17183,0.0134
20.574,0.15694,0.012
20.575,0.13346,0.01029
20.576,0.10076,0.00831
20.577,0.05845,0.00612
20.578,0.0063,0.00377
20.579,-0.05467,0.00133
20.58,-0.12352,-0.00114
20.581,-0.19887,-0.00359
20.582,-0.27882,-0.00595
20.583,-0.36092,-0.00819
20.584,-0.44247,-0.01025
20.585,-0.52119,-0.01211
20.586,-0.59467,-0.01375
20.587,-0.66026,-0.01513
20.588,-0.71504,-0.01622
20.589,-0.75694,-0.017
20.59,-0.78502,-0.01746
20.591,-0.79854,-0.01762
20.592,-0.79681,-0.01746
20.593,-0.77933,-0.01697
20.594,-0.74676,-0.01614
20.595,-0.7011,-0.01503
20.596,-0.64431,-0.01367
20.597,-0.57827,-0.01207
20.598,-0.50499,-0.01027
20.599,-0.42712,-0.0083
20.6,-0.34783,-0.00624
20.601,-0.26977,-0.00414
20.602,-0.19517,-0.00204
20.603,-0.1259,8.53E-06
20.604,-0.06391,0.00195
20.605,-0.01046,0.00373
20.606,0.0337,0.00532
20.607,0.06825,0.00669
20.608,0.09345,0.00781
20.609,0.10931,0.00865
20.61,0.11725,0.00922
20.611,0.11858,0.00952
20.612,0.11455,0.00957
20.613,0.10665,0.0094
20.614,0.09556,0.009
20.615,0.08338,0.00846
20.616,0.07145,0.00781
20.617,0.06064,0.00712
20.618,0.05169,0.00642
20.619,0.04432,0.00576
20.62,0.03937,0.0052
20.621,0.03694,0.00478
20.622,0.03675,0.00454
20.623,0.03839,0.00447
20.624,0.04092,0.00457
20.625,0.0441,0.00483
20.626,0.04751,0.00522
20.627,0.05069,0.00569
20.628,0.05326,0.00618
20.629,0.05482,0.00664
20.63,0.0553,0.007
20.631,0.05474,0.0072
20.632,0.0533,0.00721
20.633,0.05121,0.00698
20.634,0.04879,0.00651
20.635,0.04633,0.0058
20.636,0.04413,0.00486
20.637,0.04249,0.00376
20.638,0.04164,0.00254
20.639,0.04178,0.00128
20.64,0.04292,5.45E-05
20.641,0.045,-0.00107
20.642,0.04787,-0.00201
20.643,0.05133,-0.00271
20.644,0.0551,-0.00311
20.645,0.05892,-0.0032
20.646,0.0625,-0.00297
20.647,0.06555,-0.00242
20.648,0.06786,-0.00158
20.649,0.06924,-4.85E-04
20.65,0.06966,7.98E-04
20.651,0.06913,0.00221
20.652,0.06772,0.0037
20.653,0.06554,0.00519
20.654,0.06281,0.00662
20.655,0.05977,0.00795
20.656,0.05664,0.00914
20.657,0.05365,0.01016
20.658,0.05096,0.01097
20.659,0.04875,0.01157
20.66,0.04709,0.01197
20.661,0.04601,0.01216
20.662,0.04547,0.01217
20.663,0.04539,0.012
20.664,0.04563,0.01166
20.665,0.04605,0.0112
20.666,0.04648,0.01063
20.667,0.04676,0.00998
20.668,0.04677,0.00927
20.669,0.04642,0.0085
20.67,0.04565,0.00773
20.671,0.04446,0.00696
20.672,0.0429,0.00621
20.673,0.04106,0.00548
20.674,0.0391,0.0048
20.675,0.03714,0.00418
20.676,0.03533,0.00361
20.677,0.03383,0.00309
20.678,0.03275,0.00262
20.679,0.03224,0.0022
20.68,0.03231,0.00182
20.681,0.03297,0.00147
20.682,0.03418,0.00115
20.683,0.03585,8.42E-04
20.684,0.03788,5.64E-04
20.685,0.0401,3.04E-04
20.686,0.04236,5.97E-05
20.687,0.04449,-1.68E-04
20.688,0.04634,-3.86E-04
20.689,0.04777,-5.76E-04
20.69,0.0487,-7.53E-04
20.691,0.04907,-9.26E-04
20.692,0.04886,-0.0011
20.693,0.04807,-0.0013
20.694,0.04678,-0.00151
20.695,0.04508,-0.00177
20.696,0.04308,-0.00208
20.697,0.04088,-0.00247
20.698,0.0386,-0.00292
20.699,0.03638,-0.00344
20.7,0.03431,-0.00401
20.701,0.03246,-0.00462
20.702,0.03088,-0.00524
20.703,0.0296,-0.00584
20.704,0.02865,-0.00638
20.705,0.02801,-0.00682
20.706,0.02765,-0.00713
20.707,0.02753,-0.00728
20.708,0.02758,-0.00726
20.709,0.02779,-0.00704
20.71,0.02811,-0.00664
20.711,0.0285,-0.00609
20.712,0.02892,-0.00541
20.713,0.02928,-0.00464
20.714,0.02963,-0.00384
20.715,0.02989,-0.00305
20.716,0.03003,-0.00233
20.717,0.03001,-0.00173
20.718,0.02971,-0.00127
20.719,0.02916,-9.81E-04
20.72,0.02828,-8.72E-04
20.721,0.02701,-9.36E-04
20.722,0.02529,-0.00115
20.723,0.02304,-0.00148
20.724,0.02031,-0.00189
20.725,0.01709,-0.00232
20.726,0.01341,-0.00273
20.727,0.00931,-0.00307
20.728,0.00484,-0.0033
20.729,1.92E-04,-0.00339
20.73,-0.00454,-0.00332
20.731,-0.0092,-0.00308
20.732,-0.01367,-0.00267
20.733,-0.01782,-0.00212
20.734,-0.02146,-0.00146
20.735,-0.02453,-7.17E-04
20.736,-0.02698,6.79E-05
20.737,-0.02879,8.47E-04
20.738,-0.02997,0.00157
20.739,-0.03053,0.00219
20.74,-0.03059,0.00267
20.741,-0.03028,0.00297
20.742,-0.02974,0.00308
20.743,-0.02912,0.00297
20.744,-0.02849,0.00264
20.745,-0.028,0.00208
20.746,-0.02778,0.00132
20.747,-0.02788,3.78E-04
20.748,-0.02838,-7.12E-04
20.749,-0.02918,-0.00191
20.75,-0.03029,-0.00315
20.751,-0.03165,-0.0044
20.752,-0.0332,-0.00558
20.753,-0.03487,-0.00665
20.754,-0.03652,-0.00754
20.755,-0.03808,-0.00822
20.756,-0.03951,-0.00866
20.757,-0.04079,-0.00883
20.758,-0.04196,-0.00872
20.759,-0.04298,-0.00834
20.76,-0.04392,-0.00772
20.761,-0.04486,-0.0069
20.762,-0.04591,-0.00592
20.763,-0.04719,-0.00484
20.764,-0.04871,-0.0037
20.765,-0.05058,-0.00258
20.766,-0.05281,-0.00153
20.767,-0.05545,-5.76E-04
20.768,-0.0585,2.41E-04
20.769,-0.06182,9.08E-04
20.77,-0.06536,0.00142
20.771,-0.06899,0.00179
20.772,-0.07261,0.00204
20.773,-0.07612,0.00219
20.774,-0.0793,0.00229
20.775,-0.08209,0.00236
20.776,-0.08442,0.00246
20.777,-0.08626,0.00259
20.778,-0.08763,0.00277
20.779,-0.0885,0.00301
20.78,-0.089,0.00331
20.781,-0.08924,0.00365
20.782,-0.08938,0.00402
20.783,-0.08959,0.00437
20.784,-0.08995,0.00466
20.785,-0.09065,0.00487
20.786,-0.0918,0.00496
20.787,-0.09349,0.00491
20.788,-0.09576,0.00467
20.789,-0.09853,0.00425
20.79,-0.10178,0.00364
20.791,-0.1054,0.00284
20.792,-0.10926,0.00186
20.793,-0.11318,7.42E-04
20.794,-0.11692,-4.96E-04
20.795,-0.12032,-0.00181
20.796,-0.12323,-0.00317
20.797,-0.1255,-0.00451
20.798,-0.12702,-0.00579
20.799,-0.12769,-0.00696
20.8,-0.12754,-0.00798
20.801,-0.12662,-0.00881
20.802,-0.125,-0.00941
20.803,-0.12283,-0.00976
20.804,-0.12024,-0.00984
20.805,-0.11744,-0.00964
20.806,-0.11461,-0.00919
20.807,-0.11193,-0.00851
20.808,-0.10957,-0.00762
20.809,-0.10764,-0.00658
20.81,-0.10626,-0.00544
20.811,-0.1055,-0.00427
20.812,-0.10535,-0.00313
20.813,-0.10579,-0.00208
20.814,-0.10676,-0.00118
20.815,-0.10817,-4.79E-04
20.816,-0.10992,-3.74E-06
20.817,-0.11186,2.24E-04
20.818,-0.11384,1.98E-04
20.819,-0.11576,-6.32E-05
20.82,-0.11748,-5.29E-04
20.821,-0.1189,-0.00116
20.822,-0.11994,-0.00191
20.823,-0.12052,-0.00272
20.824,-0.12061,-0.00354
20.825,-0.12019,-0.00433
20.826,-0.11927,-0.00504
20.827,-0.11786,-0.00563
20.828,-0.11602,-0.0061
20.829,-0.1138,-0.00644
20.83,-0.1113,-0.00665
20.831,-0.10858,-0.00675
20.832,-0.10573,-0.00674
20.833,-0.10288,-0.00666
20.834,-0.10013,-0.00653
20.835,-0.09761,-0.00637
20.836,-0.09543,-0.00619
20.837,-0.09368,-0.006
20.838,-0.09242,-0.00579
20.839,-0.09179,-0.00556
20.84,-0.09182,-0.00531
20.841,-0.09252,-0.00503
20.842,-0.09388,-0.00471
20.843,-0.09578,-0.00433
20.844,-0.0982,-0.0039
20.845,-0.10097,-0.00342
20.846,-0.10393,-0.00292
20.847,-0.10686,-0.00239
20.848,-0.10947,-0.00187
20.849,-0.11161,-0.00138
20.85,-0.11303,-9.54E-04
20.851,-0.11352,-6.05E-04
20.852,-0.1129,-3.51E-04
20.853,-0.111,-1.99E-04
20.854,-0.10783,-1.59E-04
20.855,-0.10339,-2.18E-04
20.856,-0.09775,-3.58E-04
20.857,-0.09105,-5.55E-04
20.858,-0.08346,-7.72E-04
20.859,-0.07533,-9.88E-04
20.86,-0.06699,-0.00116
20.861,-0.05875,-0.00126
20.862,-0.05093,-0.00126
20.863,-0.0438,-0.00113
20.864,-0.03775,-8.86E-04
20.865,-0.03297,-5.09E-04
20.866,-0.02959,-1.22E-05
20.867,-0.02765,5.87E-04
20.868,-0.02706,0.00127
20.869,-0.02781,0.00199
20.87,-0.02963,0.00271
20.871,-0.03222,0.0034
20.872,-0.03524,0.00403
20.873,-0.03823,0.00457
20.874,-0.04093,0.00498
20.875,-0.04291,0.00524
20.876,-0.04381,0.00536
20.877,-0.04337,0.00534
20.878,-0.04135,0.00518
20.879,-0.03779,0.00492
20.88,-0.03265,0.00457
20.881,-0.02603,0.00419
20.882,-0.01816,0.00381
20.883,-0.00932,0.00349
20.884,-5.84E-06,0.00325
20.885,0.0094,0.00316
20.886,0.01848,0.00325
20.887,0.02681,0.00352
20.888,0.03402,0.00399
20.889,0.03969,0.00465
20.89,0.04363,0.00547
20.891,0.04574,0.00642
20.892,0.04599,0.00745
20.893,0.04452,0.00847
20.894,0.04147,0.00944
20.895,0.03721,0.01028
20.896,0.03214,0.01092
20.897,0.02668,0.01131
20.898,0.02133,0.0114
20.899,0.01647,0.01118
20.9,0.01257,0.01064
20.901,0.00998,0.0098
20.902,0.00893,0.00871
20.903,0.00957,0.00741
20.904,0.01184,0.00599
20.905,0.01569,0.00452
20.906,0.0209,0.00308
20.907,0.02715,0.00174
20.908,0.03403,5.79E-04
20.909,0.04105,-3.59E-04
20.91,0.04776,-0.00104
20.911,0.05374,-0.00146
20.912,0.05857,-0.00161
20.913,0.06194,-0.00152
20.914,0.06359,-0.00122
20.915,0.06344,-7.59E-04
20.916,0.0615,-1.90E-04
20.917,0.05791,4.42E-04
20.918,0.05292,0.0011
20.919,0.04688,0.00175
20.92,0.04023,0.00237
20.921,0.0334,0.00294
20.922,0.02686,0.00346
20.923,0.02106,0.00395
20.924,0.01639,0.00443
20.925,0.01315,0.00489
20.926,0.01155,0.00537
20.927,0.01166,0.00586
20.928,0.01344,0.00637
20.929,0.01674,0.00688
20.93,0.02128,0.00739
20.931,0.02674,0.00786
20.932,0.03271,0.00827
20.933,0.03875,0.00858
20.934,0.04444,0.00875
20.935,0.04934,0.00877
20.936,0.05315,0.00862
20.937,0.05561,0.00829
20.938,0.05659,0.00779
20.939,0.05603,0.00712
20.94,0.054,0.00634
20.941,0.05067,0.00547
20.942,0.04631,0.00457
20.943,0.04128,0.00369
20.944,0.03594,0.00288
20.945,0.03069,0.00217
20.946,0.0259,0.00162
20.947,0.02192,0.00125
20.948,0.01906,0.00107
20.949,0.01749,0.00107
20.95,0.01736,0.00126
20.951,0.01867,0.00158
20.952,0.02136,0.00202
20.953,0.0253,0.00253
20.954,0.03024,0.00305
20.955,0.03592,0.00355
20.956,0.04205,0.00396
20.957,0.04831,0.00424
20.958,0.0544,0.00438
20.959,0.06004,0.00435
20.96,0.065,0.00413
20.961,0.0691,0.00374
20.962,0.07224,0.00318
20.963,0.07431,0.00249
20.964,0.07533,0.00172
20.965,0.07533,9.04E-04
20.966,0.07441,1.04E-04
20.967,0.07266,-6.28E-04
20.968,0.07021,-0.00123
20.969,0.0672,-0.00166
20.97,0.06382,-0.00188
20.971,0.0602,-0.00186
20.972,0.05647,-0.00159
20.973,0.05275,-0.00108
20.974,0.04917,-3.40E-04
20.975,0.04586,5.83E-04
20.976,0.04291,0.00164
20.977,0.04041,0.00277
20.978,0.03839,0.00391
20.979,0.03693,0.00499
20.98,0.03605,0.00593
20.981,0.03578,0.0067
20.982,0.03609,0.00725
20.983,0.03689,0.00754
20.984,0.03815,0.00758
20.985,0.03972,0.00737
20.986,0.04145,0.00694
20.987,0.04318,0.00634
20.988,0.04471,0.00561
20.989,0.04588,0.00483
20.99,0.04647,0.00406
20.991,0.04633,0.00336
20.992,0.04533,0.00279
20.993,0.04342,0.00237
20.994,0.04061,0.00215
20.995,0.03694,0.00212
20.996,0.03253,0.0023
20.997,0.02759,0.00265
20.998,0.02237,0.00315
20.999,0.0172,0.00376
21,0.01238,0.00442
21.001,0.00822,0.0051
21.002,0.00501,0.00575
21.003,0.00302,0.00633
21.004,0.00242,0.0068
21.005,0.0033,0.00715
21.006,0.00564,0.00735
21.007,0.00934,0.0074
21.008,0.0142,0.0073
21.009,0.01993,0.00706
21.01,0.02615,0.00668
21.011,0.03245,0.0062
21.012,0.03844,0.00562
21.013,0.04372,0.00496
21.014,0.04792,0.00426
21.015,0.05078,0.00354
21.016,0.05209,0.00283
21.017,0.05181,0.00215
21.018,0.04998,0.00153
21.019,0.04678,9.91E-04
21.02,0.04247,5.68E-04
21.021,0.03743,2.78E-04
21.022,0.03205,1.37E-04
21.023,0.02677,1.53E-04
21.024,0.02204,3.32E-04
21.025,0.01826,6.63E-04
21.026,0.01576,0.00113
21.027,0.01474,0.00171
21.028,0.0153,0.00235
21.029,0.01743,0.00304
21.03,0.02099,0.00372
21.031,0.02572,0.00435
21.032,0.03127,0.00488
21.033,0.0372,0.00528
21.034,0.04303,0.00552
21.035,0.04829,0.0056
21.036,0.05257,0.00549
21.037,0.0555,0.00521
21.038,0.05678,0.00477
21.039,0.05625,0.0042
21.04,0.05386,0.00354
21.041,0.04971,0.00281
21.042,0.04402,0.00206
21.043,0.03712,0.00132
21.044,0.02943,6.23E-04
21.045,0.0214,-1.80E-06
21.046,0.01351,-5.37E-04
21.047,0.00624,-9.69E-04
21.048,9.82E-05,-0.00129
21.049,-0.00457,-0.00149
21.05,-0.0075,-0.00158
21.051,-0.00851,-0.00156
21.052,-0.00754,-0.00144
21.053,-0.00463,-0.00122
21.054,3.77E-05,-9.09E-04
21.055,0.00619,-5.18E-04
21.056,0.01349,-5.38E-05
21.057,0.02156,4.71E-04
21.058,0.02997,0.00104
21.059,0.03831,0.00164
21.06,0.04618,0.00224
21.061,0.05325,0.00283
21.062,0.05923,0.00337
21.063,0.06391,0.00383
21.064,0.06716,0.00417
21.065,0.06895,0.00439
21.066,0.06931,0.00444
21.067,0.06835,0.00432
21.068,0.06618,0.00401
21.069,0.06301,0.00352
21.07,0.0591,0.00287
21.071,0.05469,0.00208
21.072,0.04999,0.00118
21.073,0.04524,2.08E-04
21.074,0.04059,-7.86E-04
21.075,0.03628,-0.00175
21.076,0.03244,-0.00265
21.077,0.02917,-0.00344
21.078,0.02653,-0.00409
21.079,0.02453,-0.00456
21.08,0.0232,-0.00485
21.081,0.02249,-0.00495
21.082,0.02238,-0.00487
21.083,0.02278,-0.00463
21.084,0.02362,-0.00425
21.085,0.02479,-0.00377
21.086,0.02618,-0.00322
21.087,0.02771,-0.00264
21.088,0.02928,-0.00208
21.089,0.03084,-0.00156
21.09,0.03227,-0.00113
21.091,0.03351,-8.23E-04
21.092,0.03452,-6.51E-04
21.093,0.03529,-6.34E-04
21.094,0.03581,-7.74E-04
21.095,0.03609,-0.00107
21.096,0.03615,-0.00151
21.097,0.03602,-0.00208
21.098,0.03577,-0.00274
21.099,0.03546,-0.00346
21.1,0.03514,-0.00419
21.101,0.03487,-0.00488
21.102,0.0347,-0.0055
21.103,0.03467,-0.00599
21.104,0.0348,-0.00633
21.105,0.03509,-0.00647
21.106,0.03555,-0.00641
21.107,0.03615,-0.00613
21.108,0.03686,-0.00566
21.109,0.03761,-0.005
21.11,0.03836,-0.00421
21.111,0.03907,-0.00331
21.112,0.03968,-0.00237
21.113,0.04015,-0.00145
21.114,0.04046,-5.99E-04
21.115,0.04058,1.36E-04
21.116,0.04052,7.13E-04
21.117,0.0403,0.0011
21.118,0.03994,0.00128
21.119,0.03948,0.00124
21.12,0.03897,0.00102
21.121,0.03845,6.19E-04
21.122,0.03796,8.37E-05
21.123,0.03757,-5.58E-04
21.124,0.03728,-0.00126
21.125,0.03713,-0.00199
21.126,0.03712,-0.00271
21.127,0.03725,-0.00339
21.128,0.03753,-0.00402
21.129,0.03792,-0.0046
21.13,0.03839,-0.00512
21.131,0.03893,-0.00559
21.132,0.03951,-0.00602
21.133,0.04011,-0.00642
21.134,0.0407,-0.00679
21.135,0.04129,-0.00716
21.136,0.04187,-0.0075
21.137,0.04245,-0.00783
21.138,0.04302,-0.0081
21.139,0.0436,-0.00831
21.14,0.04419,-0.00844
21.141,0.04482,-0.00845
21.142,0.04546,-0.00833
21.143,0.0461,-0.00805
21.144,0.04673,-0.0076
21.145,0.04732,-0.00698
21.146,0.04783,-0.0062
21.147,0.04822,-0.00528
21.148,0.04844,-0.00424
21.149,0.04845,-0.00312
21.15,0.04822,-0.00197
21.151,0.04774,-8.31E-04
21.152,0.04698,2.52E-04
21.153,0.04597,0.00123
21.154,0.04474,0.00206
21.155,0.04333,0.00271
21.156,0.04182,0.00316
21.157,0.04028,0.00339
21.158,0.0388,0.00339
21.159,0.03747,0.00316
21.16,0.03637,0.00272
21.161,0.03556,0.0021
21.162,0.03511,0.00131
21.163,0.03502,4.12E-04
21.164,0.0353,-5.73E-04
21.165,0.03592,-0.00159
21.166,0.0368,-0.00258
21.167,0.03787,-0.00351
21.168,0.03903,-0.00431
21.169,0.04019,-0.00496
21.17,0.04122,-0.00542
21.171,0.04202,-0.00565
21.172,0.04253,-0.00565
21.173,0.04268,-0.0054
21.174,0.04248,-0.00491
21.175,0.04193,-0.00422
21.176,0.04109,-0.00335
21.177,0.04004,-0.00235
21.178,0.03887,-0.00128
21.179,0.03773,-1.79E-04
21.18,0.03675,8.78E-04
21.181,0.03603,0.00184
21.182,0.03568,0.00266
21.183,0.03575,0.0033
21.184,0.03627,0.00373
21.185,0.03723,0.00394
21.186,0.03857,0.00394
21.187,0.04016,0.00373
21.188,0.04187,0.00335
21.189,0.04352,0.00282
21.19,0.04493,0.00219
21.191,0.04593,0.0015
21.192,0.04636,7.88E-04
21.193,0.04609,7.44E-05
21.194,0.04505,-6.09E-04
21.195,0.04323,-0.00124
21.196,0.04069,-0.00181
21.197,0.0375,-0.00232
21.198,0.03382,-0.00279
21.199,0.0299,-0.00321
21.2,0.02595,-0.0036
21.201,0.02224,-0.00396
21.202,0.01899,-0.0043
21.203,0.01637,-0.00464
21.204,0.0146,-0.00497
21.205,0.01379,-0.00529
21.206,0.01395,-0.00559
21.207,0.01502,-0.00586
21.208,0.01683,-0.00612
21.209,0.01924,-0.00633
21.21,0.02196,-0.00651
21.211,0.02471,-0.00666
21.212,0.02716,-0.00679
21.213,0.02894,-0.00691
21.214,0.02983,-0.00703
21.215,0.0296,-0.00716
21.216,0.02808,-0.00732
21.217,0.0252,-0.00752
21.218,0.02092,-0.00776
21.219,0.01546,-0.00803
21.22,0.009,-0.00834
21.221,0.00182,-0.00865
21.222,-0.00575,-0.00897
21.223,-0.01337,-0.00924
21.224,-0.02058,-0.00944
21.225,-0.02706,-0.00954
21.226,-0.03252,-0.00953
21.227,-0.03672,-0.00939
21.228,-0.03954,-0.00908
21.229,-0.04089,-0.00861
21.23,-0.04087,-0.008
21.231,-0.03968,-0.00725
21.232,-0.03754,-0.00638
21.233,-0.03473,-0.00543
21.234,-0.03161,-0.00443
21.235,-0.02861,-0.00342
21.236,-0.02607,-0.00243
21.237,-0.02428,-0.0015
21.238,-0.02336,-6.59E-04
21.239,-0.02348,6.61E-05
21.24,-0.02469,6.58E-04
21.241,-0.02689,0.00111
21.242,-0.02986,0.00142
21.243,-0.0332,0.00159
21.244,-0.03657,0.00164
21.245,-0.03957,0.00157
21.246,-0.0418,0.00143
21.247,-0.04281,0.00123
21.248,-0.04219,0.00101
21.249,-0.03975,7.94E-04
21.25,-0.03533,6.13E-04
21.251,-0.02894,4.99E-04
21.252,-0.02068,4.74E-04
21.253,-0.01074,5.55E-04
21.254,3.94E-04,7.42E-04
21.255,0.01228,0.00104
21.256,0.02441,0.00145
21.257,0.03623,0.00195
21.258,0.04722,0.00251
21.259,0.05678,0.0031
21.26,0.06454,0.00368
21.261,0.07024,0.00423
21.262,0.07371,0.0047
21.263,0.07495,0.00507
21.264,0.074,0.0053
21.265,0.07121,0.00539
21.266,0.06698,0.00533
21.267,0.06177,0.00514
21.268,0.05609,0.00483
21.269,0.0504,0.00443
21.27,0.0453,0.00399
21.271,0.04123,0.00354
21.272,0.03851,0.00313
21.273,0.03735,0.00279
21.274,0.03779,0.00255
21.275,0.03982,0.00245
21.276,0.04329,0.00247
21.277,0.04789,0.00263
21.278,0.05318,0.00291
21.279,0.0587,0.00327
21.28,0.064,0.0037
21.281,0.06864,0.00415
21.282,0.0722,0.00459
21.283,0.07435,0.00497
21.284,0.07484,0.00528
21.285,0.07359,0.0055
21.286,0.07062,0.00562
21.287,0.06608,0.00564
21.288,0.06023,0.00556
21.289,0.05344,0.00541
21.29,0.04612,0.00521
21.291,0.0387,0.00498
21.292,0.03163,0.00474
21.293,0.02537,0.0045
21.294,0.02028,0.00427
21.295,0.0166,0.00407
21.296,0.01451,0.00388
21.297,0.01408,0.00368
21.298,0.01532,0.00348
21.299,0.01805,0.00324
21.3,0.02203,0.00296
21.301,0.02696,0.00263
21.302,0.03253,0.00223
21.303,0.03844,0.00176
21.304,0.04432,0.00125
21.305,0.04986,6.84E-04
21.306,0.05484,9.99E-05
21.307,0.0591,-4.83E-04
21.308,0.06256,-0.00103
21.309,0.0652,-0.00153
21.31,0.06707,-0.00194
21.311,0.06829,-0.00227
21.312,0.06902,-0.00249
21.313,0.06945,-0.00259
21.314,0.06975,-0.00257
21.315,0.07009,-0.00244
21.316,0.07063,-0.00222
21.317,0.07145,-0.00191
21.318,0.07261,-0.00152
21.319,0.07401,-0.00107
21.32,0.07561,-5.68E-04
21.321,0.07731,-3.07E-05
21.322,0.07898,5.36E-04
21.323,0.0805,0.00112
21.324,0.08159,0.00172
21.325,0.08214,0.00233
21.326,0.08204,0.00292
21.327,0.08129,0.0035
21.328,0.07998,0.00404
21.329,0.07808,0.00452
21.33,0.07577,0.00493
21.331,0.07326,0.00524
21.332,0.07082,0.00545
21.333,0.0688,0.00554
21.334,0.06756,0.00548
21.335,0.06746,0.0053
21.336,0.06882,0.005
21.337,0.07183,0.00459
21.338,0.07649,0.0041
21.339,0.08323,0.00354
21.34,0.09207,0.00297
21.341,0.10295,0.00243
21.342,0.11546,0.00194
21.343,0.12865,0.00153
21.344,0.14263,0.00124
21.345,0.15677,0.00108
21.346,0.17039,0.00107
21.347,0.18242,0.0012
21.348,0.19113,0.00143
21.349,0.1963,0.00176
21.35,0.19693,0.00213
21.351,0.19218,0.00252
21.352,0.181,0.00286
21.353,0.16197,0.00308
21.354,0.13518,0.00314
21.355,0.10025,0.003
21.356,0.05712,0.0026
21.357,0.00595,0.00192
21.358,-0.05296,9.21E-04
21.359,-0.11832,-3.84E-04
21.36,-0.18908,-0.00199
21.361,-0.26382,-0.00388
21.362,-0.3407,-0.006
21.363,-0.41738,-0.00828
21.364,-0.49151,-0.01064
21.365,-0.5612,-0.01301
21.366,-0.62444,-0.0153
21.367,-0.67897,-0.01741
21.368,-0.72224,-0.01922
21.369,-0.75257,-0.02065
21.37,-0.76937,-0.02163
21.371,-0.77218,-0.02212
21.372,-0.7605,-0.02207
21.373,-0.73405,-0.02146
21.374,-0.6936,-0.02029
21.375,-0.6412,-0.01864
21.376,-0.57885,-0.01656
21.377,-0.50848,-0.01414
21.378,-0.43216,-0.01148
21.379,-0.35256,-0.00868
21.38,-0.27277,-0.00588
21.381,-0.19543,-0.00319
21.382,-0.12275,-7.08E-04
21.383,-0.05659,0.00148
21.384,0.00107,0.00331
21.385,0.04919,0.00473
21.386,0.08714,0.00573
21.387,0.11478,0.00632
21.388,0.13251,0.00653
21.389,0.14054,0.0064
21.39,0.14064,0.006
21.391,0.1344,0.0054
21.392,0.12332,0.00468
21.393,0.10914,0.0039
21.394,0.09279,0.00311
21.395,0.07656,0.00238
21.396,0.06189,0.00176
21.397,0.04971,0.00127
21.398,0.0407,9.39E-04
21.399,0.03456,7.46E-04
21.4,0.03188,7.06E-04
21.401,0.03251,8.14E-04
21.402,0.03589,0.00105
21.403,0.04127,0.00141
21.404,0.04743,0.00185
21.405,0.05377,0.00236
21.406,0.05958,0.00292
21.407,0.06418,0.00351
21.408,0.06701,0.00412
21.409,0.06766,0.00471
21.41,0.06603,0.00527
21.411,0.06225,0.00577
21.412,0.05664,0.0062
21.413,0.04971,0.00653
21.414,0.04209,0.00676
21.415,0.03434,0.00687
21.416,0.02708,0.00685
21.417,0.02092,0.00671
21.418,0.01643,0.00645
21.419,0.01398,0.0061
21.42,0.01373,0.00567
21.421,0.01569,0.0052
21.422,0.01973,0.00471
21.423,0.02565,0.00422
21.424,0.033,0.00378
21.425,0.04131,0.00339
21.426,0.0501,0.00307
21.427,0.05887,0.00283
21.428,0.06717,0.00265
21.429,0.0746,0.00254
21.43,0.0809,0.00246
21.431,0.08592,0.0024
21.432,0.08962,0.00233
21.433,0.09201,0.00222
21.434,0.09327,0.00206
21.435,0.09362,0.00183
21.436,0.09332,0.00152
21.437,0.09261,0.00114
21.438,0.09167,7.13E-04
21.439,0.0907,2.58E-04
21.44,0.08985,-2.00E-04
21.441,0.08917,-6.28E-04
21.442,0.08862,-9.92E-04
21.443,0.08809,-0.00125
21.444,0.0874,-0.00139
21.445,0.08644,-0.00138
21.446,0.08506,-0.00121
21.447,0.08307,-8.90E-04
21.448,0.08034,-4.22E-04
21.449,0.0768,1.78E-04
21.45,0.07249,8.82E-04
21.451,0.06752,0.00166
21.452,0.06202,0.00247
21.453,0.05619,0.00329
21.454,0.05036,0.00407
21.455,0.04479,0.0048
21.456,0.03976,0.00543
21.457,0.03554,0.00596
21.458,0.03234,0.00635
21.459,0.03037,0.0066
21.46,0.02966,0.00672
21.461,0.03017,0.00669
21.462,0.0318,0.00654
21.463,0.03433,0.00626
21.464,0.03757,0.00587
21.465,0.04118,0.0054
21.466,0.04481,0.00487
21.467,0.04814,0.00429
21.468,0.05083,0.00368
21.469,0.0527,0.00308
21.47,0.05353,0.00249
21.471,0.05321,0.00195
21.472,0.05172,0.00146
21.473,0.0491,0.00103
21.474,0.04555,6.64E-04
21.475,0.04127,3.67E-04
21.476,0.03651,1.31E-04
21.477,0.03154,-5.27E-05
21.478,0.02664,-1.92E-04
21.479,0.02213,-2.98E-04
21.48,0.01822,-3.83E-04
21.481,0.01509,-4.58E-04
21.482,0.01284,-5.29E-04
21.483,0.01151,-5.95E-04
21.484,0.0111,-6.49E-04
21.485,0.01152,-6.89E-04
21.486,0.01263,-7.06E-04
21.487,0.01422,-6.87E-04
21.488,0.01608,-6.24E-04
21.489,0.01803,-4.99E-04
21.49,0.01986,-3.13E-04
21.491,0.02138,-6.75E-05
21.492,0.02245,2.30E-04
21.493,0.02295,5.65E-04
21.494,0.02287,9.20E-04
21.495,0.02218,0.00127
21.496,0.02091,0.00158
21.497,0.01914,0.00184
21.498,0.01693,0.002
21.499,0.01446,0.00205
21.5,0.01182,0.00199
21.501,0.00911,0.00181
21.502,0.00644,0.00151
21.503,0.00387,0.00111
21.504,0.00151,6.34E-04
21.505,-6.00E-04,1.15E-04
21.506,-0.00245,-4.14E-04
21.507,-0.00403,-9.19E-04
21.508,-0.0054,-0.00137
21.509,-0.0065,-0.00174
21.51,-0.00739,-0.002
21.511,-0.00807,-0.00216
21.512,-0.0086,-0.00221
21.513,-0.00903,-0.00216
21.514,-0.00934,-0.00202
21.515,-0.00957,-0.00181
21.516,-0.00976,-0.00157
21.517,-0.00996,-0.0013
21.518,-0.01026,-0.00105
21.519,-0.01064,-8.10E-04
21.52,-0.01119,-6.13E-04
21.521,-0.01199,-4.64E-04
21.522,-0.01312,-3.64E-04
21.523,-0.01466,-3.11E-04
21.524,-0.0166,-2.99E-04
21.525,-0.01901,-3.24E-04
21.526,-0.02192,-3.77E-04
21.527,-0.0253,-4.52E-04
21.528,-0.02912,-5.37E-04
21.529,-0.03325,-6.28E-04
21.53,-0.03759,-7.22E-04
21.531,-0.04199,-8.15E-04
21.532,-0.04632,-9.03E-04
21.533,-0.0504,-9.78E-04
21.534,-0.054,-0.00104
21.535,-0.05697,-0.00107
21.536,-0.05918,-0.00108
21.537,-0.06055,-0.00104
21.538,-0.06105,-9.46E-04
21.539,-0.06059,-7.96E-04
21.54,-0.05926,-5.83E-04
21.541,-0.05717,-3.05E-04
21.542,-0.05451,3.44E-05
21.543,-0.05154,4.23E-04
21.544,-0.04839,8.44E-04
21.545,-0.04535,0.00128
21.546,-0.0427,0.0017
21.547,-0.04068,0.00208
21.548,-0.03961,0.00239
21.549,-0.03955,0.00262
21.55,-0.04066,0.00274
21.551,-0.043,0.00275
21.552,-0.0466,0.00265
21.553,-0.05145,0.00243
21.554,-0.05735,0.00213
21.555,-0.06414,0.00175
21.556,-0.07162,0.00133
21.557,-0.07956,9.03E-04
21.558,-0.08773,4.91E-04
21.559,-0.09581,1.24E-04
21.56,-0.10358,-1.75E-04
21.561,-0.11085,-3.91E-04
21.562,-0.11742,-5.17E-04
21.563,-0.12316,-5.59E-04
21.564,-0.12791,-5.21E-04
21.565,-0.13166,-4.18E-04
21.566,-0.13442,-2.68E-04
21.567,-0.13622,-9.50E-05
21.568,-0.13708,7.57E-05
21.569,-0.13703,2.29E-04
21.57,-0.13624,3.45E-04
21.571,-0.13481,4.12E-04
21.572,-0.13286,4.20E-04
21.573,-0.13048,3.59E-04
21.574,-0.12768,2.36E-04
21.575,-0.12465,5.11E-05
21.576,-0.12146,-1.92E-04
21.577,-0.1182,-4.87E-04
21.578,-0.11497,-8.28E-04
21.579,-0.11178,-0.0012
21.58,-0.10877,-0.00161
21.581,-0.10601,-0.00203
21.582,-0.10361,-0.00247
21.583,-0.10169,-0.00291
21.584,-0.10031,-0.00334
21.585,-0.09956,-0.00375
21.586,-0.09953,-0.00413
21.587,-0.10027,-0.00446
21.588,-0.10181,-0.00474
21.589,-0.10418,-0.00495
21.59,-0.1073,-0.00508
21.591,-0.11109,-0.00513
21.592,-0.11543,-0.00509
21.593,-0.12015,-0.00497
21.594,-0.12508,-0.00478
21.595,-0.12997,-0.00451
21.596,-0.13461,-0.00419
21.597,-0.13875,-0.00384
21.598,-0.14216,-0.00346
21.599,-0.14467,-0.00308
21.6,-0.14613,-0.00271
21.601,-0.14647,-0.00237
21.602,-0.14564,-0.00205
21.603,-0.14364,-0.00179
21.604,-0.14058,-0.00156
21.605,-0.13662,-0.00139
21.606,-0.13199,-0.00126
21.607,-0.12688,-0.00118
21.608,-0.12156,-0.00117
21.609,-0.11627,-0.00121
21.61,-0.11128,-0.00132
21.611,-0.10682,-0.0015
21.612,-0.10304,-0.00175
21.613,-0.10007,-0.00209
21.614,-0.098,-0.00251
21.615,-0.09681,-0.00302
21.616,-0.09647,-0.0036
21.617,-0.09687,-0.00425
21.618,-0.09786,-0.00495
21.619,-0.0993,-0.00567
21.62,-0.10099,-0.00638
21.621,-0.10274,-0.00706
21.622,-0.10439,-0.00767
21.623,-0.10575,-0.00818
21.624,-0.10678,-0.00856
21.625,-0.10738,-0.00879
21.626,-0.10751,-0.00888
21.627,-0.10716,-0.0088
21.628,-0.10631,-0.00858
21.629,-0.10513,-0.00821
21.63,-0.10365,-0.00773
21.631,-0.10195,-0.00716
21.632,-0.1001,-0.00654
21.633,-0.0981,-0.00589
21.634,-0.09607,-0.00524
21.635,-0.09403,-0.00463
21.636,-0.09195,-0.00406
21.637,-0.08979,-0.00355
21.638,-0.08745,-0.00311
21.639,-0.08494,-0.00274
21.64,-0.08217,-0.00245
21.641,-0.0791,-0.00222
21.642,-0.07565,-0.00204
21.643,-0.07178,-0.00191
21.644,-0.06759,-0.00183
21.645,-0.06309,-0.00179
21.646,-0.05837,-0.00178
21.647,-0.05354,-0.00179
21.648,-0.04868,-0.00182
21.649,-0.04407,-0.00186
21.65,-0.03982,-0.0019
21.651,-0.03608,-0.00193
21.652,-0.03297,-0.00193
21.653,-0.03051,-0.00188
21.654,-0.0289,-0.00176
21.655,-0.02806,-0.00157
21.656,-0.02794,-0.00127
21.657,-0.0284,-8.68E-04
21.658,-0.0292,-3.48E-04
21.659,-0.03029,2.80E-04
21.66,-0.03137,0.00101
21.661,-0.03218,0.00182
21.662,-0.03249,0.00269
21.663,-0.032,0.00357
21.664,-0.03066,0.00443
21.665,-0.02831,0.00522
21.666,-0.02488,0.00592
21.667,-0.02037,0.00649
21.668,-0.01481,0.00687
21.669,-0.00847,0.00706
21.67,-0.00152,0.00705
21.671,0.00581,0.00683
21.672,0.01324,0.00641
21.673,0.02052,0.0058
21.674,0.02726,0.00501
21.675,0.03327,0.00408
21.676,0.03835,0.00304
21.677,0.04238,0.00192
21.678,0.0453,7.53E-04
21.679,0.04704,-4.29E-04
21.68,0.04772,-0.00159
21.681,0.0475,-0.0027
21.682,0.04657,-0.00374
21.683,0.04518,-0.00466
21.684,0.04351,-0.00544
21.685,0.04189,-0.00606
21.686,0.04057,-0.0065
21.687,0.03976,-0.00674
21.688,0.0396,-0.00676
21.689,0.04014,-0.00655
21.69,0.04147,-0.00613
21.691,0.04358,-0.0055
21.692,0.04635,-0.00469
21.693,0.04961,-0.00373
21.694,0.05311,-0.00265
21.695,0.05666,-0.00151
21.696,0.06003,-3.53E-04
21.697,0.06298,7.58E-04
21.698,0.06525,0.00177
21.699,0.06665,0.00264
21.7,0.06705,0.00332
21.701,0.0664,0.00379
21.702,0.06468,0.00403
21.703,0.06194,0.00403
21.704,0.05829,0.0038
21.705,0.05392,0.00337
21.706,0.04905,0.00276
21.707,0.04391,0.00203
21.708,0.03879,0.00121
21.709,0.03396,3.48E-04
21.71,0.02967,-5.11E-04
21.711,0.02612,-0.00132
21.712,0.02348,-0.00206
21.713,0.02188,-0.0027
21.714,0.02137,-0.00322
21.715,0.02194,-0.00362
21.716,0.0235,-0.0039
21.717,0.02592,-0.00406
21.718,0.02902,-0.00411
21.719,0.03258,-0.00407
21.72,0.03635,-0.00397
21.721,0.04006,-0.0038
21.722,0.04349,-0.00361
21.723,0.04642,-0.00338
21.724,0.04868,-0.00315
21.725,0.05011,-0.00292
21.726,0.05065,-0.00272
21.727,0.05028,-0.00254
21.728,0.04907,-0.00239
21.729,0.04712,-0.00227
21.73,0.04458,-0.00219
21.731,0.04163,-0.00214
21.732,0.03849,-0.00212
21.733,0.03542,-0.00212
21.734,0.03262,-0.00214
21.735,0.0303,-0.00215
21.736,0.02863,-0.00215
21.737,0.02773,-0.00212
21.738,0.02772,-0.00206
21.739,0.02859,-0.00196
21.74,0.03032,-0.00181
21.741,0.03283,-0.00162
21.742,0.03601,-0.00139
21.743,0.03969,-0.00115
21.744,0.04367,-9.07E-04
21.745,0.04777,-6.85E-04
21.746,0.05177,-5.07E-04
21.747,0.05551,-3.96E-04
21.748,0.05879,-3.77E-04
21.749,0.06148,-4.64E-04
21.75,0.06348,-6.67E-04
21.751,0.06473,-9.86E-04
21.752,0.06521,-0.00141
21.753,0.0649,-0.00193
21.754,0.06387,-0.00253
21.755,0.06221,-0.00317
21.756,0.06002,-0.00382
21.757,0.0574,-0.00446
21.758,0.05449,-0.00504
21.759,0.05139,-0.00555
21.76,0.04827,-0.00596
21.761,0.04522,-0.00625
21.762,0.04234,-0.00642
21.763,0.03972,-0.00645
21.764,0.03742,-0.00636
21.765,0.0355,-0.00614
21.766,0.034,-0.00582
21.767,0.03292,-0.00539
21.768,0.03226,-0.00489
21.769,0.03202,-0.00431
21.77,0.03216,-0.00369
21.771,0.03263,-0.00304
21.772,0.03339,-0.00238
21.773,0.03434,-0.00172
21.774,0.03545,-0.0011
21.775,0.0366,-5.34E-04
21.776,0.0377,-4.88E-05
21.777,0.03866,3.33E-04
21.778,0.03937,5.91E-04
21.779,0.03978,7.06E-04
21.78,0.03978,6.68E-04
21.781,0.03931,4.76E-04
21.782,0.03834,1.34E-04
21.783,0.03686,-3.41E-04
21.784,0.03491,-9.24E-04
21.785,0.03254,-0.00157
21.786,0.02983,-0.00224
21.787,0.02689,-0.00288
21.788,0.0239,-0.00346
21.789,0.02102,-0.00391
21.79,0.01845,-0.0042
21.791,0.01634,-0.00431
21.792,0.01486,-0.00423
21.793,0.01413,-0.00396
21.794,0.01427,-0.00353
21.795,0.0153,-0.00297
21.796,0.01721,-0.00234
21.797,0.01993,-0.0017
21.798,0.02328,-0.00111
21.799,0.02709,-6.23E-04
21.8,0.03111,-3.06E-04
21.801,0.03506,-1.95E-04
21.802,0.03865,-3.11E-04
21.803,0.04161,-6.48E-04
21.804,0.04367,-0.0012
21.805,0.04463,-0.00192
21.806,0.04434,-0.00276
21.807,0.04275,-0.00365
21.808,0.0399,-0.00451
21.809,0.0359,-0.00527
21.81,0.03096,-0.00586
21.811,0.02536,-0.00621
21.812,0.01943,-0.00628
21.813,0.01357,-0.00602
21.814,0.00816,-0.00546
21.815,0.00358,-0.00458
21.816,1.48E-04,-0.00343
21.817,-0.00189,-0.00205
21.818,-0.00234,-5.10E-04
21.819,-0.00115,0.00112
21.82,0.00163,0.00277
21.821,0.00584,0.00436
21.822,0.01125,0.00582
21.823,0.01751,0.0071
21.824,0.02422,0.00813
21.825,0.03096,0.0089
21.826,0.03728,0.00939
21.827,0.04281,0.00959
21.828,0.04719,0.00951
21.829,0.05015,0.00917
21.83,0.05152,0.00862
21.831,0.05126,0.0079
21.832,0.04941,0.00706
21.833,0.04615,0.00614
21.834,0.04171,0.00519
21.835,0.03644,0.00425
21.836,0.03071,0.00336
21.837,0.02492,0.00256
21.838,0.01946,0.00185
21.839,0.01469,0.00125
21.84,0.0109,7.47E-04
21.841,0.00832,3.44E-04
21.842,0.00708,2.16E-05
21.843,0.00723,-2.45E-04
21.844,0.00869,-4.75E-04
21.845,0.01132,-6.95E-04
21.846,0.01493,-9.24E-04
21.847,0.01925,-0.00118
21.848,0.02399,-0.00146
21.849,0.02885,-0.00177
21.85,0.03353,-0.0021
21.851,0.03779,-0.00244
21.852,0.04145,-0.00278
21.853,0.04432,-0.00308
21.854,0.04636,-0.00331
21.855,0.04753,-0.00346
21.856,0.04789,-0.00352
21.857,0.04752,-0.00348
21.858,0.04653,-0.00334
21.859,0.0451,-0.00309
21.86,0.04337,-0.00276
21.861,0.0415,-0.00238
21.862,0.0396,-0.00198
21.863,0.0378,-0.00157
21.864,0.03613,-0.00119
21.865,0.03465,-8.67E-04
21.866,0.03337,-6.16E-04
21.867,0.03227,-4.46E-04
21.868,0.03132,-3.57E-04
21.869,0.03044,-3.41E-04
21.87,0.02961,-3.78E-04
21.871,0.02879,-4.49E-04
21.872,0.02798,-5.27E-04
21.873,0.02718,-5.91E-04
21.874,0.02642,-6.21E-04
21.875,0.02574,-6.02E-04
21.876,0.02521,-5.29E-04
21.877,0.02492,-4.05E-04
21.878,0.02495,-2.44E-04
21.879,0.02538,-6.50E-05
21.88,0.02624,1.10E-04
21.881,0.02756,2.57E-04
21.882,0.02934,3.50E-04
21.883,0.03155,3.69E-04
21.884,0.03413,3.00E-04
21.885,0.03694,1.42E-04
21.886,0.03988,-9.79E-05
21.887,0.0428,-4.05E-04
21.888,0.04554,-7.60E-04
21.889,0.04796,-0.00113
21.89,0.04996,-0.0015
21.891,0.05144,-0.00183
21.892,0.05234,-0.0021
21.893,0.05262,-0.00228
21.894,0.05232,-0.00239
21.895,0.0515,-0.00241
21.896,0.05028,-0.00236
21.897,0.04875,-0.00226
21.898,0.04703,-0.00213
21.899,0.04525,-0.00198
21.9,0.04353,-0.00185
21.901,0.04199,-0.00175
21.902,0.04069,-0.00169
21.903,0.03964,-0.00167
21.904,0.03885,-0.00169
21.905,0.03828,-0.00173
21.906,0.03786,-0.00177
21.907,0.03752,-0.00179
21.908,0.03717,-0.00177
21.909,0.0367,-0.00168
21.91,0.03605,-0.0015
21.911,0.03515,-0.00123
21.912,0.034,-8.71E-04
21.913,0.03262,-4.35E-04
21.914,0.03107,5.68E-05
21.915,0.02944,5.73E-04
21.916,0.02784,0.00108
21.917,0.02641,0.00154
21.918,0.0253,0.00192
21.919,0.02466,0.00218
21.92,0.0246,0.0023
21.921,0.02519,0.00226
21.922,0.02648,0.00206
21.923,0.02843,0.00172
21.924,0.03101,0.00124
21.925,0.03407,6.59E-04
21.926,0.03745,1.34E-05
21.927,0.04094,-6.54E-04
21.928,0.04432,-0.00129
21.929,0.04735,-0.00186
21.93,0.04982,-0.00232
21.931,0.05153,-0.00263
21.932,0.05235,-0.00277
21.933,0.05219,-0.00271
21.934,0.05103,-0.00245
21.935,0.04894,-0.002
21.936,0.04604,-0.00137
21.937,0.04251,-5.72E-04
21.938,0.03859,3.52E-04
21.939,0.03456,0.00136
21.94,0.03071,0.00241
21.941,0.02733,0.00346
21.942,0.02465,0.00446
21.943,0.02287,0.00536
21.944,0.02215,0.00613
21.945,0.02255,0.00674
21.946,0.02405,0.00716
21.947,0.02654,0.00739
21.948,0.02984,0.00743
21.949,0.03371,0.00729
21.95,0.03783,0.007
21.951,0.04189,0.0066
21.952,0.04558,0.00612
21.953,0.04857,0.00561
21.954,0.05061,0.00512
21.955,0.05151,0.0047
21.956,0.05115,0.00437
21.957,0.04952,0.00418
21.958,0.04668,0.00412
21.959,0.04282,0.00421
21.96,0.03819,0.00443
21.961,0.0331,0.00477
21.962,0.02788,0.00519
21.963,0.0229,0.00565
21.964,0.01852,0.00611
21.965,0.01506,0.00652
21.966,0.01274,0.00685
21.967,0.01171,0.00706
21.968,0.01201,0.00713
21.969,0.01361,0.00706
21.97,0.01634,0.00684
21.971,0.01997,0.00648
21.972,0.02417,0.00602
21.973,0.02858,0.00547
21.974,0.03282,0.00488
21.975,0.03652,0.00428
21.976,0.03937,0.0037
21.977,0.04109,0.00319
21.978,0.04147,0.00277
21.979,0.04052,0.00246
21.98,0.03824,0.00229
21.981,0.0348,0.00225
21.982,0.03041,0.00235
21.983,0.02532,0.00258
21.984,0.01996,0.00293
21.985,0.01469,0.00339
21.986,0.00985,0.00394
21.987,0.00572,0.00455
21.988,0.00249,0.00521
21.989,3.47E-04,0.00588
21.99,-6.91E-04,0.00654
21.991,-7.12E-04,0.00716
21.992,9.41E-05,0.00771
21.993,0.00143,0.00816
21.994,0.00299,0.00848
21.995,0.00439,0.00867
21.996,0.00527,0.0087
21.997,0.00529,0.00855
21.998,0.00419,0.00824
21.999,0.00182,0.00778
22,-0.00189,0.00717
22.001,-0.00688,0.00646
22.002,-0.01297,0.00568
22.003,-0.01986,0.00488
22.004,-0.0271,0.00409
22.005,-0.03428,0.00337
22.006,-0.04096,0.00276
22.007,-0.04666,0.00229
22.008,-0.05095,0.00199
22.009,-0.05349,0.00187
22.01,-0.05413,0.00192
22.011,-0.05281,0.00214
22.012,-0.0496,0.0025
22.013,-0.04465,0.00296
22.014,-0.03834,0.00349
22.015,-0.03116,0.00405
22.016,-0.02361,0.0046
22.017,-0.01619,0.0051
22.018,-0.00933,0.00553
22.019,-0.00354,0.00589
22.02,8.13E-04,0.00617
22.021,0.00354,0.00637
22.022,0.00459,0.00651
22.023,0.00416,0.00661
22.024,0.00242,0.00671
22.025,-2.16E-04,0.00681
22.026,-0.00327,0.00693
22.027,-0.00619,0.0071
22.028,-0.00835,0.0073
22.029,-0.0093,0.00752
22.03,-0.00855,0.00776
22.031,-0.00578,0.008
22.032,-8.19E-04,0.00819
22.033,0.00636,0.00832
22.034,0.01547,0.00834
22.035,0.02622,0.00826
22.036,0.03811,0.00805
22.037,0.05056,0.0077
22.038,0.06287,0.00724
22.039,0.07426,0.00667
22.04,0.08413,0.00603
22.041,0.09197,0.00536
22.042,0.09734,0.00469
22.043,0.09995,0.00406
22.044,0.09965,0.00352
22.045,0.09664,0.0031
22.046,0.09124,0.00281
22.047,0.08389,0.00268
22.048,0.07516,0.00271
22.049,0.06567,0.00289
22.05,0.05618,0.0032
22.051,0.04735,0.00361
22.052,0.03977,0.00408
22.053,0.03392,0.00458
22.054,0.03008,0.00506
22.055,0.02846,0.00548
22.056,0.02903,0.0058
22.057,0.03161,0.006
22.058,0.0359,0.00606
22.059,0.0414,0.00596
22.06,0.04761,0.00571
22.061,0.05399,0.00532
22.062,0.06003,0.0048
22.063,0.06525,0.00419
22.064,0.06927,0.00354
22.065,0.07182,0.00287
22.066,0.07279,0.00225
22.067,0.07222,0.00172
22.068,0.07023,0.0013
22.069,0.06714,0.00104
22.07,0.06327,9.68E-04
22.071,0.05899,0.00109
22.072,0.05473,0.00139
22.073,0.05088,0.00186
22.074,0.04777,0.00245
22.075,0.04566,0.00314
22.076,0.04466,0.00385
22.077,0.04483,0.00453
22.078,0.04611,0.0051
22.079,0.04831,0.00551
22.08,0.05119,0.00571
22.081,0.05448,0.00566
22.082,0.05788,0.00534
22.083,0.06108,0.00474
22.084,0.06379,0.00388
22.085,0.06582,0.00279
22.086,0.06705,0.00154
22.087,0.06746,1.85E-04
22.088,0.06709,-0.00121
22.089,0.06606,-0.00255
22.09,0.06453,-0.00378
22.091,0.06274,-0.00484
22.092,0.06096,-0.00567
22.093,0.05948,-0.00625
22.094,0.05843,-0.00655
22.095,0.05798,-0.00661
22.096,0.0582,-0.00644
22.097,0.05914,-0.00608
22.098,0.06083,-0.00559
22.099,0.06307,-0.00501
22.1,0.06571,-0.00442
22.101,0.06855,-0.00387
22.102,0.07143,-0.0034
22.103,0.07421,-0.00304
22.104,0.07676,-0.00279
22.105,0.0791,-0.00268
22.106,0.08124,-0.00269
22.107,0.08324,-0.00279
22.108,0.0851,-0.00296
22.109,0.0873,-0.00314
22.11,0.09017,-0.00332
22.111,0.094,-0.00344
22.112,0.09886,-0.00349
22.113,0.1044,-0.00347
22.114,0.11122,-0.00334
22.115,0.11919,-0.00311
22.116,0.12811,-0.00279
22.117,0.13727,-0.00241
22.118,0.14526,-0.00203
22.119,0.15197,-0.00166
22.12,0.15637,-0.00135
22.121,0.1575,-0.00113
22.122,0.15404,-0.00106
22.123,0.14421,-0.00119
22.124,0.12768,-0.00154
22.125,0.10361,-0.00213
22.126,0.07148,-0.00299
22.127,0.03095,-0.00412
22.128,-0.01818,-0.00551
22.129,-0.07495,-0.00715
22.13,-0.1386,-0.00901
22.131,-0.2079,-0.01103
22.132,-0.2812,-0.01318
22.133,-0.35631,-0.01536
22.134,-0.43083,-0.01751
22.135,-0.50278,-0.01956
22.136,-0.57002,-0.02143
22.137,-0.63015,-0.02304
22.138,-0.6805,-0.02432
22.139,-0.71918,-0.0252
22.14,-0.74534,-0.02565
22.141,-0.75827,-0.02568
22.142,-0.75727,-0.02525
22.143,-0.74176,-0.02438
22.144,-0.7123,-0.02311
22.145,-0.67063,-0.02151
22.146,-0.61847,-0.01965
22.147,-0.55749,-0.01761
22.148,-0.48942,-0.01545
22.149,-0.41668,-0.01327
22.15,-0.34217,-0.01115
22.151,-0.26831,-0.00916
22.152,-0.19719,-0.00735
22.153,-0.13057,-0.00575
22.154,-0.07036,-0.00439
22.155,-0.0178,-0.00327
22.156,0.02629,-0.00238
22.157,0.06153,-0.0017
22.158,0.08797,-0.00118
22.159,0.1055,-8.06E-04
22.16,0.11531,-5.27E-04
22.161,0.11851,-2.99E-04
22.162,0.11617,-9.21E-05
22.163,0.10962,1.21E-04
22.164,0.09941,3.38E-04
22.165,0.08751,5.91E-04
22.166,0.0752,8.88E-04
22.167,0.06335,0.00122
22.168,0.05277,0.00158
22.169,0.0433,0.00193
22.17,0.03585,0.00227
22.171,0.0307,0.0026
22.172,0.02775,0.00289
22.173,0.02683,0.00311
22.174,0.02718,0.00325
22.175,0.02874,0.00329
22.176,0.03122,0.00324
22.177,0.0343,0.00309
22.178,0.03767,0.00281
22.179,0.04096,0.0024
22.18,0.04406,0.00189
22.181,0.04693,0.00127
22.182,0.04961,5.46E-04
22.183,0.05214,-2.57E-04
22.184,0.05466,-0.00112
22.185,0.05724,-0.00201
22.186,0.05995,-0.00291
22.187,0.06287,-0.0038
22.188,0.06603,-0.00463
22.189,0.06943,-0.00537
22.19,0.07297,-0.00603
22.191,0.0765,-0.00657
22.192,0.07982,-0.00698
22.193,0.08272,-0.00725
22.194,0.08498,-0.0074
22.195,0.08643,-0.00742
22.196,0.08693,-0.00733
22.197,0.08637,-0.00716
22.198,0.08467,-0.0069
22.199,0.08185,-0.00657
22.2,0.07807,-0.00619
22.201,0.07351,-0.00577
22.202,0.06839,-0.00533
22.203,0.06297,-0.00485
22.204,0.05754,-0.00433
22.205,0.05241,-0.00378
22.206,0.04784,-0.00319
22.207,0.04405,-0.00256
22.208,0.0412,-0.0019
22.209,0.0394,-0.0012
22.21,0.03866,-4.84E-04
22.211,0.03891,2.47E-04
22.212,0.04005,9.69E-04
22.213,0.0419,0.00166
22.214,0.04426,0.00229
22.215,0.04688,0.00286
22.216,0.04951,0.00334
22.217,0.05193,0.00372
22.218,0.05395,0.00397
22.219,0.05545,0.0041
22.22,0.05631,0.00411
22.221,0.0565,0.00401
22.222,0.05602,0.00381
22.223,0.05494,0.0035
22.224,0.05341,0.0031
22.225,0.05155,0.00263
22.226,0.04953,0.00209
22.227,0.04749,0.00149
22.228,0.04556,8.36E-04
22.229,0.04392,1.27E-04
22.23,0.04265,-6.28E-04
22.231,0.0418,-0.00143
22.232,0.04139,-0.00225
22.233,0.04135,-0.00309
22.234,0.04166,-0.00392
22.235,0.04222,-0.00471
22.236,0.04291,-0.00544
22.237,0.04362,-0.00607
22.238,0.04416,-0.00655
22.239,0.04445,-0.00685
22.24,0.04438,-0.00695
22.241,0.04387,-0.00682
22.242,0.04285,-0.00645
22.243,0.04128,-0.00583
22.244,0.0392,-0.00498
22.245,0.03663,-0.00394
22.246,0.03363,-0.00273
22.247,0.03028,-0.00142
22.248,0.02667,-5.84E-05
22.249,0.02297,0.00129
22.25,0.01927,0.00255
22.251,0.01568,0.00368
22.252,0.01231,0.00461
22.253,0.00926,0.00531
22.254,0.00667,0.00575
22.255,0.00457,0.0059
22.256,0.00302,0.00578
22.257,0.00203,0.00539
22.258,0.0016,0.00476
22.259,0.00176,0.0039
22.26,0.00243,0.00287
22.261,0.00353,0.00172
22.262,0.005,4.79E-04
22.263,0.0067,-7.92E-04
22.264,0.00857,-0.00206
22.265,0.01046,-0.00326
22.266,0.01225,-0.00437
22.267,0.01381,-0.00535
22.268,0.01502,-0.00616
22.269,0.01583,-0.00679
22.27,0.01616,-0.00721
22.271,0.01596,-0.00741
22.272,0.01523,-0.00739
22.273,0.01394,-0.00715
22.274,0.0122,-0.0067
22.275,0.01009,-0.00606
22.276,0.00769,-0.00527
22.277,0.0051,-0.00435
22.278,0.00242,-0.00335
22.279,-1.97E-04,-0.00229
22.28,-0.00266,-0.00124
22.281,-0.00487,-2.30E-04
22.282,-0.0068,6.97E-04
22.283,-0.00843,0.0015
22.284,-0.00975,0.00215
22.285,-0.01079,0.00264
22.286,-0.01164,0.00294
22.287,-0.01237,0.00305
22.288,-0.0131,0.00296
22.289,-0.01389,0.0027
22.29,-0.01486,0.00227
22.291,-0.01608,0.0017
22.292,-0.0176,0.00101
22.293,-0.01944,2.23E-04
22.294,-0.02153,-6.45E-04
22.295,-0.02382,-0.00156
22.296,-0.02624,-0.00249
22.297,-0.02867,-0.00342
22.298,-0.03098,-0.00432
22.299,-0.03298,-0.00516
22.3,-0.03456,-0.00593
22.301,-0.03562,-0.00659
22.302,-0.03609,-0.00714
22.303,-0.03598,-0.00753
22.304,-0.03521,-0.00777
22.305,-0.03389,-0.00785
22.306,-0.03213,-0.00777
22.307,-0.03008,-0.00753
22.308,-0.02801,-0.00714
22.309,-0.02603,-0.00662
22.31,-0.02437,-0.00601
22.311,-0.02324,-0.00534
22.312,-0.02283,-0.00465
22.313,-0.02334,-0.00395
22.314,-0.02478,-0.00329
22.315,-0.0272,-0.00269
22.316,-0.03057,-0.00218
22.317,-0.03483,-0.00175
22.318,-0.03993,-0.0014
22.319,-0.04558,-0.00112
22.32,-0.05161,-8.90E-04
22.321,-0.05781,-6.77E-04
22.322,-0.06398,-4.53E-04
22.323,-0.06998,-1.86E-04
22.324,-0.07553,1.44E-04
22.325,-0.08052,5.60E-04
22.326,-0.08489,0.00107
22.327,-0.08861,0.00167
22.328,-0.09175,0.00235
22.329,-0.09425,0.00308
22.33,-0.09628,0.00382
22.331,-0.09797,0.00455
22.332,-0.09947,0.00522
22.333,-0.10098,0.00579
22.334,-0.10254,0.00621
22.335,-0.10433,0.00648
22.336,-0.10647,0.00658
22.337,-0.109,0.0065
22.338,-0.11197,0.00624
22.339,-0.11524,0.00581
22.34,-0.11884,0.00525
22.341,-0.12266,0.00459
22.342,-0.1266,0.00386
22.343,-0.13047,0.00308
22.344,-0.13408,0.00229
22.345,-0.13733,0.00151
22.346,-0.14012,7.68E-04
22.347,-0.14232,6.38E-05
22.348,-0.14384,-5.97E-04
22.349,-0.14457,-0.00121
22.35,-0.14457,-0.00178
22.351,-0.14386,-0.00231
22.352,-0.14249,-0.00281
22.353,-0.14053,-0.00329
22.354,-0.13805,-0.00374
22.355,-0.1352,-0.00416
22.356,-0.13211,-0.00457
22.357,-0.1289,-0.00495
22.358,-0.12569,-0.00528
22.359,-0.12256,-0.00557
22.36,-0.11963,-0.0058
22.361,-0.11697,-0.00597
22.362,-0.11465,-0.00608
22.363,-0.11272,-0.00611
22.364,-0.1112,-0.00606
22.365,-0.11012,-0.00594
22.366,-0.10947,-0.00575
22.367,-0.10926,-0.0055
22.368,-0.10949,-0.00518
22.369,-0.11014,-0.0048
22.37,-0.11118,-0.00438
22.371,-0.11257,-0.00391
22.372,-0.11428,-0.00341
22.373,-0.11625,-0.00289
22.374,-0.11845,-0.00236
22.375,-0.1208,-0.00183
22.376,-0.12321,-0.00132
22.377,-0.12559,-8.42E-04
22.378,-0.12782,-4.18E-04
22.379,-0.12984,-6.61E-05
22.38,-0.13155,2.02E-04
22.381,-0.13284,3.73E-04
22.382,-0.13362,4.40E-04
22.383,-0.1338,3.98E-04
22.384,-0.13336,2.41E-04
22.385,-0.13227,-2.27E-05
22.386,-0.13056,-3.80E-04
22.387,-0.12825,-8.14E-04
22.388,-0.12535,-0.0013
22.389,-0.12201,-0.00181
22.39,-0.11834,-0.00234
22.391,-0.11448,-0.00284
22.392,-0.11055,-0.0033
22.393,-0.10666,-0.00367
22.394,-0.10299,-0.00395
22.395,-0.09968,-0.00412
22.396,-0.09681,-0.00416
22.397,-0.09444,-0.00405
22.398,-0.09254,-0.0038
22.399,-0.0912,-0.00339
22.4,-0.09037,-0.00282
22.401,-0.08995,-0.00211
22.402,-0.08984,-0.00126
22.403,-0.08982,-2.99E-04
22.404,-0.08986,7.54E-04
22.405,-0.08975,0.00186
22.406,-0.08934,0.00299
22.407,-0.08845,0.0041
22.408,-0.08689,0.00511
22.409,-0.08469,0.00599
22.41,-0.08172,0.00667
22.411,-0.07796,0.00712
22.412,-0.07341,0.00729
22.413,-0.0681,0.00713
22.414,-0.06224,0.00664
22.415,-0.05595,0.00583
22.416,-0.04938,0.00471
22.417,-0.04273,0.00333
22.418,-0.03616,0.00175
22.419,-0.03,2.69E-05
22.42,-0.0244,-0.00173
22.421,-0.0195,-0.00344
22.422,-0.01541,-0.00502
22.423,-0.01219,-0.00638
22.424,-0.00997,-0.00745
22.425,-0.00867,-0.00819
22.426,-0.00818,-0.00858
22.427,-0.00836,-0.00861
22.428,-0.00902,-0.00832
22.429,-0.01004,-0.00775
22.43,-0.01112,-0.00696
22.431,-0.01201,-0.00605
22.432,-0.01252,-0.0051
22.433,-0.01242,-0.00418
22.434,-0.01166,-0.00337
22.435,-0.01009,-0.00273
22.436,-0.00765,-0.00232
22.437,-0.0044,-0.00215
22.438,-4.12E-04,-0.00222
22.439,0.00406,-0.00249
22.44,0.00885,-0.00294
22.441,0.01372,-0.00351
22.442,0.01842,-0.00414
22.443,0.0227,-0.00476
22.444,0.02624,-0.0053
22.445,0.02885,-0.0057
22.446,0.0304,-0.00594
22.447,0.03082,-0.00598
22.448,0.03014,-0.00582
22.449,0.02836,-0.00546
22.45,0.02565,-0.00493
22.451,0.02225,-0.00427
22.452,0.01843,-0.00351
22.453,0.01457,-0.00272
22.454,0.01093,-0.00195
22.455,0.00788,-0.00124
22.456,0.00571,-6.48E-04
22.457,0.00468,-1.95E-04
22.458,0.00505,9.63E-05
22.459,0.00684,2.09E-04
22.46,0.0101,1.51E-04
22.461,0.01475,-6.38E-05
22.462,0.02066,-4.08E-04
22.463,0.0276,-8.45E-04
22.464,0.03522,-0.00134
22.465,0.04317,-0.00184
22.466,0.05111,-0.00231
22.467,0.05867,-0.00271
22.468,0.06553,-0.00299
22.469,0.07133,-0.00314
22.47,0.07589,-0.00314
22.471,0.07906,-0.00298
22.472,0.08079,-0.00266
22.473,0.0811,-0.00221
22.474,0.08008,-0.00165
22.475,0.07795,-0.00101
22.476,0.07496,-3.40E-04
22.477,0.0714,3.21E-04
22.478,0.06758,9.29E-04
22.479,0.06374,0.00144
22.48,0.06023,0.00183
22.481,0.05727,0.00207
22.482,0.05504,0.00216
22.483,0.05365,0.00209
22.484,0.05311,0.00187
22.485,0.05342,0.00154
22.486,0.0545,0.00113
22.487,0.05622,6.67E-04
22.488,0.05838,2.04E-04
22.489,0.06078,-2.25E-04
22.49,0.06322,-5.84E-04
22.491,0.06552,-8.50E-04
22.492,0.06752,-0.00101
22.493,0.06907,-0.00105
22.494,0.07011,-9.84E-04
22.495,0.07059,-8.35E-04
22.496,0.07051,-6.23E-04
22.497,0.06992,-3.78E-04
22.498,0.06887,-1.25E-04
22.499,0.0675,1.02E-04
22.5,0.06589,2.80E-04
22.501,0.06414,3.96E-04
22.502,0.06236,4.47E-04
22.503,0.06059,4.40E-04
22.504,0.05893,3.87E-04
22.505,0.05741,3.09E-04
22.506,0.05603,2.32E-04
22.507,0.05479,1.83E-04
22.508,0.05365,1.91E-04
22.509,0.05261,2.78E-04
22.51,0.05165,4.59E-04
22.511,0.05074,7.39E-04
22.512,0.04988,0.00111
22.513,0.04903,0.00157
22.514,0.04825,0.0021
22.515,0.04755,0.00266
22.516,0.04696,0.00322
22.517,0.04649,0.00377
22.518,0.04615,0.00426
22.519,0.04597,0.00466
22.52,0.04594,0.00496
22.521,0.046,0.00514
22.522,0.04612,0.00518
22.523,0.04622,0.0051
22.524,0.04626,0.00489
22.525,0.04612,0.00455
22.526,0.04572,0.0041
22.527,0.045,0.00357
22.528,0.04391,0.00298
22.529,0.04246,0.00234
22.53,0.04065,0.00168
22.531,0.03855,0.00103
22.532,0.03623,4.23E-04
22.533,0.03383,-1.09E-04
22.534,0.03151,-5.42E-04
22.535,0.02941,-8.45E-04
22.536,0.02769,-9.92E-04
22.537,0.02649,-9.56E-04
22.538,0.02591,-7.14E-04
22.539,0.02604,-2.60E-04
22.54,0.02689,4.04E-04
22.541,0.0284,0.00127
22.542,0.03051,0.00232
22.543,0.03307,0.00351
22.544,0.0359,0.00481
22.545,0.03877,0.00617
22.546,0.04147,0.00752
22.547,0.04378,0.0088
22.548,0.04553,0.00997
22.549,0.04657,0.01097
22.55,0.0468,0.01175
22.551,0.04619,0.0123
22.552,0.04479,0.0126
22.553,0.04272,0.01263
22.554,0.04015,0.01241
22.555,0.0373,0.01198
22.556,0.03443,0.01138
22.557,0.03177,0.01064
22.558,0.02961,0.00981
22.559,0.02814,0.00893
22.56,0.02753,0.00805
22.561,0.02788,0.00721
22.562,0.02923,0.00642
22.563,0.03151,0.00571
22.564,0.03459,0.00507
22.565,0.03826,0.00451
22.566,0.04229,0.00402
22.567,0.0464,0.00357
22.568,0.0503,0.00315
22.569,0.0537,0.00275
22.57,0.05638,0.00233
22.571,0.05817,0.0019
22.572,0.05894,0.00145
22.573,0.05866,9.67E-04
22.574,0.05739,4.79E-04
22.575,0.05528,-1.47E-05
22.576,0.05252,-4.99E-04
22.577,0.04934,-9.51E-04
22.578,0.046,-0.00135
22.579,0.0428,-0.00165
22.58,0.03999,-0.00185
22.581,0.0378,-0.00194
22.582,0.03636,-0.0019
22.583,0.03573,-0.00172
22.584,0.03592,-0.00139
22.585,0.03685,-9.28E-04
22.586,0.03836,-3.54E-04
22.587,0.04024,3.14E-04
22.588,0.04222,0.00105
22.589,0.04402,0.00181
22.59,0.04537,0.00255
22.591,0.04605,0.00324
22.592,0.04586,0.00384
22.593,0.04473,0.0043
22.594,0.0426,0.00459
22.595,0.03953,0.0047
22.596,0.03566,0.00461
22.597,0.03121,0.00432
22.598,0.02649,0.00385
22.599,0.0218,0.00324
22.6,0.01748,0.00254
22.601,0.01383,0.0018
22.602,0.01112,0.00108
22.603,0.00962,4.42E-04
22.604,0.00948,-4.55E-05
22.605,0.01075,-3.29E-04
22.606,0.01339,-3.70E-04
22.607,0.01729,-1.47E-04
22.608,0.02224,3.38E-04
22.609,0.02798,0.00106
22.61,0.03417,0.00199
22.611,0.04048,0.00305
22.612,0.04655,0.00418
22.613,0.05203,0.00529
22.614,0.05663,0.00629
22.615,0.06013,0.0071
22.616,0.06237,0.00765
22.617,0.06327,0.00789
22.618,0.06281,0.00779
22.619,0.06109,0.00735
22.62,0.05827,0.00659
22.621,0.05457,0.00555
22.622,0.05023,0.00429
22.623,0.04551,0.00292
22.624,0.04069,0.00151
22.625,0.03604,1.54E-04
22.626,0.0318,-0.00105
22.627,0.02813,-0.00203
22.628,0.02517,-0.00272
22.629,0.02295,-0.00308
22.63,0.02152,-0.0031
22.631,0.0208,-0.00278
22.632,0.02071,-0.00215
22.633,0.02114,-0.00126
22.634,0.02191,-1.70E-04
22.635,0.02283,0.00104
22.636,0.02376,0.0023
22.637,0.02457,0.00353
22.638,0.02518,0.00466
22.639,0.02551,0.00562
22.64,0.02551,0.00638
22.641,0.02521,0.0069
22.642,0.02468,0.00716
22.643,0.02406,0.00716
22.644,0.02347,0.00694
22.645,0.02304,0.0065
22.646,0.0229,0.00591
22.647,0.0232,0.0052
22.648,0.02407,0.00442
22.649,0.02557,0.00364
22.65,0.02773,0.00289
22.651,0.03052,0.00224
22.652,0.03388,0.00171
22.653,0.03769,0.00132
22.654,0.04177,0.00108
22.655,0.04595,0.00101
22.656,0.05003,0.00108
22.657,0.0538,0.00127
22.658,0.05706,0.00154
22.659,0.05961,0.00186
22.66,0.06135,0.00217
22.661,0.06223,0.00242
22.662,0.0622,0.00259
22.663,0.0613,0.00263
22.664,0.05961,0.00251
22.665,0.05729,0.00222
22.666,0.05453,0.00176
22.667,0.05153,0.00114
22.668,0.0485,3.86E-04
22.669,0.04562,-4.55E-04
22.67,0.04311,-0.00135
22.671,0.04112,-0.00224
22.672,0.03973,-0.0031
22.673,0.03901,-0.00386
22.674,0.03894,-0.00448
22.675,0.03945,-0.00495
22.676,0.04046,-0.00525
22.677,0.04183,-0.00538
22.678,0.04337,-0.00533
22.679,0.04493,-0.00512
22.68,0.04633,-0.00479
22.681,0.04743,-0.00437
22.682,0.04813,-0.00389
22.683,0.04834,-0.00336
22.684,0.04806,-0.00282
22.685,0.04731,-0.00229
22.686,0.04616,-0.00178
22.687,0.0447,-0.00129
22.688,0.04305,-8.17E-04
22.689,0.04139,-3.61E-04
22.69,0.03983,8.54E-05
22.691,0.03851,5.29E-04
22.692,0.0375,9.74E-04
22.693,0.03688,0.00142
22.694,0.03667,0.00187
22.695,0.03682,0.0023
22.696,0.03726,0.00271
22.697,0.03791,0.00308
22.698,0.03864,0.00338
22.699,0.0393,0.00361
22.7,0.03976,0.00374
22.701,0.03991,0.00379
22.702,0.03966,0.00374
22.703,0.039,0.00361
22.704,0.03792,0.00341
22.705,0.03649,0.00316
22.706,0.03479,0.00289
22.707,0.03298,0.00262
22.708,0.03124,0.00239
22.709,0.02978,0.00221
22.71,0.02876,0.0021
22.711,0.02835,0.00206
22.712,0.02867,0.0021
22.713,0.0298,0.00222
22.714,0.03177,0.0024
22.715,0.03452,0.00262
22.716,0.03795,0.00287
22.717,0.04189,0.00312
22.718,0.04609,0.00336
22.719,0.05031,0.00357
22.72,0.05429,0.00374
22.721,0.05776,0.00387
22.722,0.0605,0.00395
22.723,0.06227,0.004
22.724,0.06295,0.00401
22.725,0.06247,0.004
22.726,0.06085,0.00398
22.727,0.05815,0.00395
22.728,0.0545,0.00391
22.729,0.05012,0.00386
22.73,0.04527,0.00379
22.731,0.0402,0.0037
22.732,0.03519,0.00357
22.733,0.03049,0.00338
22.734,0.02636,0.00314
22.735,0.02297,0.00283
22.736,0.02046,0.00244
22.737,0.01888,0.00198
22.738,0.01823,0.00144
22.739,0.0185,8.45E-04
22.74,0.01956,2.07E-04
22.741,0.02127,-4.54E-04
22.742,0.02346,-0.00111
22.743,0.02588,-0.00174
22.744,0.02844,-0.00231
22.745,0.03092,-0.0028
22.746,0.03317,-0.00318
22.747,0.03505,-0.00344
22.748,0.03638,-0.00355
22.749,0.03718,-0.00351
22.75,0.03739,-0.00332
22.751,0.03697,-0.00297
22.752,0.03591,-0.00249
22.753,0.03415,-0.00189
22.754,0.03179,-0.00119
22.755,0.02884,-4.38E-04
22.756,0.02533,3.40E-04
22.757,0.02126,0.0011
22.758,0.01664,0.00179
22.759,0.01156,0.00239
22.76,0.00608,0.00283
22.761,2.50E-04,0.0031
22.762,-0.00584,0.00317
22.763,-0.01209,0.00302
22.764,-0.01833,0.00265
22.765,-0.02445,0.00208
22.766,-0.0303,0.00132
22.767,-0.03571,4.31E-04
22.768,-0.04048,-5.50E-04
22.769,-0.04444,-0.00157
22.77,-0.04751,-0.00255
22.771,-0.04961,-0.00345
22.772,-0.05066,-0.0042
22.773,-0.05057,-0.00475
22.774,-0.04936,-0.00508
22.775,-0.04716,-0.00516
22.776,-0.0441,-0.00499
22.777,-0.0403,-0.0046
22.778,-0.03587,-0.00399
22.779,-0.03101,-0.00323
22.78,-0.02595,-0.00236
22.781,-0.02089,-0.00144
22.782,-0.01599,-5.18E-04
22.783,-0.01133,3.43E-04
22.784,-0.00705,0.00111
22.785,-0.00325,0.00173
22.786,6.10E-05,0.00221
22.787,0.00288,0.00252
22.788,0.0053,0.00267
22.789,0.00729,0.00268
22.79,0.00897,0.00257
22.791,0.01044,0.00235
22.792,0.01176,0.00207
22.793,0.01308,0.00174
22.794,0.01435,0.00139
22.795,0.01567,0.00102
22.796,0.01707,6.68E-04
22.797,0.01857,3.23E-04
22.798,0.02021,-4.09E-06
22.799,0.02185,-3.19E-04
22.8,0.02353,-6.15E-04
22.801,0.02525,-8.90E-04
22.802,0.02699,-0.00114
22.803,0.02876,-0.00135
22.804,0.03048,-0.00152
22.805,0.03223,-0.00162
22.806,0.03404,-0.00164
22.807,0.03595,-0.00157
22.808,0.03798,-0.00139
22.809,0.04014,-0.00109
22.81,0.04246,-6.80E-04
22.811,0.04497,-1.60E-04
22.812,0.04764,4.51E-04
22.813,0.05042,0.00112
22.814,0.05321,0.00183
22.815,0.05591,0.00253
22.816,0.05844,0.00318
22.817,0.06065,0.00375
22.818,0.06242,0.00418
22.819,0.06357,0.00446
22.82,0.06402,0.00455
22.821,0.06371,0.00444
22.822,0.06261,0.00412
22.823,0.06076,0.00361
22.824,0.05819,0.00292
22.825,0.05506,0.00208
22.826,0.05155,0.00113
22.827,0.04787,1.06E-04
22.828,0.04432,-9.27E-04
22.829,0.04112,-0.00193
22.83,0.03856,-0.00285
22.831,0.03687,-0.00363
22.832,0.03624,-0.00423
22.833,0.03682,-0.0046
22.834,0.03868,-0.00473
22.835,0.0418,-0.00458
22.836,0.04608,-0.00415
22.837,0.05137,-0.00344
22.838,0.05739,-0.00247
22.839,0.06384,-0.00126
22.84,0.07038,1.24E-04
22.841,0.07664,0.00164
22.842,0.08227,0.00323
22.843,0.0869,0.00482
22.844,0.09025,0.00634
22.845,0.09211,0.00771
22.846,0.09236,0.00888
22.847,0.09095,0.00979
22.848,0.08792,0.0104
22.849,0.0834,0.01067
22.85,0.07767,0.01062
22.851,0.07101,0.01024
22.852,0.06377,0.00958
22.853,0.05636,0.00868
22.854,0.04914,0.00758
22.855,0.0425,0.00636
22.856,0.03675,0.0051
22.857,0.03218,0.00387
22.858,0.02905,0.00271
22.859,0.0274,0.0017
22.86,0.02724,8.56E-04
22.861,0.02851,2.20E-04
22.862,0.03109,-2.03E-04
22.863,0.03487,-4.17E-04
22.864,0.0395,-4.43E-04
22.865,0.04466,-3.13E-04
22.866,0.05006,-6.11E-05
22.867,0.05545,2.75E-04
22.868,0.06068,6.59E-04
22.869,0.06551,0.00106
22.87,0.06981,0.00143
22.871,0.07353,0.00176
22.872,0.07669,0.00204
22.873,0.0794,0.00225
22.874,0.08193,0.00241
22.875,0.08454,0.00252
22.876,0.0875,0.0026
22.877,0.09099,0.00265
22.878,0.09496,0.00269
22.879,0.09995,0.00275
22.88,0.10614,0.00285
22.881,0.11356,0.00298
22.882,0.12192,0.00317
22.883,0.13035,0.00338
22.884,0.13905,0.00364
22.885,0.14749,0.00394
22.886,0.15508,0.00426
22.887,0.16081,0.00458
22.888,0.16304,0.00485
22.889,0.16155,0.00505
22.89,0.15542,0.00515
22.891,0.14388,0.00511
22.892,0.12603,0.0049
22.893,0.10066,0.00445
22.894,0.06801,0.00374
22.895,0.02787,0.00275
22.896,-0.01958,0.00146
22.897,-0.07394,-1.29E-04
22.898,-0.13454,-0.00201
22.899,-0.1999,-0.00414
22.9,-0.26884,-0.00647
22.901,-0.33983,-0.00894
22.902,-0.41096,-0.01148
22.903,-0.47991,-0.01397
22.904,-0.54442,-0.01632
22.905,-0.60293,-0.01844
22.906,-0.65376,-0.02024
22.907,-0.69503,-0.02165
22.908,-0.72472,-0.02257
22.909,-0.74163,-0.02296
22.91,-0.74574,-0.02282
22.911,-0.73707,-0.02218
22.912,-0.7156,-0.02105
22.913,-0.68148,-0.01947
22.914,-0.6358,-0.01752
22.915,-0.58073,-0.01532
22.916,-0.51829,-0.01296
22.917,-0.45034,-0.01055
22.918,-0.37877,-0.00816
22.919,-0.306,-0.00589
22.92,-0.23462,-0.00383
22.921,-0.16674,-0.00203
22.922,-0.10411,-5.29E-04
22.923,-0.04806,6.66E-04
22.924,-1.41E-04,0.00154
22.925,0.0391,0.00213
22.926,0.06942,0.00246
22.927,0.09091,0.00258
22.928,0.10418,0.00255
22.929,0.10944,0.0024
22.93,0.10841,0.00222
22.931,0.10253,0.00205
22.932,0.09313,0.00195
22.933,0.08168,0.00194
22.934,0.06885,0.00204
22.935,0.05655,0.00227
22.936,0.04599,0.00265
22.937,0.03785,0.00317
22.938,0.03264,0.00381
22.939,0.03,0.00451
22.94,0.03038,0.00525
22.941,0.03364,0.00601
22.942,0.03927,0.00673
22.943,0.0466,0.00737
22.944,0.05458,0.00787
22.945,0.06266,0.0082
22.946,0.07023,0.00835
22.947,0.07665,0.0083
22.948,0.08139,0.00804
22.949,0.084,0.00757
22.95,0.08432,0.00694
22.951,0.08237,0.00617
22.952,0.07832,0.0053
22.953,0.07251,0.00439
22.954,0.06539,0.00349
22.955,0.05743,0.00266
22.956,0.04918,0.00194
22.957,0.04119,0.00138
22.958,0.03403,0.00101
22.959,0.02817,8.36E-04
22.96,0.02395,8.73E-04
22.961,0.0216,0.00111
22.962,0.02124,0.00151
22.963,0.02289,0.00206
22.964,0.02641,0.00271
22.965,0.03157,0.00342
22.966,0.03808,0.00415
22.967,0.04555,0.00485
22.968,0.05354,0.00549
22.969,0.06165,0.00605
22.97,0.06944,0.0065
22.971,0.07654,0.00682
22.972,0.08264,0.00703
22.973,0.08741,0.00711
22.974,0.09071,0.00707
22.975,0.09242,0.00692
22.976,0.09252,0.00667
22.977,0.09105,0.00632
22.978,0.08807,0.00589
22.979,0.08381,0.00538
22.98,0.0785,0.0048
22.981,0.07241,0.00416
22.982,0.06579,0.00347
22.983,0.05891,0.00275
22.984,0.05207,0.00202
22.985,0.04555,0.00129
22.986,0.03958,5.89E-04
22.987,0.03435,-5.27E-05
22.988,0.02999,-6.12E-04
22.989,0.02661,-0.00106
22.99,0.02422,-0.00138
22.991,0.02283,-0.00157
22.992,0.02237,-0.00161
22.993,0.02275,-0.00151
22.994,0.02384,-0.00128
22.995,0.02544,-9.44E-04
22.996,0.02736,-5.41E-04
22.997,0.02943,-1.01E-04
22.998,0.03152,3.41E-04
22.999,0.03351,7.56E-04
23,0.03525,0.00111
23.001,0.03667,0.00137
23.002,0.03774,0.00154
23.003,0.03849,0.00161
23.004,0.03902,0.00158
23.005,0.03939,0.00148
23.006,0.03971,0.00134
23.007,0.04008,0.00117
23.008,0.04059,9.96E-04
23.009,0.04137,8.63E-04
23.01,0.04246,7.87E-04
23.011,0.04387,7.83E-04
23.012,0.04557,8.55E-04
23.013,0.04744,9.88E-04
23.014,0.04935,0.00117
23.015,0.05113,0.00138
23.016,0.0526,0.00159
23.017,0.05356,0.00177
23.018,0.05378,0.00186
23.019,0.05309,0.00184
23.02,0.05142,0.00168
23.021,0.04871,0.00137
23.022,0.04498,8.83E-04
23.023,0.04033,2.28E-04
23.024,0.03495,-5.85E-04
23.025,0.02912,-0.00153
23.026,0.02315,-0.00259
23.027,0.01735,-0.0037
23.028,0.01207,-0.00483
23.029,0.00769,-0.00592
23.03,0.00446,-0.00692
23.031,0.00259,-0.00779
23.032,0.00219,-0.00847
23.033,0.00323,-0.00893
23.034,0.00568,-0.00914
23.035,0.00928,-0.00907
23.036,0.01372,-0.00875
23.037,0.01863,-0.00817
23.038,0.02354,-0.00736
23.039,0.02807,-0.00636
23.04,0.03176,-0.00522
23.041,0.03425,-0.00402
23.042,0.03525,-0.00281
23.043,0.03454,-0.00167
23.044,0.03214,-6.63E-04
23.045,0.02812,1.46E-04
23.046,0.02266,7.09E-04
23.047,0.01606,9.91E-04
23.048,0.00868,9.76E-04
23.049,0.00103,6.66E-04
23.05,-0.00642,8.85E-05
23.051,-0.01326,-7.16E-04
23.052,-0.0191,-0.00169
23.053,-0.02367,-0.00276
23.054,-0.02672,-0.00386
23.055,-0.0282,-0.00489
23.056,-0.02818,-0.0058
23.057,-0.02685,-0.00652
23.058,-0.02453,-0.00699
23.059,-0.02154,-0.00721
23.06,-0.01831,-0.00715
23.061,-0.0153,-0.00682
23.062,-0.01289,-0.00627
23.063,-0.01148,-0.00554
23.064,-0.01124,-0.00469
23.065,-0.01237,-0.00379
23.066,-0.01491,-0.0029
23.067,-0.01876,-0.00208
23.068,-0.02376,-0.0014
23.069,-0.02951,-8.82E-04
23.07,-0.0357,-5.66E-04
23.071,-0.04194,-4.57E-04
23.072,-0.04784,-5.50E-04
23.073,-0.05306,-8.26E-04
23.074,-0.05721,-0.00125
23.075,-0.0601,-0.0018
23.076,-0.06166,-0.00241
23.077,-0.06188,-0.00306
23.078,-0.06092,-0.00369
23.079,-0.05893,-0.00427
23.08,-0.05622,-0.00478
23.081,-0.05317,-0.00518
23.082,-0.05013,-0.00547
23.083,-0.04754,-0.00564
23.084,-0.04564,-0.00569
23.085,-0.04472,-0.00561
23.086,-0.04496,-0.00543
23.087,-0.04646,-0.00515
23.088,-0.04924,-0.00478
23.089,-0.05309,-0.00435
23.09,-0.05784,-0.00387
23.091,-0.06322,-0.00337
23.092,-0.06895,-0.00286
23.093,-0.07476,-0.00237
23.094,-0.08024,-0.00191
23.095,-0.08515,-0.0015
23.096,-0.08933,-0.00117
23.097,-0.09265,-9.32E-04
23.098,-0.09512,-7.83E-04
23.099,-0.0967,-7.34E-04
23.1,-0.09755,-7.82E-04
23.101,-0.09788,-9.18E-04
23.102,-0.09792,-0.00113
23.103,-0.09794,-0.00138
23.104,-0.09813,-0.00166
23.105,-0.09876,-0.00194
23.106,-0.09998,-0.00219
23.107,-0.10193,-0.00238
23.108,-0.10462,-0.00249
23.109,-0.10796,-0.00252
23.11,-0.11188,-0.00244
23.111,-0.1162,-0.00226
23.112,-0.12069,-0.00199
23.113,-0.12511,-0.00163
23.114,-0.12912,-0.00121
23.115,-0.13253,-7.47E-04
23.116,-0.13516,-2.65E-04
23.117,-0.13687,2.16E-04
23.118,-0.13755,6.78E-04
23.119,-0.13716,0.0011
23.12,-0.13578,0.00148
23.121,-0.13358,0.0018
23.122,-0.13071,0.00208
23.123,-0.12742,0.00229
23.124,-0.12391,0.00245
23.125,-0.12047,0.00257
23.126,-0.11731,0.00266
23.127,-0.11464,0.0027
23.128,-0.11264,0.00271
23.129,-0.11137,0.00268
23.13,-0.1109,0.00262
23.131,-0.11122,0.00252
23.132,-0.11226,0.00239
23.133,-0.11393,0.0022
23.134,-0.11608,0.00197
23.135,-0.11856,0.00169
23.136,-0.1212,0.00137
23.137,-0.12387,0.00101
23.138,-0.12642,6.07E-04
23.139,-0.12875,1.69E-04
23.14,-0.13079,-2.97E-04
23.141,-0.13248,-7.86E-04
23.142,-0.13383,-0.00129
23.143,-0.13481,-0.0018
23.144,-0.1355,-0.00231
23.145,-0.13595,-0.00282
23.146,-0.13621,-0.00331
23.147,-0.13633,-0.00378
23.148,-0.13631,-0.0042
23.149,-0.13624,-0.00457
23.15,-0.13614,-0.00485
23.151,-0.13602,-0.00504
23.152,-0.13585,-0.00511
23.153,-0.13555,-0.00505
23.154,-0.13512,-0.00483
23.155,-0.13454,-0.00445
23.156,-0.13376,-0.00391
23.157,-0.13272,-0.00322
23.158,-0.13132,-0.00241
23.159,-0.12957,-0.00149
23.16,-0.12746,-5.11E-04
23.161,-0.12498,4.73E-04
23.162,-0.12211,0.00141
23.163,-0.11882,0.00224
23.164,-0.11521,0.00292
23.165,-0.11131,0.0034
23.166,-0.10716,0.00366
23.167,-0.10282,0.00366
23.168,-0.09832,0.0034
23.169,-0.09384,0.00289
23.17,-0.08945,0.00218
23.171,-0.08523,0.00129
23.172,-0.08126,2.90E-04
23.173,-0.07757,-7.79E-04
23.174,-0.07439,-0.00185
23.175,-0.07174,-0.00286
23.176,-0.06965,-0.00378
23.177,-0.06812,-0.00455
23.178,-0.06708,-0.00516
23.179,-0.06663,-0.0056
23.18,-0.06664,-0.00588
23.181,-0.06698,-0.00602
23.182,-0.06749,-0.00605
23.183,-0.06791,-0.006
23.184,-0.06818,-0.00591
23.185,-0.06805,-0.00583
23.186,-0.0673,-0.00578
23.187,-0.06573,-0.00579
23.188,-0.06311,-0.00588
23.189,-0.05947,-0.00603
23.19,-0.05469,-0.00624
23.191,-0.04876,-0.00651
23.192,-0.04174,-0.0068
23.193,-0.03373,-0.00707
23.194,-0.02505,-0.00728
23.195,-0.0159,-0.00741
23.196,-0.00657,-0.00742
23.197,0.00263,-0.00729
23.198,0.01138,-0.007
23.199,0.01927,-0.00655
23.2,0.02605,-0.00595
23.201,0.03154,-0.00522
23.202,0.03557,-0.00438
23.203,0.03806,-0.00346
23.204,0.03891,-0.00253
23.205,0.0383,-0.00162
23.206,0.0364,-7.81E-04
23.207,0.03346,-6.47E-05
23.208,0.02979,4.99E-04
23.209,0.02561,8.68E-04
23.21,0.02134,0.00103
23.211,0.01733,9.84E-04
23.212,0.01386,7.40E-04
23.213,0.01123,3.29E-04
23.214,0.00953,-2.10E-04
23.215,0.00891,-8.15E-04
23.216,0.00941,-0.00142
23.217,0.01101,-0.00196
23.218,0.01363,-0.00236
23.219,0.01701,-0.00258
23.22,0.02098,-0.00255
23.221,0.0253,-0.00224
23.222,0.02976,-0.00164
23.223,0.03417,-7.84E-04
23.224,0.03829,2.96E-04
23.225,0.04198,0.00153
23.226,0.04517,0.00285
23.227,0.04781,0.00414
23.228,0.04992,0.0053
23.229,0.05155,0.00622
23.23,0.05279,0.0068
23.231,0.05375,0.00698
23.232,0.05455,0.0067
23.233,0.0553,0.00596
23.234,0.05605,0.00475
23.235,0.0569,0.00314
23.236,0.05787,0.00122
23.237,0.05894,-9.07E-04
23.238,0.06006,-0.0031
23.239,0.0611,-0.00521
23.24,0.06202,-0.0071
23.241,0.06271,-0.00864
23.242,0.06308,-0.00973
23.243,0.06303,-0.01026
23.244,0.06248,-0.01022
23.245,0.06145,-0.00958
23.246,0.05997,-0.0084
23.247,0.05809,-0.00675
23.248,0.05593,-0.00472
23.249,0.05358,-0.00246
23.25,0.05123,-9.41E-05
23.251,0.04902,0.00222
23.252,0.04711,0.00435
23.253,0.04562,0.00617
23.254,0.04468,0.0076
23.255,0.04433,0.00856
23.256,0.04459,0.00902
23.257,0.04543,0.009
23.258,0.04679,0.00852
23.259,0.04857,0.00766
23.26,0.05061,0.00651
23.261,0.05276,0.00517
23.262,0.05485,0.00374
23.263,0.05673,0.00235
23.264,0.05828,0.00108
23.265,0.05936,2.74E-05
23.266,0.05993,-7.50E-04
23.267,0.05994,-0.00121
23.268,0.0594,-0.00134
23.269,0.05838,-0.00117
23.27,0.05697,-7.08E-04
23.271,0.05527,-1.82E-05
23.272,0.05342,8.38E-04
23.273,0.05154,0.00179
23.274,0.04978,0.00275
23.275,0.04827,0.00365
23.276,0.0471,0.00443
23.277,0.04633,0.00505
23.278,0.04598,0.00546
23.279,0.04605,0.00567
23.28,0.0465,0.00567
23.281,0.04727,0.0055
23.282,0.04826,0.00518
23.283,0.04934,0.00476
23.284,0.05037,0.0043
23.285,0.05124,0.00386
23.286,0.05182,0.00349
23.287,0.052,0.00322
23.288,0.05172,0.00307
23.289,0.0509,0.00305
23.29,0.04953,0.00316
23.291,0.04761,0.00337
23.292,0.0452,0.00363
23.293,0.04243,0.0039
23.294,0.0394,0.00412
23.295,0.03626,0.00424
23.296,0.03317,0.00421
23.297,0.0303,0.00399
23.298,0.02787,0.00358
23.299,0.02605,0.00299
23.3,0.02498,0.00223
23.301,0.02479,0.00136
23.302,0.02556,4.38E-04
23.303,0.02732,-4.55E-04
23.304,0.03009,-0.00123
23.305,0.03379,-0.00182
23.306,0.03829,-0.00216
23.307,0.04344,-0.00219
23.308,0.04897,-0.00189
23.309,0.05467,-0.00126
23.31,0.06025,-3.28E-04
23.311,0.06543,8.42E-04
23.312,0.06994,0.00217
23.313,0.07349,0.00356
23.314,0.07588,0.00491
23.315,0.07696,0.00609
23.316,0.07664,0.00702
23.317,0.07489,0.00762
23.318,0.07174,0.00783
23.319,0.06733,0.00761
23.32,0.06189,0.00699
23.321,0.05569,0.006
23.322,0.04901,0.00471
23.323,0.04219,0.00321
23.324,0.03557,0.00162
23.325,0.0295,5.51E-05
23.326,0.02426,-0.00136
23.327,0.02007,-0.00253
23.328,0.01711,-0.00335
23.329,0.01547,-0.00377
23.33,0.01513,-0.00375
23.331,0.01601,-0.00329
23.332,0.01794,-0.00242
23.333,0.02069,-0.00121
23.334,0.02401,2.61E-04
23.335,0.02757,0.00189
23.336,0.03104,0.00356
23.337,0.03417,0.00515
23.338,0.03668,0.00656
23.339,0.03844,0.00769
23.34,0.03928,0.00845
23.341,0.03916,0.0088
23.342,0.03812,0.0087
23.343,0.03628,0.00817
23.344,0.03384,0.00723
23.345,0.031,0.00593
23.346,0.02799,0.00436
23.347,0.02507,0.00261
23.348,0.0225,7.88E-04
23.349,0.02047,-0.00101
23.35,0.01915,-0.00266
23.351,0.01862,-0.0041
23.352,0.0189,-0.00523
23.353,0.01999,-0.00599
23.354,0.02175,-0.00636
23.355,0.02407,-0.00633
23.356,0.02676,-0.00592
23.357,0.02962,-0.00517
23.358,0.03246,-0.00414
23.359,0.03509,-0.00291
23.36,0.03737,-0.00158
23.361,0.03921,-2.38E-04
23.362,0.04053,0.00104
23.363,0.04132,0.00218
23.364,0.0416,0.00311
23.365,0.04145,0.0038
23.366,0.04097,0.00422
23.367,0.04026,0.00439
23.368,0.0394,0.00434
23.369,0.03849,0.00411
23.37,0.03759,0.00375
23.371,0.03674,0.00335
23.372,0.03594,0.00295
23.373,0.03518,0.00264
23.374,0.03437,0.00246
23.375,0.03347,0.00244
23.376,0.0324,0.00262
23.377,0.03111,0.00297
23.378,0.02956,0.00349
23.379,0.02775,0.00413
23.38,0.0257,0.00484
23.381,0.02348,0.00557
23.382,0.02122,0.00625
23.383,0.01905,0.00685
23.384,0.01715,0.00729
23.385,0.01569,0.00756
23.386,0.01482,0.00764
23.387,0.01469,0.00754
23.388,0.01539,0.00727
23.389,0.01699,0.00686
23.39,0.01946,0.00635
23.391,0.02271,0.00581
23.392,0.0266,0.00527
23.393,0.03091,0.00479
23.394,0.03541,0.00442
23.395,0.03981,0.00418
23.396,0.04382,0.00409
23.397,0.04719,0.00416
23.398,0.04967,0.0044
23.399,0.05106,0.00477
23.4,0.05128,0.00526
23.401,0.05028,0.00583
23.402,0.04812,0.00646
23.403,0.04493,0.0071
23.404,0.04091,0.00773
23.405,0.03634,0.0083
23.406,0.03152,0.00882
23.407,0.02677,0.00924
23.408,0.02242,0.00956
23.409,0.01874,0.00978
23.41,0.01597,0.00988
23.411,0.0143,0.00987
23.412,0.01381,0.00975
23.413,0.01453,0.00953
23.414,0.01638,0.00922
23.415,0.01921,0.00882
23.416,0.02281,0.00836
23.417,0.02693,0.00784
23.418,0.0313,0.00727
23.419,0.03563,0.00669
23.42,0.03963,0.00609
23.421,0.04309,0.00551
23.422,0.04583,0.00497
23.423,0.04771,0.00446
23.424,0.04868,0.00403
23.425,0.04876,0.00367
23.426,0.04801,0.00339
23.427,0.04656,0.00321
23.428,0.04457,0.00311
23.429,0.04224,0.00311
23.43,0.03977,0.00319
23.431,0.03734,0.00335
23.432,0.03511,0.00356
23.433,0.03324,0.00381
23.434,0.03178,0.0041
23.435,0.03082,0.0044
23.436,0.03036,0.00469
23.437,0.03035,0.00497
23.438,0.03075,0.00521
23.439,0.03145,0.0054
23.44,0.03237,0.00552
23.441,0.03339,0.00556
23.442,0.03445,0.0055
23.443,0.03546,0.00535
23.444,0.03636,0.00509
23.445,0.03713,0.00473
23.446,0.03777,0.00427
23.447,0.03828,0.00372
23.448,0.03869,0.00311
23.449,0.03906,0.00246
23.45,0.0394,0.0018
23.451,0.03976,0.00117
23.452,0.04016,6.04E-04
23.453,0.04059,1.41E-04
23.454,0.04105,-1.81E-04
23.455,0.04151,-3.38E-04
23.456,0.04194,-3.14E-04
23.457,0.04227,-1.06E-04
23.458,0.04245,2.73E-04
23.459,0.04241,8.07E-04
23.46,0.04211,0.00146
23.461,0.04153,0.00218
23.462,0.04064,0.00291
23.463,0.03947,0.0036
23.464,0.03802,0.00419
23.465,0.03636,0.00462
23.466,0.03456,0.00487
23.467,0.03269,0.00489
23.468,0.03088,0.00466
23.469,0.02921,0.0042
23.47,0.02775,0.00353
23.471,0.02658,0.00266
23.472,0.02578,0.00165
23.473,0.02542,5.58E-04
23.474,0.0255,-5.69E-04
23.475,0.02603,-0.00167
23.476,0.02698,-0.0027
23.477,0.02833,-0.00361
23.478,0.03003,-0.00435
23.479,0.03204,-0.00491
23.48,0.03427,-0.00528
23.481,0.03667,-0.00544
23.482,0.03916,-0.00541
23.483,0.04168,-0.00519
23.484,0.04417,-0.00482
23.485,0.04659,-0.00431
23.486,0.0489,-0.0037
23.487,0.05104,-0.00301
23.488,0.05295,-0.00227
23.489,0.05461,-0.00151
23.49,0.05601,-7.55E-04
23.491,0.05712,-3.12E-05
23.492,0.05789,6.35E-04
23.493,0.05827,0.00122
23.494,0.05825,0.0017
23.495,0.05783,0.00206
23.496,0.05701,0.00227
23.497,0.05576,0.00233
23.498,0.05405,0.00223
23.499,0.05192,0.00198
23.5,0.04941,0.00157
23.501,0.04657,0.00104
23.502,0.04342,4.05E-04
23.503,0.04,-2.99E-04
23.504,0.0364,-0.00104
23.505,0.0327,-0.00176
23.506,0.02896,-0.00244
23.507,0.02527,-0.00301
23.508,0.02169,-0.00345
23.509,0.01833,-0.00374
23.51,0.01524,-0.00385
23.511,0.01246,-0.00377
23.512,0.01005,-0.00352
23.513,0.00803,-0.0031
23.514,0.0065,-0.00254
23.515,0.00542,-0.00187
23.516,0.00479,-0.00112
23.517,0.0046,-3.47E-04
23.518,0.0048,4.28E-04
23.519,0.00543,0.00116
23.52,0.0064,0.00183
23.521,0.00763,0.0024
23.522,0.00905,0.00285
23.523,0.01057,0.00319
23.524,0.01215,0.0034
23.525,0.01366,0.00349
23.526,0.015,0.00347
23.527,0.01609,0.00334
23.528,0.01678,0.00314
23.529,0.01707,0.00287
23.53,0.01686,0.00257
23.531,0.01611,0.00226
23.532,0.01477,0.00195
23.533,0.01285,0.00169
23.534,0.01039,0.00148
23.535,0.00748,0.00135
23.536,0.0042,0.00132
23.537,6.48E-04,0.00139
23.538,-0.00306,0.00158
23.539,-0.00673,0.00186
23.54,-0.01021,0.00224
23.541,-0.01336,0.0027
23.542,-0.01605,0.0032
23.543,-0.01822,0.0037
23.544,-0.01975,0.00416
23.545,-0.02064,0.00455
23.546,-0.02091,0.00481
23.547,-0.02064,0.0049
23.548,-0.01995,0.0048
23.549,-0.01897,0.00449
23.55,-0.01792,0.00395
23.551,-0.01701,0.00319
23.552,-0.01641,0.00225
23.553,-0.01626,0.00114
23.554,-0.01673,-7.68E-05
23.555,-0.01794,-0.00134
23.556,-0.01994,-0.0026
23.557,-0.02266,-0.00379
23.558,-0.02594,-0.00485
23.559,-0.02963,-0.00571
23.56,-0.03352,-0.00635
23.561,-0.03733,-0.00673
23.562,-0.04074,-0.00685
23.563,-0.04331,-0.00669
23.564,-0.04482,-0.00629
23.565,-0.04498,-0.00567
23.566,-0.04361,-0.00488
23.567,-0.04055,-0.00396
23.568,-0.03569,-0.00298
23.569,-0.02914,-0.00197
23.57,-0.02109,-9.98E-04
23.571,-0.01177,-1.15E-04
23.572,-0.00149,6.44E-04
23.573,0.00939,0.00126
23.574,0.02036,0.0017
23.575,0.03101,0.00196
23.576,0.04094,0.00205
23.577,0.04979,0.00198
23.578,0.05725,0.00178
23.579,0.06304,0.00147
23.58,0.0671,0.00111
23.581,0.06943,7.21E-04
23.582,0.07012,3.59E-04
23.583,0.06934,6.39E-05
23.584,0.06729,-1.33E-04
23.585,0.06436,-1.96E-04
23.586,0.06091,-1.02E-04
23.587,0.05729,1.58E-04
23.588,0.05379,5.85E-04
23.589,0.05065,0.00115
23.59,0.04815,0.00184
23.591,0.04647,0.00261
23.592,0.04564,0.00341
23.593,0.04563,0.00419
23.594,0.04628,0.0049
23.595,0.04746,0.00549
23.596,0.04897,0.00591
23.597,0.05058,0.00614
23.598,0.05204,0.00616
23.599,0.05307,0.00598
23.6,0.0535,0.00561
23.601,0.0532,0.00509
23.602,0.05212,0.00447
23.603,0.05028,0.0038
23.604,0.04776,0.00315
23.605,0.04471,0.00259
23.606,0.04131,0.00217
23.607,0.03783,0.00192
23.608,0.03456,0.00188
23.609,0.0318,0.00205
23.61,0.02978,0.00241
23.611,0.0287,0.00293
23.612,0.02873,0.00356
23.613,0.02996,0.00423
23.614,0.03242,0.00489
23.615,0.03601,0.00545
23.616,0.04058,0.00587
23.617,0.04594,0.00609
23.618,0.05179,0.00608
23.619,0.05781,0.00583
23.62,0.06368,0.00536
23.621,0.06908,0.0047
23.622,0.07371,0.00389
23.623,0.07731,0.003
23.624,0.07965,0.0021
23.625,0.08064,0.00126
23.626,0.08023,5.43E-04
23.627,0.07846,9.23E-06
23.628,0.07546,-3.07E-04
23.629,0.0714,-3.79E-04
23.63,0.06658,-2.11E-04
23.631,0.06128,1.78E-04
23.632,0.05584,7.51E-04
23.633,0.05061,0.00145
23.634,0.04588,0.00223
23.635,0.04195,0.00301
23.636,0.03904,0.00373
23.637,0.03733,0.00434
23.638,0.03697,0.00479
23.639,0.03788,0.00503
23.64,0.03997,0.00506
23.641,0.0431,0.00487
23.642,0.04709,0.00447
23.643,0.05175,0.00389
23.644,0.05671,0.00318
23.645,0.06165,0.00238
23.646,0.06629,0.00153
23.647,0.07042,6.92E-04
23.648,0.07394,-7.83E-05
23.649,0.07673,-7.36E-04
23.65,0.07879,-0.00124
23.651,0.08022,-0.00158
23.652,0.08116,-0.00172
23.653,0.08178,-0.00166
23.654,0.08259,-0.0014
23.655,0.08402,-9.64E-04
23.656,0.08645,-3.68E-04
23.657,0.09008,3.51E-04
23.658,0.09474,0.00114
23.659,0.10109,0.00199
23.66,0.10915,0.00283
23.661,0.11884,0.00364
23.662,0.12958,0.00438
23.663,0.14005,0.00498
23.664,0.15021,0.00544
23.665,0.15909,0.00574
23.666,0.16571,0.00586
23.667,0.1687,0.00579
23.668,0.16608,0.0055
23.669,0.15738,0.00502
23.67,0.14149,0.00433
23.671,0.11763,0.00345
23.672,0.08509,0.00238
23.673,0.0432,0.00111
23.674,-0.00741,-3.29E-04
23.675,-0.0663,-0.00193
23.676,-0.13253,-0.00368
23.677,-0.20473,-0.00557
23.678,-0.281,-0.00756
23.679,-0.35896,-0.00962
23.68,-0.43656,-0.01171
23.681,-0.51153,-0.01379
23.682,-0.58125,-0.01579
23.683,-0.64279,-0.01765
23.684,-0.69382,-0.01929
23.685,-0.73301,-0.02067
23.686,-0.75916,-0.02172
23.687,-0.7711,-0.02241
23.688,-0.76778,-0.02269
23.689,-0.74931,-0.02252
23.69,-0.7171,-0.02195
23.691,-0.67262,-0.021
23.692,-0.61736,-0.01972
23.693,-0.55295,-0.01817
23.694,-0.4818,-0.01643
23.695,-0.407,-0.0146
23.696,-0.33122,-0.0128
23.697,-0.25676,-0.01112
23.698,-0.18568,-0.00961
23.699,-0.12014,-0.00836
23.7,-0.06185,-0.0074
23.701,-0.01194,-0.00676
23.702,0.02891,-0.00643
23.703,0.06058,-0.00636
23.704,0.0828,-0.00652
23.705,0.09659,-0.00682
23.706,0.10296,-0.00719
23.707,0.10301,-0.00756
23.708,0.09813,-0.00785
23.709,0.08902,-0.00802
23.71,0.07774,-0.00803
23.711,0.06573,-0.00784
23.712,0.054,-0.00748
23.713,0.04352,-0.00696
23.714,0.03424,-0.00635
23.715,0.02722,-0.0057
23.716,0.0228,-0.00508
23.717,0.02092,-0.00453
23.718,0.02136,-0.00413
23.719,0.02328,-0.00394
23.72,0.0266,-0.00396
23.721,0.03093,-0.0042
23.722,0.03582,-0.00466
23.723,0.0408,-0.0053
23.724,0.04535,-0.00607
23.725,0.04926,-0.00691
23.726,0.05243,-0.00774
23.727,0.05481,-0.0085
23.728,0.05643,-0.00913
23.729,0.0574,-0.00957
23.73,0.05782,-0.00979
23.731,0.05787,-0.00977
23.732,0.05773,-0.00951
23.733,0.05759,-0.00904
23.734,0.05757,-0.00839
23.735,0.05772,-0.00762
23.736,0.05804,-0.0068
23.737,0.05852,-0.00599
23.738,0.0591,-0.00525
23.739,0.05965,-0.00466
23.74,0.06011,-0.00427
23.741,0.06039,-0.0041
23.742,0.0604,-0.00419
23.743,0.06013,-0.00452
23.744,0.05955,-0.00508
23.745,0.05877,-0.00584
23.746,0.05788,-0.00673
23.747,0.05702,-0.0077
23.748,0.05632,-0.00867
23.749,0.05595,-0.00957
23.75,0.05604,-0.01032
23.751,0.0567,-0.01087
23.752,0.05798,-0.01117
23.753,0.05985,-0.01118
23.754,0.06225,-0.0109
23.755,0.06502,-0.01033
23.756,0.06797,-0.00952
23.757,0.07085,-0.00849
23.758,0.07339,-0.00734
23.759,0.0753,-0.00612
23.76,0.07636,-0.00494
23.761,0.07637,-0.00387
23.762,0.07519,-0.00298
23.763,0.07278,-0.00235
23.764,0.06918,-0.00202
23.765,0.06456,-0.002
23.766,0.05915,-0.00231
23.767,0.05326,-0.00292
23.768,0.04723,-0.00378
23.769,0.04148,-0.00484
23.77,0.0364,-0.006
23.771,0.03233,-0.00719
23.772,0.02955,-0.00833
23.773,0.02822,-0.00933
23.774,0.02849,-0.01013
23.775,0.03027,-0.01068
23.776,0.03343,-0.01096
23.777,0.03769,-0.01094
23.778,0.04266,-0.01065
23.779,0.04795,-0.01011
23.78,0.05305,-0.00937
23.781,0.05751,-0.00849
23.782,0.0609,-0.00751
23.783,0.06283,-0.00652
23.784,0.06307,-0.00554
23.785,0.06147,-0.00464
23.786,0.05802,-0.00385
23.787,0.05284,-0.00318
23.788,0.0462,-0.00264
23.789,0.03851,-0.00224
23.79,0.03024,-0.00195
23.791,0.0219,-0.00177
23.792,0.01399,-0.00168
23.793,0.00703,-0.00166
23.794,0.00151,-0.00169
23.795,-0.00224,-0.00177
23.796,-0.00402,-0.00188
23.797,-0.00373,-0.00203
23.798,-0.00149,-0.00222
23.799,0.00256,-0.00246
23.8,0.00805,-0.00275
23.801,0.01452,-0.00309
23.802,0.02147,-0.00347
23.803,0.02832,-0.0039
23.804,0.03455,-0.00436
23.805,0.03966,-0.00484
23.806,0.04322,-0.0053
23.807,0.04494,-0.00574
23.808,0.04461,-0.00612
23.809,0.04225,-0.00642
23.81,0.03796,-0.00663
23.811,0.03197,-0.00673
23.812,0.02464,-0.00672
23.813,0.0164,-0.0066
23.814,0.00779,-0.00637
23.815,-6.96E-04,-0.00604
23.816,-0.00857,-0.00564
23.817,-0.01542,-0.00518
23.818,-0.02088,-0.00468
23.819,-0.02466,-0.00416
23.82,-0.02667,-0.00363
23.821,-0.02689,-0.00311
23.822,-0.02543,-0.00261
23.823,-0.02251,-0.00214
23.824,-0.01841,-0.00172
23.825,-0.0135,-0.00134
23.826,-0.00817,-0.001
23.827,-0.00281,-7.20E-04
23.828,0.00218,-4.96E-04
23.829,0.00655,-3.34E-04
23.83,0.00999,-2.33E-04
23.831,0.01235,-1.95E-04
23.832,0.01352,-2.21E-04
23.833,0.01348,-3.17E-04
23.834,0.01238,-4.80E-04
23.835,0.01033,-7.03E-04
23.836,0.00754,-9.79E-04
23.837,0.00422,-0.0013
23.838,5.48E-04,-0.00166
23.839,-0.00315,-0.00205
23.84,-0.00667,-0.00245
23.841,-0.00984,-0.00285
23.842,-0.01256,-0.00325
23.843,-0.01483,-0.00363
23.844,-0.01657,-0.00399
23.845,-0.01784,-0.00432
23.846,-0.01871,-0.00461
23.847,-0.01936,-0.00487
23.848,-0.01999,-0.00507
23.849,-0.02073,-0.00522
23.85,-0.02176,-0.00532
23.851,-0.02325,-0.00536
23.852,-0.02533,-0.00533
23.853,-0.02815,-0.00523
23.854,-0.03166,-0.00506
23.855,-0.03591,-0.00482
23.856,-0.04085,-0.00452
23.857,-0.04638,-0.00417
23.858,-0.05234,-0.00376
23.859,-0.05845,-0.00333
23.86,-0.06453,-0.00288
23.861,-0.07036,-0.00244
23.862,-0.0757,-0.00203
23.863,-0.08034,-0.00166
23.864,-0.08398,-0.00135
23.865,-0.08652,-0.00109
23.866,-0.08787,-9.01E-04
23.867,-0.088,-7.66E-04
23.868,-0.08701,-6.78E-04
23.869,-0.08489,-6.23E-04
23.87,-0.08188,-5.82E-04
23.871,-0.07823,-5.34E-04
23.872,-0.07423,-4.65E-04
23.873,-0.07028,-3.63E-04
23.874,-0.06662,-2.28E-04
23.875,-0.06361,-6.16E-05
23.876,-0.06159,1.27E-04
23.877,-0.0608,3.21E-04
23.878,-0.0615,5.01E-04
23.879,-0.0637,6.31E-04
23.88,-0.06745,6.90E-04
23.881,-0.07268,6.59E-04
23.882,-0.07924,5.23E-04
23.883,-0.0869,2.83E-04
23.884,-0.09525,-6.21E-05
23.885,-0.10396,-4.89E-04
23.886,-0.11263,-9.68E-04
23.887,-0.12087,-0.00146
23.888,-0.12832,-0.00191
23.889,-0.13459,-0.00228
23.89,-0.13948,-0.00252
23.891,-0.14283,-0.0026
23.892,-0.14458,-0.00249
23.893,-0.14476,-0.00216
23.894,-0.14346,-0.00164
23.895,-0.14096,-9.24E-04
23.896,-0.13755,-6.24E-05
23.897,-0.13355,9.05E-04
23.898,-0.12931,0.00192
23.899,-0.12511,0.00293
23.9,-0.12132,0.00386
23.901,-0.1182,0.00468
23.902,-0.11591,0.00532
23.903,-0.11457,0.00576
23.904,-0.11413,0.00599
23.905,-0.11454,0.006
23.906,-0.11567,0.00582
23.907,-0.11732,0.00547
23.908,-0.11929,0.00498
23.909,-0.12129,0.0044
23.91,-0.12312,0.0038
23.911,-0.1246,0.00322
23.912,-0.12561,0.00269
23.913,-0.12608,0.00225
23.914,-0.12604,0.00192
23.915,-0.12559,0.00171
23.916,-0.12485,0.00164
23.917,-0.12403,0.00167
23.918,-0.12331,0.00177
23.919,-0.12296,0.00192
23.92,-0.12315,0.00207
23.921,-0.12403,0.00218
23.922,-0.12565,0.00221
23.923,-0.12797,0.00211
23.924,-0.13092,0.00187
23.925,-0.13432,0.00145
23.926,-0.13793,8.49E-04
23.927,-0.14141,7.32E-05
23.928,-0.14437,-8.58E-04
23.929,-0.1465,-0.00191
23.93,-0.14748,-0.00303
23.931,-0.14708,-0.00419
23.932,-0.1451,-0.0053
23.933,-0.14142,-0.00631
23.934,-0.13614,-0.00715
23.935,-0.12943,-0.00777
23.936,-0.12156,-0.00813
23.937,-0.11289,-0.00819
23.938,-0.1038,-0.00793
23.939,-0.09485,-0.00736
23.94,-0.08649,-0.0065
23.941,-0.07914,-0.00542
23.942,-0.07317,-0.00416
23.943,-0.06878,-0.00278
23.944,-0.06625,-0.00139
23.945,-0.06553,-5.57E-05
23.946,-0.06651,0.00114
23.947,-0.06894,0.00213
23.948,-0.07241,0.00287
23.949,-0.07662,0.00331
23.95,-0.08104,0.00346
23.951,-0.08519,0.00332
23.952,-0.0886,0.00294
23.953,-0.0908,0.00236
23.954,-0.09162,0.00165
23.955,-0.09079,8.95E-04
23.956,-0.08822,1.61E-04
23.957,-0.08395,-4.75E-04
23.958,-0.07808,-9.40E-04
23.959,-0.07098,-0.0012
23.96,-0.06296,-0.00122
23.961,-0.05438,-9.88E-04
23.962,-0.04564,-5.14E-04
23.963,-0.03709,1.82E-04
23.964,-0.02923,0.00105
23.965,-0.0223,0.00203
23.966,-0.01651,0.0031
23.967,-0.01199,0.00417
23.968,-0.00872,0.00521
23.969,-0.00676,0.00616
23.97,-0.00594,0.007
23.971,-0.00606,0.0077
23.972,-0.00686,0.00826
23.973,-0.00802,0.00866
23.974,-0.0094,0.00892
23.975,-0.01067,0.00904
23.976,-0.01163,0.00905
23.977,-0.01207,0.00895
23.978,-0.0118,0.00875
23.979,-0.01089,0.00845
23.98,-0.00922,0.00807
23.981,-0.00681,0.00761
23.982,-0.00371,0.00707
23.983,3.74E-05,0.00644
23.984,0.00422,0.00573
23.985,0.00878,0.00494
23.986,0.01362,0.0041
23.987,0.01864,0.0032
23.988,0.02373,0.00229
23.989,0.02872,0.00138
23.99,0.03355,4.99E-04
23.991,0.03817,-3.13E-04
23.992,0.04249,-0.00103
23.993,0.04642,-0.00162
23.994,0.04984,-0.00206
23.995,0.05271,-0.00234
23.996,0.05498,-0.00247
23.997,0.05657,-0.00243
23.998,0.05745,-0.00224
23.999,0.05753,-0.00191
24,0.05685,-0.00149
24.001,0.05545,-9.95E-04
24.002,0.05339,-4.63E-04
24.003,0.05076,7.76E-05
24.004,0.04764,6.02E-04
24.005,0.04424,0.00108
24.006,0.04074,0.00148
24.007,0.03733,0.0018
24.008,0.03421,0.00204
24.009,0.03153,0.00219
24.01,0.02946,0.00226
24.011,0.02813,0.00227
24.012,0.02761,0.00222
24.013,0.02796,0.00214
24.014,0.02909,0.00206
24.015,0.03094,0.00199
24.016,0.03336,0.00195
24.017,0.03619,0.00196
24.018,0.03928,0.00204
24.019,0.04238,0.00217
24.02,0.04532,0.00237
24.021,0.04791,0.00262
24.022,0.05002,0.00291
24.023,0.0516,0.00322
24.024,0.05258,0.00353
24.025,0.053,0.0038
24.026,0.05293,0.00401
24.027,0.05248,0.00415
24.028,0.0518,0.00421
24.029,0.05105,0.00416
24.03,0.05041,0.00402
24.031,0.05001,0.00381
24.032,0.05,0.00355
24.033,0.05044,0.00329
24.034,0.05135,0.00307
24.035,0.05272,0.00293
24.036,0.0545,0.00292
24.037,0.05657,0.00308
24.038,0.05877,0.00346
24.039,0.06093,0.00406
24.04,0.06289,0.00489
24.041,0.06452,0.00594
24.042,0.06567,0.00716
24.043,0.06624,0.0085
24.044,0.06617,0.00991
24.045,0.06549,0.01129
24.046,0.06426,0.01259
24.047,0.06257,0.01372
24.048,0.06053,0.01462
24.049,0.0583,0.01524
24.05,0.05606,0.01554
24.051,0.05396,0.01553
24.052,0.05212,0.01522
24.053,0.05064,0.01463
24.054,0.04959,0.01383
24.055,0.04898,0.01288
24.056,0.04878,0.01186
24.057,0.04892,0.01085
24.058,0.04929,0.0099
24.059,0.04978,0.00908
24.06,0.05025,0.00842
24.061,0.05057,0.00796
24.062,0.05065,0.00768
24.063,0.0504,0.00757
24.064,0.04979,0.00759
24.065,0.04882,0.0077
24.066,0.04752,0.00783
24.067,0.04598,0.00793
24.068,0.04432,0.00795
24.069,0.04269,0.00784
24.07,0.04119,0.00758
24.071,0.03997,0.00715
24.072,0.03913,0.00656
24.073,0.03878,0.00584
24.074,0.03898,0.00503
24.075,0.03972,0.00417
24.076,0.04096,0.00332
24.077,0.04265,0.00255
24.078,0.04469,0.00191
24.079,0.04695,0.00148
24.08,0.04929,0.00127
24.081,0.05159,0.00133
24.082,0.05371,0.00167
24.083,0.05554,0.0023
24.084,0.05701,0.00319
24.085,0.05808,0.00432
24.086,0.05875,0.00564
24.087,0.05903,0.00711
24.088,0.05895,0.00865
24.089,0.05861,0.01021
24.09,0.05809,0.01171
24.091,0.05749,0.0131
24.092,0.05687,0.01433
24.093,0.05628,0.01533
24.094,0.05578,0.01606
24.095,0.05539,0.01652
24.096,0.05512,0.01667
24.097,0.05491,0.01654
24.098,0.05469,0.01612
24.099,0.05441,0.01544
24.1,0.05399,0.01456
24.101,0.05336,0.01352
24.102,0.05246,0.01239
24.103,0.05121,0.0112
24.104,0.04961,0.01003
24.105,0.04768,0.00893
24.106,0.04544,0.00796
24.107,0.04295,0.00714
24.108,0.04027,0.00651
24.109,0.03752,0.00608
24.11,0.03481,0.00586
24.111,0.03221,0.00583
24.112,0.02983,0.00597
24.113,0.02772,0.00626
24.114,0.02596,0.00665
24.115,0.02456,0.00711
24.116,0.02351,0.0076
24.117,0.02276,0.00809
24.118,0.02228,0.00853
24.119,0.02204,0.0089
24.12,0.02191,0.00918
24.121,0.02184,0.00936
24.122,0.02175,0.00941
24.123,0.02161,0.00932
24.124,0.0214,0.00911
24.125,0.02108,0.00877
24.126,0.02067,0.0083
24.127,0.0202,0.0077
24.128,0.01973,0.00697
24.129,0.01933,0.00614
24.13,0.01903,0.00521
24.131,0.01889,0.00421
24.132,0.01896,0.00314
24.133,0.01929,0.00203
24.134,0.01988,9.19E-04
24.135,0.02073,-1.70E-04
24.136,0.02179,-0.00121
24.137,0.02303,-0.00216
24.138,0.02442,-0.00298
24.139,0.02589,-0.00366
24.14,0.02739,-0.00417
24.141,0.02887,-0.00451
24.142,0.03029,-0.00466
24.143,0.03166,-0.00462
24.144,0.03294,-0.0044
24.145,0.03416,-0.00402
24.146,0.03537,-0.00352
24.147,0.03657,-0.0029
24.148,0.03781,-0.0022
24.149,0.0391,-0.00143
24.15,0.04046,-6.23E-04
24.151,0.04189,2.06E-04
24.152,0.04337,0.00104
24.153,0.04484,0.00188
24.154,0.04622,0.00272
24.155,0.04743,0.00353
24.156,0.0484,0.00433
24.157,0.04901,0.0051
24.158,0.04918,0.00582
24.159,0.04883,0.00648
24.16,0.04793,0.00707
24.161,0.04649,0.00755
24.162,0.04454,0.00791
24.163,0.04214,0.00812
24.164,0.0394,0.00817
24.165,0.03647,0.00805
24.166,0.03351,0.00775
24.167,0.03068,0.00731
24.168,0.02814,0.00672
24.169,0.02605,0.00602
24.17,0.02452,0.00526
24.171,0.02362,0.00449
24.172,0.02337,0.00376
24.173,0.02377,0.0031
24.174,0.02475,0.00257
24.175,0.02618,0.0022
24.176,0.02791,0.002
24.177,0.02979,0.00198
24.178,0.03166,0.00211
24.179,0.03334,0.00238
24.18,0.03468,0.00274
24.181,0.03558,0.00314
24.182,0.03598,0.00354
24.183,0.03588,0.00385
24.184,0.0353,0.00405
24.185,0.03433,0.00409
24.186,0.03308,0.00393
24.187,0.0317,0.00357
24.188,0.03037,0.00299
24.189,0.02924,0.00222
24.19,0.02845,0.00128
24.191,0.0281,2.13E-04
24.192,0.02827,-9.35E-04
24.193,0.02902,-0.00211
24.194,0.03031,-0.00325
24.195,0.03207,-0.00432
24.196,0.03421,-0.00526
24.197,0.0366,-0.00605
24.198,0.03909,-0.00665
24.199,0.04153,-0.00703
24.2,0.0438,-0.0072
24.201,0.04579,-0.00716
24.202,0.04742,-0.00691
24.203,0.04863,-0.00647
24.204,0.04944,-0.00586
24.205,0.0499,-0.00511
24.206,0.0501,-0.00426
24.207,0.05013,-0.00333
24.208,0.05003,-0.00236
24.209,0.04993,-0.00137
24.21,0.04993,-4.07E-04
24.211,0.05006,5.04E-04
24.212,0.05032,0.00134
24.213,0.05063,0.00207
24.214,0.05093,0.00269
24.215,0.05109,0.00317
24.216,0.05098,0.00352
24.217,0.05042,0.00373
24.218,0.04925,0.0038
24.219,0.04734,0.00375
24.22,0.04461,0.00359
24.221,0.04101,0.00334
24.222,0.0366,0.00302
24.223,0.03148,0.00266
24.224,0.02584,0.00227
24.225,0.01993,0.00188
24.226,0.01402,0.00152
24.227,0.00845,0.00119
24.228,0.00357,9.17E-04
24.229,-2.92E-04,7.07E-04
24.23,-0.0029,5.72E-04
24.231,-0.00406,5.21E-04
24.232,-0.00365,5.57E-04
24.233,-0.00164,6.83E-04
24.234,0.0019,8.92E-04
24.235,0.00673,0.00118
24.236,0.01256,0.00154
24.237,0.01906,0.00196
24.238,0.02584,0.00243
24.239,0.03249,0.00293
24.24,0.03858,0.00343
24.241,0.04376,0.00391
24.242,0.04775,0.00434
24.243,0.05036,0.00472
24.244,0.0515,0.005
24.245,0.05119,0.00518
24.246,0.04957,0.00525
24.247,0.04685,0.00521
24.248,0.04334,0.00506
24.249,0.03937,0.00482
24.25,0.03534,0.00451
24.251,0.03159,0.00417
24.252,0.02844,0.00383
24.253,0.02615,0.00353
24.254,0.02486,0.0033
24.255,0.02466,0.00316
24.256,0.02555,0.00315
24.257,0.02739,0.00326
24.258,0.03,0.00349
24.259,0.03311,0.00382
24.26,0.03643,0.00422
24.261,0.03968,0.00466
24.262,0.04259,0.00509
24.263,0.04492,0.00547
24.264,0.0465,0.00576
24.265,0.04724,0.00592
24.266,0.04713,0.00594
24.267,0.04625,0.00582
24.268,0.04472,0.00555
24.269,0.04277,0.00516
24.27,0.04062,0.00469
24.271,0.03851,0.00419
24.272,0.03668,0.0037
24.273,0.0353,0.00327
24.274,0.03455,0.00294
24.275,0.0345,0.00276
24.276,0.03516,0.00274
24.277,0.03645,0.00289
24.278,0.03821,0.00318
24.279,0.04027,0.0036
24.28,0.0424,0.0041
24.281,0.04437,0.00463
24.282,0.04592,0.00513
24.283,0.04684,0.00555
24.284,0.04698,0.00583
24.285,0.04624,0.00594
24.286,0.04462,0.00584
24.287,0.04215,0.00553
24.288,0.03895,0.00501
24.289,0.03522,0.0043
24.29,0.0312,0.00343
24.291,0.02714,0.00244
24.292,0.02329,0.0014
24.293,0.01986,3.45E-04
24.294,0.01712,-6.53E-04
24.295,0.01519,-0.00155
24.296,0.01413,-0.00231
24.297,0.01396,-0.00291
24.298,0.01457,-0.00331
24.299,0.01588,-0.0035
24.3,0.01769,-0.0035
24.301,0.01977,-0.00331
24.302,0.02186,-0.00296
24.303,0.02367,-0.00248
24.304,0.02504,-0.00188
24.305,0.02577,-0.00122
24.306,0.02573,-5.22E-04
24.307,0.02484,1.75E-04
24.308,0.02302,8.36E-04
24.309,0.02041,0.00144
24.31,0.01711,0.00195
24.311,0.01325,0.00235
24.312,0.009,0.00263
24.313,0.00452,0.00278
24.314,6.50E-05,0.0028
24.315,-0.00421,0.00268
24.316,-0.00819,0.00246
24.317,-0.01179,0.00213
24.318,-0.01496,0.00173
24.319,-0.01764,0.00127
24.32,-0.0199,7.87E-04
24.321,-0.02181,3.12E-04
24.322,-0.02346,-1.35E-04
24.323,-0.02493,-5.36E-04
24.324,-0.02628,-8.72E-04
24.325,-0.02762,-0.00113
24.326,-0.02901,-0.00131
24.327,-0.03047,-0.00141
24.328,-0.03197,-0.00145
24.329,-0.03346,-0.00145
24.33,-0.03491,-0.00141
24.331,-0.03626,-0.00137
24.332,-0.03741,-0.00134
24.333,-0.03824,-0.00134
24.334,-0.03868,-0.0014
24.335,-0.03873,-0.00151
24.336,-0.03837,-0.00169
24.337,-0.0376,-0.00195
24.338,-0.03639,-0.00227
24.339,-0.03483,-0.00264
24.34,-0.03302,-0.00306
24.341,-0.03108,-0.00351
24.342,-0.02904,-0.00399
24.343,-0.02692,-0.00447
24.344,-0.02484,-0.00493
24.345,-0.02282,-0.00537
24.346,-0.02086,-0.00578
24.347,-0.0189,-0.00614
24.348,-0.01682,-0.00643
24.349,-0.01459,-0.00665
24.35,-0.01211,-0.00678
24.351,-0.00927,-0.00681
24.352,-0.00594,-0.00674
24.353,-0.00203,-0.00655
24.354,0.00242,-0.00625
24.355,0.00746,-0.00582
24.356,0.01303,-0.00529
24.357,0.01905,-0.00467
24.358,0.0254,-0.00397
24.359,0.03182,-0.00322
24.36,0.03814,-0.00246
24.361,0.04418,-0.00172
24.362,0.0497,-0.00104
24.363,0.05454,-4.48E-04
24.364,0.05841,2.12E-05
24.365,0.06126,3.46E-04
24.366,0.06303,5.13E-04
24.367,0.06372,5.14E-04
24.368,0.06337,3.51E-04
24.369,0.06201,3.61E-05
24.37,0.05986,-4.04E-04
24.371,0.05714,-9.42E-04
24.372,0.05408,-0.00155
24.373,0.05093,-0.00219
24.374,0.04787,-0.00283
24.375,0.04518,-0.00346
24.376,0.04304,-0.00404
24.377,0.04163,-0.00457
24.378,0.04105,-0.00503
24.379,0.0413,-0.00542
24.38,0.04239,-0.00575
24.381,0.04427,-0.00601
24.382,0.04684,-0.00622
24.383,0.04994,-0.00636
24.384,0.05338,-0.00645
24.385,0.05696,-0.00648
24.386,0.06051,-0.00645
24.387,0.06384,-0.00634
24.388,0.06681,-0.00614
24.389,0.06926,-0.00585
24.39,0.07112,-0.00547
24.391,0.07232,-0.00499
24.392,0.07288,-0.00441
24.393,0.07284,-0.00376
24.394,0.07226,-0.00306
24.395,0.07125,-0.00232
24.396,0.06993,-0.0016
24.397,0.06845,-9.17E-04
24.398,0.06694,-3.05E-04
24.399,0.06554,1.97E-04
24.4,0.06439,5.68E-04
24.401,0.06358,7.93E-04
24.402,0.0632,8.70E-04
24.403,0.06327,8.12E-04
24.404,0.06379,6.25E-04
24.405,0.06477,3.42E-04
24.406,0.06617,-1.88E-07
24.407,0.06789,-3.63E-04
24.408,0.06982,-6.96E-04
24.409,0.07183,-9.77E-04
24.41,0.07381,-0.00116
24.411,0.07562,-0.00123
24.412,0.07716,-0.00116
24.413,0.07829,-9.38E-04
24.414,0.07889,-5.74E-04
24.415,0.07887,-7.64E-05
24.416,0.07819,5.38E-04
24.417,0.07683,0.00125
24.418,0.07486,0.00204
24.419,0.07223,0.00286
24.42,0.06901,0.00369
24.421,0.0653,0.00452
24.422,0.06124,0.00531
24.423,0.05713,0.00606
24.424,0.05303,0.00673
24.425,0.04915,0.00733
24.426,0.04566,0.00783
24.427,0.04281,0.00825
24.428,0.04096,0.00858
24.429,0.04027,0.00881
24.43,0.04097,0.00896
24.431,0.04323,0.00903
24.432,0.04717,0.00903
24.433,0.05285,0.00898
24.434,0.06051,0.00888
24.435,0.07021,0.00875
24.436,0.08187,0.00863
24.437,0.09525,0.00851
24.438,0.10962,0.00839
24.439,0.12517,0.00831
24.44,0.14145,0.00827
24.441,0.15797,0.00827
24.442,0.17384,0.00831
24.443,0.18749,0.00835
24.444,0.19881,0.00839
24.445,0.20688,0.00843
24.446,0.21084,0.00844
24.447,0.20954,0.00839
24.448,0.20126,0.00823
24.449,0.1859,0.00795
24.45,0.16282,0.00754
24.451,0.13161,0.00697
24.452,0.09192,0.00623
24.453,0.04339,0.00528
24.454,-0.01311,0.00413
24.455,-0.07692,0.00279
24.456,-0.14703,0.00126
24.457,-0.22205,-4.73E-04
24.458,-0.30014,-0.00239
24.459,-0.37909,-0.00445
24.46,-0.45704,-0.00665
24.461,-0.53192,-0.00897
24.462,-0.60134,-0.01135
24.463,-0.66252,-0.01375
24.464,-0.71333,-0.01609
24.465,-0.75258,-0.01832
24.466,-0.77917,-0.02039
24.467,-0.7919,-0.02222
24.468,-0.78963,-0.02371
24.469,-0.77234,-0.02479
24.47,-0.74133,-0.0254
24.471,-0.69793,-0.02552
24.472,-0.64338,-0.0251
24.473,-0.57912,-0.02412
24.474,-0.50735,-0.02259
24.475,-0.43109,-0.02058
24.476,-0.35293,-0.01816
24.477,-0.27516,-0.01542
24.478,-0.19983,-0.01247
24.479,-0.12925,-0.00944
24.48,-0.06527,-0.00648
24.481,-0.00922,-0.00371
24.482,0.038,-0.00128
24.483,0.076,7.29E-04
24.484,0.10424,0.00221
24.485,0.12352,0.00312
24.486,0.13468,0.00344
24.487,0.13863,0.00319
24.488,0.13663,0.0024
24.489,0.12925,0.00114
24.49,0.11863,-4.82E-04
24.491,0.10624,-0.00234
24.492,0.09318,-0.00432
24.493,0.08053,-0.00628
24.494,0.06836,-0.00812
24.495,0.05798,-0.00974
24.496,0.04991,-0.01102
24.497,0.04425,-0.01192
24.498,0.04097,-0.0124
24.499,0.03934,-0.01244
24.5,0.0394,-0.01207
24.501,0.04089,-0.0113
24.502,0.04338,-0.01021
24.503,0.04643,-0.00886
24.504,0.04949,-0.00732
24.505,0.05235,-0.0057
24.506,0.05483,-0.00408
24.507,0.05684,-0.00252
24.508,0.05834,-0.00112
24.509,0.05942,8.43E-05
24.51,0.06011,0.00103
24.511,0.06055,0.00169
24.512,0.06091,0.00205
24.513,0.06133,0.00212
24.514,0.06201,0.00191
24.515,0.06297,0.00146
24.516,0.06422,8.14E-04
24.517,0.06572,1.90E-05
24.518,0.06739,-8.71E-04
24.519,0.06911,-0.0018
24.52,0.07073,-0.0027
24.521,0.07209,-0.00354
24.522,0.07301,-0.00426
24.523,0.07334,-0.00486
24.524,0.07294,-0.00531
24.525,0.07177,-0.00561
24.526,0.06984,-0.00577
24.527,0.06718,-0.0058
24.528,0.06391,-0.00575
24.529,0.06017,-0.00564
24.53,0.05616,-0.0055
24.531,0.0521,-0.00537
24.532,0.04823,-0.00527
24.533,0.04478,-0.00523
24.534,0.04195,-0.00525
24.535,0.03991,-0.00535
24.536,0.03878,-0.0055
24.537,0.03862,-0.00571
24.538,0.03944,-0.00595
24.539,0.0412,-0.00619
24.54,0.04377,-0.00642
24.541,0.047,-0.00662
24.542,0.05068,-0.00678
24.543,0.05457,-0.00687
24.544,0.05845,-0.00689
24.545,0.06208,-0.00685
24.546,0.06522,-0.00674
24.547,0.06768,-0.00658
24.548,0.0693,-0.00637
24.549,0.07,-0.00612
24.55,0.06973,-0.00583
24.551,0.0685,-0.00552
24.552,0.06638,-0.00518
24.553,0.06347,-0.00481
24.554,0.05998,-0.0044
24.555,0.05612,-0.00396
24.556,0.05212,-0.00348
24.557,0.04821,-0.00297
24.558,0.04458,-0.00242
24.559,0.04148,-0.00184
24.56,0.03907,-0.00126
24.561,0.03747,-6.89E-04
24.562,0.03672,-1.42E-04
24.563,0.03678,3.61E-04
24.564,0.03761,7.92E-04
24.565,0.03906,0.00114
24.566,0.04093,0.00141
24.567,0.04299,0.00158
24.568,0.04499,0.00167
24.569,0.04669,0.00168
24.57,0.04784,0.00164
24.571,0.04823,0.00157
24.572,0.04774,0.0015
24.573,0.04627,0.00145
24.574,0.04387,0.00144
24.575,0.04062,0.00148
24.576,0.03668,0.00159
24.577,0.03225,0.00175
24.578,0.0276,0.00195
24.579,0.02309,0.00218
24.58,0.01903,0.0024
24.581,0.01569,0.0026
24.582,0.01329,0.00273
24.583,0.01195,0.00279
24.584,0.01183,0.00275
24.585,0.01287,0.0026
24.586,0.01495,0.00236
24.587,0.01783,0.00202
24.588,0.02117,0.00161
24.589,0.02466,0.00117
24.59,0.02787,7.18E-04
24.591,0.03039,2.96E-04
24.592,0.03186,-6.42E-05
24.593,0.03196,-3.40E-04
24.594,0.03049,-5.06E-04
24.595,0.02733,-5.56E-04
24.596,0.02251,-4.92E-04
24.597,0.01615,-3.25E-04
24.598,0.00855,-7.76E-05
24.599,1.12E-04,2.25E-04
24.6,-0.00873,5.48E-04
24.601,-0.01748,8.58E-04
24.602,-0.02563,0.00112
24.603,-0.03269,0.00131
24.604,-0.03816,0.0014
24.605,-0.04176,0.00137
24.606,-0.04329,0.00123
24.607,-0.04267,9.67E-04
24.608,-0.03996,5.98E-04
24.609,-0.03532,1.46E-04
24.61,-0.02912,-3.66E-04
24.611,-0.02177,-9.10E-04
24.612,-0.01377,-0.00146
24.613,-0.00568,-0.00198
24.614,0.00205,-0.00244
24.615,0.00892,-0.00282
24.616,0.01453,-0.0031
24.617,0.01856,-0.00327
24.618,0.02074,-0.00333
24.619,0.02109,-0.00327
24.62,0.01964,-0.0031
24.621,0.01656,-0.00286
24.622,0.01206,-0.00255
24.623,0.00637,-0.00221
24.624,-8.37E-05,-0.00186
24.625,-0.00695,-0.00155
24.626,-0.01391,-0.00129
24.627,-0.0207,-0.00112
24.628,-0.02714,-0.00105
24.629,-0.03306,-0.0011
24.63,-0.03836,-0.00127
24.631,-0.04307,-0.00155
24.632,-0.04726,-0.00193
24.633,-0.05103,-0.00238
24.634,-0.05449,-0.00286
24.635,-0.05776,-0.00335
24.636,-0.06097,-0.0038
24.637,-0.06418,-0.00419
24.638,-0.06743,-0.00448
24.639,-0.0706,-0.00466
24.64,-0.07367,-0.00471
24.641,-0.07652,-0.00465
24.642,-0.07899,-0.00448
24.643,-0.08093,-0.00421
24.644,-0.08206,-0.0039
24.645,-0.08233,-0.00356
24.646,-0.08169,-0.00324
24.647,-0.0801,-0.00297
24.648,-0.07767,-0.00277
24.649,-0.07443,-0.00265
24.65,-0.07066,-0.00262
24.651,-0.06664,-0.00265
24.652,-0.06269,-0.00274
24.653,-0.05919,-0.00284
24.654,-0.05639,-0.00292
24.655,-0.05462,-0.00294
24.656,-0.05411,-0.00285
24.657,-0.05503,-0.00263
24.658,-0.05748,-0.00227
24.659,-0.06134,-0.00176
24.66,-0.06647,-0.00111
24.661,-0.07262,-3.56E-04
24.662,-0.0795,4.64E-04
24.663,-0.08677,0.00128
24.664,-0.09397,0.00204
24.665,-0.10071,0.00268
24.666,-0.10666,0.00313
24.667,-0.11154,0.00335
24.668,-0.11519,0.00329
24.669,-0.11744,0.00294
24.67,-0.11834,0.00229
24.671,-0.11802,0.00138
24.672,-0.11669,2.34E-04
24.673,-0.11467,-0.00108
24.674,-0.11224,-0.00251
24.675,-0.1098,-0.00396
24.676,-0.10771,-0.00536
24.677,-0.10627,-0.00663
24.678,-0.10575,-0.00771
24.679,-0.10625,-0.00853
24.68,-0.10787,-0.00905
24.681,-0.11058,-0.00925
24.682,-0.11424,-0.00912
24.683,-0.11864,-0.00867
24.684,-0.12344,-0.00792
24.685,-0.12834,-0.00691
24.686,-0.13303,-0.00571
24.687,-0.13719,-0.00437
24.688,-0.14055,-0.00295
24.689,-0.14286,-0.00153
24.69,-0.14403,-1.62E-04
24.691,-0.14405,0.00108
24.692,-0.14297,0.00214
24.693,-0.14091,0.00298
24.694,-0.13811,0.00357
24.695,-0.13485,0.00388
24.696,-0.13144,0.00392
24.697,-0.12815,0.0037
24.698,-0.12525,0.00324
24.699,-0.12296,0.00258
24.7,-0.12147,0.00177
24.701,-0.12085,8.67E-04
24.702,-0.12108,-5.83E-05
24.703,-0.12205,-9.46E-04
24.704,-0.1236,-0.00174
24.705,-0.12551,-0.00239
24.706,-0.12753,-0.00284
24.707,-0.12937,-0.00308
24.708,-0.13075,-0.00308
24.709,-0.13144,-0.00287
24.71,-0.13129,-0.00244
24.711,-0.13018,-0.00185
24.712,-0.12809,-0.00112
24.713,-0.12503,-3.25E-04
24.714,-0.12121,4.88E-04
24.715,-0.11682,0.00126
24.716,-0.11211,0.00194
24.717,-0.10735,0.0025
24.718,-0.10277,0.00289
24.719,-0.09874,0.0031
24.72,-0.09545,0.00313
24.721,-0.09306,0.00298
24.722,-0.09161,0.00268
24.723,-0.09106,0.00225
24.724,-0.09139,0.00174
24.725,-0.09241,0.00118
24.726,-0.09386,6.06E-04
24.727,-0.09546,6.33E-05
24.728,-0.09681,-4.16E-04
24.729,-0.09771,-8.06E-04
24.73,-0.09783,-0.00108
24.731,-0.09694,-0.00123
24.732,-0.09485,-0.00124
24.733,-0.09142,-0.00112
24.734,-0.08677,-8.68E-04
24.735,-0.08098,-4.95E-04
24.736,-0.07421,-1.42E-05
24.737,-0.06671,5.54E-04
24.738,-0.05874,0.00117
24.739,-0.05077,0.00182
24.74,-0.04311,0.00247
24.741,-0.03606,0.00309
24.742,-0.02989,0.00362
24.743,-0.02478,0.00404
24.744,-0.02098,0.0043
24.745,-0.01849,0.00436
24.746,-0.01726,0.00421
24.747,-0.01713,0.00383
24.748,-0.01788,0.00319
24.749,-0.01935,0.00231
24.75,-0.02118,0.0012
24.751,-0.02305,-9.23E-05
24.752,-0.02465,-0.00154
24.753,-0.02565,-0.00306
24.754,-0.02596,-0.00461
24.755,-0.02532,-0.0061
24.756,-0.02366,-0.00746
24.757,-0.02094,-0.00863
24.758,-0.01719,-0.00954
24.759,-0.01266,-0.01014
24.76,-0.00749,-0.0104
24.761,-0.00188,-0.01031
24.762,0.00392,-0.00986
24.763,0.00967,-0.00908
24.764,0.01502,-0.00801
24.765,0.0198,-0.0067
24.766,0.02383,-0.00522
24.767,0.02701,-0.00364
24.768,0.02928,-0.00203
24.769,0.03056,-4.62E-04
24.77,0.03094,9.83E-04
24.771,0.03052,0.00225
24.772,0.02947,0.00329
24.773,0.02798,0.00406
24.774,0.02621,0.00454
24.775,0.02439,0.00472
24.776,0.02275,0.00462
24.777,0.02147,0.00426
24.778,0.02073,0.00366
24.779,0.02058,0.00287
24.78,0.02116,0.00196
24.781,0.0225,9.90E-04
24.782,0.02458,1.47E-05
24.783,0.02735,-9.02E-04
24.784,0.03064,-0.00171
24.785,0.03434,-0.00234
24.786,0.03829,-0.00276
24.787,0.04231,-0.00294
24.788,0.04621,-0.00289
24.789,0.04973,-0.00261
24.79,0.05273,-0.00213
24.791,0.05505,-0.00149
24.792,0.05659,-7.41E-04
24.793,0.05729,3.62E-05
24.794,0.05706,7.76E-04
24.795,0.05597,0.0014
24.796,0.05409,0.00186
24.797,0.05155,0.00209
24.798,0.04854,0.00205
24.799,0.04523,0.00174
24.8,0.04189,0.00116
24.801,0.03875,3.28E-04
24.802,0.03605,-6.98E-04
24.803,0.03402,-0.00185
24.804,0.03282,-0.00305
24.805,0.03261,-0.00422
24.806,0.03347,-0.00527
24.807,0.03542,-0.00612
24.808,0.03839,-0.00673
24.809,0.04224,-0.00703
24.81,0.04679,-0.00701
24.811,0.0518,-0.00668
24.812,0.057,-0.00605
24.813,0.06207,-0.00518
24.814,0.0667,-0.00412
24.815,0.07059,-0.00295
24.816,0.0735,-0.00175
24.817,0.07525,-5.97E-04
24.818,0.07572,4.46E-04
24.819,0.07487,0.00131
24.82,0.07277,0.00196
24.821,0.06957,0.00237
24.822,0.06549,0.00254
24.823,0.06081,0.00248
24.824,0.05586,0.00221
24.825,0.05104,0.0018
24.826,0.04669,0.00128
24.827,0.04312,7.13E-04
24.828,0.0406,1.67E-04
24.829,0.03931,-3.14E-04
24.83,0.03937,-6.77E-04
24.831,0.04076,-8.86E-04
24.832,0.04338,-9.14E-04
24.833,0.047,-7.43E-04
24.834,0.05132,-3.81E-04
24.835,0.05598,1.69E-04
24.836,0.0606,8.86E-04
24.837,0.06477,0.00174
24.838,0.0681,0.00269
24.839,0.07029,0.00369
24.84,0.07109,0.0047
24.841,0.07036,0.00567
24.842,0.06808,0.00657
24.843,0.06434,0.00733
24.844,0.05938,0.00794
24.845,0.05352,0.00836
24.846,0.04714,0.00857
24.847,0.04066,0.00857
24.848,0.03453,0.00836
24.849,0.02922,0.00794
24.85,0.0251,0.00734
24.851,0.02245,0.00659
24.852,0.02146,0.00572
24.853,0.02215,0.00477
24.854,0.02449,0.00378
24.855,0.02825,0.00279
24.856,0.03314,0.00184
24.857,0.03873,9.45E-04
24.858,0.04457,1.45E-04
24.859,0.05016,-5.52E-04
24.86,0.05502,-0.00114
24.861,0.05873,-0.00161
24.862,0.06095,-0.00198
24.863,0.06144,-0.00224
24.864,0.06011,-0.00241
24.865,0.05699,-0.00249
24.866,0.05224,-0.0025
24.867,0.04614,-0.00244
24.868,0.0391,-0.0023
24.869,0.0316,-0.00208
24.87,0.02415,-0.00179
24.871,0.01723,-0.00141
24.872,0.01131,-9.57E-04
24.873,0.00681,-4.12E-04
24.874,0.00403,2.21E-04
24.875,0.00316,9.26E-04
24.876,0.00423,0.00169
24.877,0.00716,0.00248
24.878,0.01173,0.00329
24.879,0.01763,0.00407
24.88,0.02443,0.00481
24.881,0.03165,0.00546
24.882,0.03884,0.00601
24.883,0.04551,0.00643
24.884,0.05123,0.0067
24.885,0.05566,0.00682
24.886,0.05855,0.0068
24.887,0.05977,0.00665
24.888,0.0593,0.00638
24.889,0.05728,0.00601
24.89,0.05393,0.00557
24.891,0.04955,0.00508
24.892,0.04449,0.00456
24.893,0.03916,0.00405
24.894,0.03397,0.00354
24.895,0.02931,0.00306
24.896,0.02549,0.00262
24.897,0.02274,0.00222
24.898,0.02119,0.00188
24.899,0.02088,0.0016
24.9,0.02176,0.00139
24.901,0.02366,0.00126
24.902,0.02636,0.00121
24.903,0.02955,0.00127
24.904,0.0329,0.00145
24.905,0.03606,0.00174
24.906,0.03874,0.00216
24.907,0.04068,0.00271
24.908,0.04171,0.00337
24.909,0.04171,0.00413
24.91,0.04065,0.00496
24.911,0.0386,0.00583
24.912,0.03574,0.00669
24.913,0.03231,0.00752
24.914,0.02861,0.00825
24.915,0.02493,0.00886
24.916,0.02158,0.0093
24.917,0.01885,0.00955
24.918,0.01701,0.0096
24.919,0.01623,0.00944
24.92,0.01663,0.00908
24.921,0.0182,0.00855
24.922,0.02089,0.00788
24.923,0.02454,0.00711
24.924,0.02891,0.00628
24.925,0.03374,0.00545
24.926,0.03872,0.00467
24.927,0.04355,0.00397
24.928,0.04792,0.00339
24.929,0.05156,0.00296
24.93,0.05427,0.00269
24.931,0.05593,0.0026
24.932,0.05649,0.00267
24.933,0.05596,0.00289
24.934,0.05444,0.00326
24.935,0.05213,0.00373
24.936,0.04924,0.00429
24.937,0.04603,0.00491
24.938,0.04276,0.00555
24.939,0.03969,0.00618
24.94,0.03707,0.00678
24.941,0.03509,0.00731
24.942,0.03388,0.00777
24.943,0.03348,0.00812
24.944,0.03389,0.00835
24.945,0.03503,0.00846
24.946,0.03678,0.00844
24.947,0.03895,0.00829
24.948,0.04131,0.00802
24.949,0.04364,0.00764
24.95,0.04572,0.00719
24.951,0.04736,0.00667
24.952,0.04841,0.00613
24.953,0.04874,0.00559
24.954,0.04833,0.00507
24.955,0.0472,0.00461
24.956,0.04543,0.00423
24.957,0.04313,0.00395
24.958,0.04047,0.00378
24.959,0.03767,0.00372
24.96,0.03492,0.00377
24.961,0.03242,0.00391
24.962,0.03031,0.00414
24.963,0.02871,0.00443
24.964,0.02772,0.00477
24.965,0.02734,0.00513
24.966,0.02753,0.00548
24.967,0.02818,0.00582
24.968,0.02917,0.00615
24.969,0.03032,0.00645
24.97,0.03143,0.00671
24.971,0.03231,0.00695
24.972,0.03281,0.00718
24.973,0.03282,0.0074
24.974,0.03223,0.00762
24.975,0.03101,0.00786
24.976,0.0292,0.00812
24.977,0.02689,0.00841
24.978,0.02427,0.00874
24.979,0.02152,0.0091
24.98,0.01886,0.00949
24.981,0.01651,0.00993
24.982,0.01472,0.0104
24.983,0.0137,0.01089
24.984,0.01362,0.01141
24.985,0.01459,0.01194
24.986,0.01664,0.01249
24.987,0.01975,0.01304
24.988,0.02381,0.01356
24.989,0.02867,0.01404
24.99,0.03411,0.01446
24.991,0.03987,0.0148
24.992,0.04568,0.01501
24.993,0.05122,0.01506
24.994,0.05621,0.01492
24.995,0.0604,0.01457
24.996,0.0636,0.01399
24.997,0.06565,0.01317
24.998,0.06644,0.01209
24.999,0.06592,0.0108
25,0.06417,0.00932
25.001,0.0613,0.00769
25.002,0.05744,0.00598
25.003,0.05283,0.00426
25.004,0.04766,0.00259
25.005,0.04223,0.00106
25.006,0.03679,-2.74E-04
25.007,0.03159,-0.00136
25.008,0.02689,-0.00215
25.009,0.02288,-0.00261
25.01,0.01973,-0.00275
25.011,0.01758,-0.0026
25.012,0.01648,-0.00219
25.013,0.01648,-0.00156
25.014,0.01755,-7.76E-04
25.015,0.0196,8.49E-05
25.016,0.02252,9.51E-04
25.017,0.02615,0.00176
25.018,0.03029,0.00247
25.019,0.03476,0.00303
25.02,0.0393,0.00343
25.021,0.04368,0.00365
25.022,0.0477,0.00371
25.023,0.05113,0.00361
25.024,0.05384,0.00342
25.025,0.05566,0.00316
25.026,0.05651,0.00287
25.027,0.05635,0.00259
25.028,0.05518,0.00237
25.029,0.0531,0.00221
25.03,0.05024,0.00214
25.031,0.04676,0.00217
25.032,0.04286,0.00229
25.033,0.03875,0.00249
25.034,0.03468,0.00273
25.035,0.03089,0.003
25.036,0.0276,0.00328
25.037,0.02496,0.00353
25.038,0.02309,0.00374
25.039,0.02204,0.00388
25.04,0.02183,0.00395
25.041,0.02238,0.00394
25.042,0.02357,0.00386
25.043,0.02522,0.00371
25.044,0.0271,0.0035
25.045,0.02897,0.00325
25.046,0.03058,0.00298
25.047,0.03171,0.00271
25.048,0.03218,0.00246
25.049,0.03188,0.00225
25.05,0.03071,0.00209
25.051,0.0287,0.00199
25.052,0.02592,0.00196
25.053,0.02253,0.002
25.054,0.0188,0.00211
25.055,0.015,0.00227
25.056,0.01139,0.00249
25.057,0.00829,0.00273
25.058,0.00593,0.00298
25.059,0.0046,0.00321
25.06,0.00443,0.0034
25.061,0.00549,0.00354
25.062,0.00775,0.00361
25.063,0.01104,0.00358
25.064,0.01519,0.00346
25.065,0.01989,0.00325
25.066,0.02477,0.00294
25.067,0.02944,0.00255
25.068,0.03347,0.0021
25.069,0.03651,0.00161
25.07,0.03825,0.00111
25.071,0.03847,6.15E-04
25.072,0.03703,1.52E-04
25.073,0.03386,-2.55E-04
25.074,0.02913,-5.91E-04
25.075,0.02305,-8.47E-04
25.076,0.01595,-0.00102
25.077,0.00817,-0.00111
25.078,1.29E-04,-0.00111
25.079,-0.00767,-0.00105
25.08,-0.01483,-9.20E-04
25.081,-0.02098,-7.43E-04
25.082,-0.02586,-5.26E-04
25.083,-0.02932,-2.78E-04
25.084,-0.03124,-3.49E-06
25.085,-0.03171,2.89E-04
25.086,-0.03093,5.95E-04
25.087,-0.02917,9.12E-04
25.088,-0.02675,0.00124
25.089,-0.02405,0.00156
25.09,-0.02149,0.00187
25.091,-0.01944,0.00216
25.092,-0.01819,0.00242
25.093,-0.01796,0.00262
25.094,-0.01882,0.00275
25.095,-0.02082,0.00281
25.096,-0.02386,0.00277
25.097,-0.02771,0.00264
25.098,-0.03203,0.00241
25.099,-0.03645,0.00211
25.1,-0.04063,0.00174
25.101,-0.0442,0.00135
25.102,-0.04681,9.55E-04
25.103,-0.04813,5.96E-04
25.104,-0.04801,3.07E-04
25.105,-0.04641,1.19E-04
25.106,-0.04337,5.42E-05
25.107,-0.03901,1.22E-04
25.108,-0.03348,3.17E-04
25.109,-0.02718,6.26E-04
25.11,-0.02045,0.00102
25.111,-0.01365,0.00146
25.112,-0.0071,0.00189
25.113,-0.00101,0.00228
25.114,0.00428,0.00256
25.115,0.00868,0.0027
25.116,0.01215,0.00266
25.117,0.01476,0.00244
25.118,0.0167,0.00203
25.119,0.01811,0.00145
25.12,0.01927,7.28E-04
25.121,0.02047,-8.52E-05
25.122,0.02198,-9.40E-04
25.123,0.02404,-0.00178
25.124,0.02674,-0.00254
25.125,0.0302,-0.00318
25.126,0.03444,-0.00367
25.127,0.03935,-0.00397
25.128,0.04477,-0.00409
25.129,0.05035,-0.00402
25.13,0.05586,-0.0038
25.131,0.06102,-0.00347
25.132,0.06552,-0.00305
25.133,0.06908,-0.00261
25.134,0.07142,-0.00218
25.135,0.07249,-0.00181
25.136,0.07229,-0.00153
25.137,0.07087,-0.00134
25.138,0.06838,-0.00127
25.139,0.065,-0.00129
25.14,0.06107,-0.0014
25.141,0.05694,-0.00157
25.142,0.05293,-0.00176
25.143,0.04934,-0.00194
25.144,0.04638,-0.00209
25.145,0.04426,-0.00217
25.146,0.04307,-0.00218
25.147,0.04283,-0.00211
25.148,0.04347,-0.00197
25.149,0.04478,-0.00176
25.15,0.04655,-0.00151
25.151,0.04852,-0.00125
25.152,0.05043,-0.00101
25.153,0.05208,-8.02E-04
25.154,0.05323,-6.69E-04
25.155,0.05375,-6.24E-04
25.156,0.05359,-6.77E-04
25.157,0.05281,-8.30E-04
25.158,0.05156,-0.00108
25.159,0.05003,-0.0014
25.16,0.04848,-0.00178
25.161,0.0472,-0.00218
25.162,0.04647,-0.00257
25.163,0.04659,-0.00291
25.164,0.04776,-0.00319
25.165,0.0501,-0.00336
25.166,0.05365,-0.0034
25.167,0.05833,-0.00332
25.168,0.06397,-0.00312
25.169,0.07027,-0.00279
25.17,0.07691,-0.00237
25.171,0.08349,-0.00188
25.172,0.08961,-0.00137
25.173,0.09488,-8.86E-04
25.174,0.0989,-4.67E-04
25.175,0.10144,-1.63E-04
25.176,0.10235,-1.24E-05
25.177,0.10158,-4.56E-05
25.178,0.09924,-2.80E-04
25.179,0.09541,-7.22E-04
25.18,0.09043,-0.00136
25.181,0.08464,-0.00217
25.182,0.07846,-0.0031
25.183,0.07241,-0.00411
25.184,0.06678,-0.00512
25.185,0.06197,-0.00607
25.186,0.05826,-0.00689
25.187,0.05588,-0.00753
25.188,0.05503,-0.00792
25.189,0.05571,-0.00803
25.19,0.05792,-0.00785
25.191,0.06154,-0.00738
25.192,0.06638,-0.00663
25.193,0.07215,-0.00566
25.194,0.07886,-0.00451
25.195,0.08637,-0.00325
25.196,0.09457,-0.00196
25.197,0.10318,-7.12E-04
25.198,0.11162,4.21E-04
25.199,0.12033,0.00138
25.2,0.12915,0.00213
25.201,0.13798,0.00264
25.202,0.14635,0.00289
25.203,0.15315,0.00288
25.204,0.15867,0.00263
25.205,0.16227,0.00217
25.206,0.16333,0.00156
25.207,0.16084,8.14E-04
25.208,0.15319,-2.10E-05
25.209,0.14017,-9.06E-04
25.21,0.12088,-0.00181
25.211,0.09462,-0.0027
25.212,0.06074,-0.00357
25.213,0.01856,-0.00441
25.214,-0.03143,-0.00521
25.215,-0.08897,-0.00599
25.216,-0.1533,-0.00672
25.217,-0.22322,-0.00742
25.218,-0.29697,-0.00808
25.219,-0.37236,-0.00869
25.22,-0.44746,-0.00924
25.221,-0.52004,-0.00973
25.222,-0.58748,-0.01012
25.223,-0.6468,-0.0104
25.224,-0.6956,-0.01055
25.225,-0.73248,-0.01057
25.226,-0.75613,-0.01046
25.227,-0.76532,-0.01021
25.228,-0.75892,-0.00983
25.229,-0.73704,-0.00932
25.23,-0.70114,-0.00872
25.231,-0.65278,-0.00805
25.232,-0.59355,-0.00733
25.233,-0.52528,-0.00658
25.234,-0.4506,-0.00583
25.235,-0.37278,-0.00508
25.236,-0.29464,-0.00435
25.237,-0.21868,-0.00365
25.238,-0.14703,-0.00297
25.239,-0.08197,-0.00231
25.24,-0.02512,-0.00167
25.241,0.02249,-0.00104
25.242,0.06036,-4.16E-04
25.243,0.08856,1.96E-04
25.244,0.1071,7.88E-04
25.245,0.1173,0.00136
25.246,0.1205,0.00189
25.247,0.11803,0.00237
25.248,0.11147,0.00278
25.249,0.10167,0.00309
25.25,0.09079,0.0033
25.251,0.08022,0.0034
25.252,0.07087,0.00338
25.253,0.06344,0.00324
25.254,0.05764,0.00297
25.255,0.0542,0.00261
25.256,0.05312,0.00217
25.257,0.05398,0.00168
25.258,0.05621,0.00115
25.259,0.05872,5.93E-04
25.26,0.06121,4.95E-05
25.261,0.06323,-4.67E-04
25.262,0.06429,-9.43E-04
25.263,0.06406,-0.00137
25.264,0.06221,-0.00174
25.265,0.05884,-0.00205
25.266,0.05416,-0.0023
25.267,0.04856,-0.0025
25.268,0.04248,-0.00265
25.269,0.03648,-0.00274
25.27,0.03101,-0.0028
25.271,0.02655,-0.00281
25.272,0.02352,-0.00279
25.273,0.02225,-0.00274
25.274,0.02294,-0.00266
25.275,0.02556,-0.00255
25.276,0.02993,-0.00243
25.277,0.03579,-0.00229
25.278,0.04279,-0.00214
25.279,0.05046,-0.00198
25.28,0.05829,-0.00182
25.281,0.06582,-0.00166
25.282,0.07258,-0.00151
25.283,0.07821,-0.00137
25.284,0.0824,-0.00124
25.285,0.08503,-0.00111
25.286,0.08608,-9.83E-04
25.287,0.08561,-8.54E-04
25.288,0.08381,-7.24E-04
25.289,0.08094,-5.89E-04
25.29,0.07737,-4.50E-04
25.291,0.07345,-3.10E-04
25.292,0.06951,-1.75E-04
25.293,0.06586,-5.56E-05
25.294,0.06274,3.73E-05
25.295,0.06037,9.47E-05
25.296,0.05884,1.07E-04
25.297,0.05813,6.58E-05
25.298,0.05816,-3.57E-05
25.299,0.05875,-1.99E-04
25.3,0.05973,-4.19E-04
25.301,0.06087,-6.85E-04
25.302,0.06192,-9.84E-04
25.303,0.06264,-0.0013
25.304,0.06286,-0.00161
25.305,0.06244,-0.00191
25.306,0.06133,-0.00216
25.307,0.05953,-0.00236
25.308,0.0571,-0.00249
25.309,0.05422,-0.00256
25.31,0.05104,-0.00256
25.311,0.04777,-0.00251
25.312,0.04462,-0.0024
25.313,0.0418,-0.00226
25.314,0.03953,-0.0021
25.315,0.03791,-0.00193
25.316,0.03701,-0.00176
25.317,0.03683,-0.00161
25.318,0.03733,-0.00147
25.319,0.03842,-0.00135
25.32,0.03992,-0.00124
25.321,0.04166,-0.00114
25.322,0.04342,-0.00102
25.323,0.04499,-8.93E-04
25.324,0.04623,-7.40E-04
25.325,0.047,-5.58E-04
25.326,0.0472,-3.47E-04
25.327,0.0468,-1.07E-04
25.328,0.04579,1.60E-04
25.329,0.04429,4.41E-04
25.33,0.04242,7.30E-04
25.331,0.04033,0.00102
25.332,0.03817,0.0013
25.333,0.03608,0.00156
25.334,0.03425,0.0018
25.335,0.03279,0.00201
25.336,0.03176,0.00221
25.337,0.03116,0.00239
25.338,0.03092,0.00255
25.339,0.03099,0.0027
25.34,0.03122,0.00283
25.341,0.03144,0.00295
25.342,0.03146,0.00305
25.343,0.03109,0.00313
25.344,0.03021,0.00316
25.345,0.0287,0.00316
25.346,0.02648,0.0031
25.347,0.02356,0.00298
25.348,0.01995,0.0028
25.349,0.01585,0.00257
25.35,0.0114,0.00229
25.351,0.0068,0.002
25.352,0.0023,0.0017
25.353,-0.00191,0.00143
25.354,-0.00552,0.00122
25.355,-0.00839,0.00109
25.356,-0.0104,0.00105
25.357,-0.01149,0.00113
25.358,-0.01167,0.00132
25.359,-0.01097,0.00162
25.36,-0.00957,0.00199
25.361,-0.00769,0.00241
25.362,-0.00555,0.00284
25.363,-0.00343,0.00323
25.364,-0.00154,0.00355
25.365,-1.33E-04,0.00374
25.366,5.98E-04,0.00377
25.367,5.29E-04,0.00364
25.368,-4.06E-04,0.00333
25.369,-0.00212,0.00287
25.37,-0.00454,0.00227
25.371,-0.00749,0.00158
25.372,-0.01077,8.66E-04
25.373,-0.01414,1.82E-04
25.374,-0.01729,-4.04E-04
25.375,-0.01998,-8.31E-04
25.376,-0.022,-0.00105
25.377,-0.02322,-0.00103
25.378,-0.02361,-7.34E-04
25.379,-0.0231,-1.75E-04
25.38,-0.02181,6.31E-04
25.381,-0.0199,0.00165
25.382,-0.01762,0.00282
25.383,-0.01531,0.00407
25.384,-0.01322,0.00534
25.385,-0.01167,0.00654
25.386,-0.01095,0.0076
25.387,-0.01128,0.00845
25.388,-0.01288,0.00904
25.389,-0.01575,0.00932
25.39,-0.01985,0.00929
25.391,-0.02508,0.00895
25.392,-0.03122,0.0083
25.393,-0.03805,0.0074
25.394,-0.04511,0.00628
25.395,-0.05208,0.00503
25.396,-0.0586,0.00371
25.397,-0.06437,0.0024
25.398,-0.06916,0.00115
25.399,-0.07269,4.78E-05
25.4,-0.07489,-8.55E-04
25.401,-0.0758,-0.00152
25.402,-0.07553,-0.00193
25.403,-0.07434,-0.0021
25.404,-0.0724,-0.00202
25.405,-0.0701,-0.00175
25.406,-0.0678,-0.00132
25.407,-0.06586,-8.13E-04
25.408,-0.06465,-3.07E-04
25.409,-0.06433,1.39E-04
25.41,-0.06515,4.44E-04
25.411,-0.06721,5.46E-04
25.412,-0.07052,3.92E-04
25.413,-0.07503,-6.12E-05
25.414,-0.08045,-8.05E-04
25.415,-0.08659,-0.00184
25.416,-0.09314,-0.00313
25.417,-0.09981,-0.00464
25.418,-0.10627,-0.00629
25.419,-0.11213,-0.008
25.42,-0.11717,-0.00968
25.421,-0.12122,-0.01127
25.422,-0.12416,-0.01268
25.423,-0.12596,-0.01387
25.424,-0.12659,-0.01476
25.425,-0.12619,-0.01535
25.426,-0.12496,-0.01565
25.427,-0.12311,-0.01567
25.428,-0.1209,-0.01544
25.429,-0.11852,-0.01501
25.43,-0.11626,-0.01444
25.431,-0.11434,-0.0138
25.432,-0.11292,-0.01314
25.433,-0.11215,-0.01252
25.434,-0.11203,-0.01195
25.435,-0.11262,-0.01148
25.436,-0.11388,-0.01112
25.437,-0.11574,-0.01085
25.438,-0.11805,-0.01064
25.439,-0.12064,-0.01048
25.44,-0.12336,-0.01032
25.441,-0.12607,-0.01013
25.442,-0.12861,-0.00989
25.443,-0.13084,-0.00955
25.444,-0.13263,-0.00911
25.445,-0.13391,-0.00857
25.446,-0.13464,-0.00792
25.447,-0.13481,-0.00719
25.448,-0.13443,-0.00639
25.449,-0.13356,-0.00557
25.45,-0.13226,-0.00476
25.451,-0.13062,-0.00398
25.452,-0.12875,-0.00326
25.453,-0.12676,-0.00262
25.454,-0.12477,-0.0021
25.455,-0.12289,-0.00168
25.456,-0.12123,-0.00136
25.457,-0.11988,-0.00115
25.458,-0.11891,-0.00104
25.459,-0.11837,-0.00102
25.46,-0.11831,-0.00107
25.461,-0.11873,-0.00118
25.462,-0.11962,-0.00134
25.463,-0.12091,-0.00155
25.464,-0.12256,-0.0018
25.465,-0.12448,-0.00209
25.466,-0.12656,-0.00241
25.467,-0.12868,-0.00276
25.468,-0.13067,-0.00312
25.469,-0.13246,-0.00351
25.47,-0.13393,-0.0039
25.471,-0.13496,-0.00428
25.472,-0.13547,-0.00463
25.473,-0.13532,-0.00494
25.474,-0.13457,-0.00519
25.475,-0.1332,-0.00536
25.476,-0.13127,-0.00544
25.477,-0.12878,-0.00542
25.478,-0.12576,-0.0053
25.479,-0.12238,-0.00507
25.48,-0.11874,-0.00475
25.481,-0.11494,-0.00434
25.482,-0.11105,-0.00386
25.483,-0.10709,-0.00333
25.484,-0.10318,-0.00278
25.485,-0.09935,-0.00224
25.486,-0.0956,-0.00173
25.487,-0.09189,-0.00127
25.488,-0.08813,-9.05E-04
25.489,-0.08438,-6.46E-04
25.49,-0.08052,-5.16E-04
25.491,-0.07651,-5.27E-04
25.492,-0.07231,-6.90E-04
25.493,-0.06786,-0.00101
25.494,-0.0633,-0.00147
25.495,-0.05863,-0.00207
25.496,-0.05391,-0.00278
25.497,-0.04926,-0.00357
25.498,-0.04477,-0.0044
25.499,-0.04073,-0.00524
25.5,-0.03722,-0.00604
25.501,-0.03436,-0.00675
25.502,-0.03226,-0.00733
25.503,-0.03093,-0.00775
25.504,-0.03054,-0.00798
25.505,-0.03095,-0.008
25.506,-0.03207,-0.00781
25.507,-0.03373,-0.00744
25.508,-0.03566,-0.0069
25.509,-0.03773,-0.00624
25.51,-0.03963,-0.00552
25.511,-0.04108,-0.0048
25.512,-0.04182,-0.00414
25.513,-0.04157,-0.00361
25.514,-0.0403,-0.00325
25.515,-0.03789,-0.00311
25.516,-0.03432,-0.00323
25.517,-0.02966,-0.00359
25.518,-0.024,-0.0042
25.519,-0.01769,-0.00502
25.52,-0.01096,-0.006
25.521,-0.00412,-0.00709
25.522,0.00254,-0.00821
25.523,0.00875,-0.00928
25.524,0.01416,-0.01023
25.525,0.01862,-0.01099
25.526,0.02201,-0.01153
25.527,0.0243,-0.0118
25.528,0.02556,-0.01176
25.529,0.02587,-0.01144
25.53,0.02548,-0.01085
25.531,0.02467,-0.01002
25.532,0.02371,-0.009
25.533,0.0229,-0.00784
25.534,0.02245,-0.00662
25.535,0.02264,-0.0054
25.536,0.02364,-0.00423
25.537,0.02551,-0.00317
25.538,0.02821,-0.00226
25.539,0.03156,-0.00154
25.54,0.0354,-0.00102
25.541,0.0395,-7.10E-04
25.542,0.04352,-6.03E-04
25.543,0.04713,-6.67E-04
25.544,0.04993,-8.85E-04
25.545,0.05168,-0.00121
25.546,0.05215,-0.0016
25.547,0.05121,-0.00201
25.548,0.04886,-0.00236
25.549,0.04512,-0.00263
25.55,0.04021,-0.00276
25.551,0.03442,-0.00271
25.552,0.02813,-0.00245
25.553,0.02181,-0.00196
25.554,0.0159,-0.00123
25.555,0.01086,-2.83E-04
25.556,0.0071,8.74E-04
25.557,0.00498,0.0022
25.558,0.00478,0.00362
25.559,0.0066,0.00509
25.56,0.01045,0.00653
25.561,0.01618,0.00787
25.562,0.02355,0.00903
25.563,0.03221,0.00995
25.564,0.04167,0.01056
25.565,0.05141,0.01083
25.566,0.06091,0.01074
25.567,0.06968,0.01029
25.568,0.07724,0.00948
25.569,0.08317,0.00836
25.57,0.08723,0.007
25.571,0.08928,0.00545
25.572,0.0893,0.0038
25.573,0.08741,0.00213
25.574,0.08382,5.04E-04
25.575,0.07892,-9.90E-04
25.576,0.07315,-0.0023
25.577,0.06695,-0.00338
25.578,0.06079,-0.0042
25.579,0.0551,-0.00476
25.58,0.05032,-0.00506
25.581,0.04676,-0.00513
25.582,0.04461,-0.005
25.583,0.04392,-0.00471
25.584,0.04465,-0.0043
25.585,0.04666,-0.00383
25.586,0.04971,-0.00334
25.587,0.05347,-0.00286
25.588,0.05754,-0.00241
25.589,0.06152,-0.00202
25.59,0.06502,-0.00169
25.591,0.06772,-0.00144
25.592,0.06936,-0.00125
25.593,0.06974,-0.00111
25.594,0.06882,-0.001
25.595,0.0666,-9.07E-04
25.596,0.06323,-8.12E-04
25.597,0.05892,-6.99E-04
25.598,0.05395,-5.49E-04
25.599,0.0487,-3.54E-04
25.6,0.04349,-1.04E-04
25.601,0.03865,2.03E-04
25.602,0.03448,5.62E-04
25.603,0.03122,9.70E-04
25.604,0.02907,0.00141
25.605,0.02807,0.00186
25.606,0.02821,0.00232
25.607,0.02939,0.00275
25.608,0.03146,0.00315
25.609,0.03419,0.00347
25.61,0.03731,0.00371
25.611,0.04056,0.00386
25.612,0.04368,0.0039
25.613,0.04646,0.00383
25.614,0.04873,0.00366
25.615,0.05038,0.0034
25.616,0.05138,0.00307
25.617,0.05174,0.00271
25.618,0.05153,0.00233
25.619,0.05092,0.00197
25.62,0.05007,0.00166
25.621,0.04914,0.00143
25.622,0.0483,0.00128
25.623,0.04765,0.00122
25.624,0.04731,0.00125
25.625,0.04734,0.00135
25.626,0.0477,0.00151
25.627,0.04832,0.00167
25.628,0.04906,0.00182
25.629,0.04977,0.0019
25.63,0.05025,0.00188
25.631,0.05034,0.00174
25.632,0.04987,0.00146
25.633,0.0487,0.00103
25.634,0.04674,4.68E-04
25.635,0.044,-1.99E-04
25.636,0.04053,-9.36E-04
25.637,0.03646,-0.00169
25.638,0.032,-0.00241
25.639,0.02741,-0.00304
25.64,0.02295,-0.00351
25.641,0.01892,-0.0038
25.642,0.0156,-0.00387
25.643,0.01325,-0.00371
25.644,0.01209,-0.00331
25.645,0.01222,-0.0027
25.646,0.01364,-0.00192
25.647,0.01633,-0.001
25.648,0.02015,-2.74E-05
25.649,0.02487,9.56E-04
25.65,0.03019,0.00188
25.651,0.03578,0.0027
25.652,0.0413,0.00335
25.653,0.0464,0.00381
25.654,0.05077,0.00405
25.655,0.05417,0.00407
25.656,0.05641,0.00389
25.657,0.05741,0.00352
25.658,0.05718,0.00299
25.659,0.0558,0.00234
25.66,0.05347,0.00161
25.661,0.05044,8.54E-04
25.662,0.047,9.57E-05
25.663,0.04342,-6.32E-04
25.664,0.04004,-0.0013
25.665,0.03713,-0.0019
25.666,0.03492,-0.00242
25.667,0.03356,-0.00286
25.668,0.03309,-0.00322
25.669,0.0335,-0.00351
25.67,0.03472,-0.00374
25.671,0.03657,-0.00394
25.672,0.03883,-0.0041
25.673,0.04123,-0.00423
25.674,0.0435,-0.00435
25.675,0.04538,-0.00444
25.676,0.04665,-0.00453
25.677,0.04714,-0.00459
25.678,0.04674,-0.00461
25.679,0.04543,-0.00459
25.68,0.04325,-0.0045
25.681,0.0403,-0.00433
25.682,0.03679,-0.00407
25.683,0.03295,-0.00372
25.684,0.02905,-0.00325
25.685,0.02534,-0.00267
25.686,0.02206,-0.00199
25.687,0.01943,-0.00123
25.688,0.01767,-4.15E-04
25.689,0.01687,4.29E-04
25.69,0.01706,0.00126
25.691,0.01823,0.00203
25.692,0.0203,0.0027
25.693,0.02316,0.00322
25.694,0.02662,0.00355
25.695,0.03049,0.00366
25.696,0.03455,0.00353
25.697,0.03861,0.00315
25.698,0.04249,0.00254
25.699,0.04605,0.00171
25.7,0.04917,7.27E-04
25.701,0.0518,-3.62E-04
25.702,0.0539,-0.00149
25.703,0.05548,-0.0026
25.704,0.05658,-0.00361
25.705,0.05729,-0.00445
25.706,0.05767,-0.00508
25.707,0.0578,-0.00546
25.708,0.05771,-0.00558
25.709,0.05746,-0.00543
25.71,0.05709,-0.00506
25.711,0.0566,-0.00449
25.712,0.05597,-0.00379
25.713,0.05514,-0.00303
25.714,0.05404,-0.00228
25.715,0.05265,-0.00162
25.716,0.05092,-0.0011
25.717,0.04882,-7.88E-04
25.718,0.04635,-6.99E-04
25.719,0.04349,-8.51E-04
25.72,0.04032,-0.00124
25.721,0.03694,-0.00183
25.722,0.03345,-0.00259
25.723,0.03002,-0.00344
25.724,0.02681,-0.00433
25.725,0.02398,-0.00517
25.726,0.02169,-0.00592
25.727,0.02008,-0.00651
25.728,0.01929,-0.00688
25.729,0.01942,-0.00701
25.73,0.02047,-0.00689
25.731,0.02241,-0.0065
25.732,0.02519,-0.00588
25.733,0.02867,-0.00504
25.734,0.03273,-0.00405
25.735,0.03713,-0.00294
25.736,0.04167,-0.00178
25.737,0.0461,-6.16E-04
25.738,0.0502,4.87E-04
25.739,0.05376,0.00148
25.74,0.0566,0.00231
25.741,0.05858,0.00295
25.742,0.05961,0.00338
25.743,0.05966,0.00359
25.744,0.05872,0.00357
25.745,0.05689,0.00335
25.746,0.05429,0.00294
25.747,0.05108,0.00238
25.748,0.04745,0.00172
25.749,0.04359,9.94E-04
25.75,0.03976,2.67E-04
25.751,0.03616,-4.09E-04
25.752,0.03298,-9.85E-04
25.753,0.03041,-0.00141
25.754,0.02855,-0.00167
25.755,0.02752,-0.00171
25.756,0.02735,-0.00154
25.757,0.02805,-0.00115
25.758,0.02956,-5.70E-04
25.759,0.03179,1.76E-04
25.76,0.03459,0.00104
25.761,0.0378,0.00199
25.762,0.04126,0.00295
25.763,0.04475,0.00386
25.764,0.04809,0.00469
25.765,0.05107,0.00537
25.766,0.05353,0.00589
25.767,0.05534,0.0062
25.768,0.0564,0.00631
25.769,0.05665,0.00622
25.77,0.05609,0.00594
25.771,0.05474,0.00552
25.772,0.05271,0.00497
25.773,0.05012,0.00434
25.774,0.04714,0.00367
25.775,0.04398,0.003
25.776,0.04085,0.00236
25.777,0.03796,0.00178
25.778,0.03551,0.00128
25.779,0.03368,8.63E-04
25.78,0.03262,5.31E-04
25.781,0.03244,2.84E-04
25.782,0.03316,1.12E-04
25.783,0.03474,5.35E-06
25.784,0.03712,-4.63E-05
25.785,0.04013,-5.32E-05
25.786,0.04359,-2.25E-05
25.787,0.04727,4.17E-05
25.788,0.05089,1.37E-04
25.789,0.05419,2.65E-04
25.79,0.05692,4.24E-04
25.791,0.05884,6.11E-04
25.792,0.0598,8.24E-04
25.793,0.05965,0.00106
25.794,0.05838,0.00131
25.795,0.05601,0.00157
25.796,0.05264,0.00182
25.797,0.04847,0.00205
25.798,0.04371,0.00225
25.799,0.03868,0.00239
25.8,0.03371,0.00248
25.801,0.02909,0.00251
25.802,0.02512,0.00247
25.803,0.02202,0.00236
25.804,0.02003,0.0022
25.805,0.01926,0.002
25.806,0.01974,0.00176
25.807,0.02139,0.0015
25.808,0.02404,0.00123
25.809,0.0275,9.69E-04
25.81,0.03146,7.18E-04
25.811,0.0356,4.85E-04
25.812,0.03957,2.73E-04
25.813,0.04296,8.17E-05
25.814,0.04552,-8.96E-05
25.815,0.04696,-2.44E-04
25.816,0.04711,-3.85E-04
25.817,0.04584,-5.14E-04
25.818,0.04308,-6.34E-04
25.819,0.03899,-7.43E-04
25.82,0.03372,-8.42E-04
25.821,0.02751,-9.30E-04
25.822,0.02063,-0.001
25.823,0.01338,-0.00106
25.824,0.00618,-0.00109
25.825,-6.64E-04,-0.00111
25.826,-0.00687,-0.00112
25.827,-0.01222,-0.00111
25.828,-0.01655,-0.0011
25.829,-0.01972,-0.00108
25.83,-0.02175,-0.00107
25.831,-0.02274,-0.00106
25.832,-0.0228,-0.00106
25.833,-0.02216,-0.00108
25.834,-0.02099,-0.00109
25.835,-0.01958,-0.0011
25.836,-0.01818,-0.0011
25.837,-0.017,-0.00109
25.838,-0.01621,-0.00105
25.839,-0.01589,-9.81E-04
25.84,-0.01616,-8.79E-04
25.841,-0.01701,-7.46E-04
25.842,-0.01838,-5.89E-04
25.843,-0.02013,-4.17E-04
25.844,-0.0221,-2.44E-04
25.845,-0.02415,-8.57E-05
25.846,-0.02612,4.32E-05
25.847,-0.02784,1.29E-04
25.848,-0.02908,1.60E-04
25.849,-0.02977,1.32E-04
25.85,-0.02986,4.36E-05
25.851,-0.02932,-9.68E-05
25.852,-0.02815,-2.78E-04
25.853,-0.0263,-4.81E-04
25.854,-0.02392,-6.88E-04
25.855,-0.02109,-8.77E-04
25.856,-0.01789,-0.00103
25.857,-0.01439,-0.00112
25.858,-0.01059,-0.00115
25.859,-0.00662,-0.00111
25.86,-0.00247,-9.94E-04
25.861,0.00186,-8.23E-04
25.862,0.00639,-6.08E-04
25.863,0.01117,-3.65E-04
25.864,0.01614,-1.19E-04
25.865,0.02134,1.08E-04
25.866,0.02674,2.99E-04
25.867,0.03231,4.41E-04
25.868,0.03794,5.27E-04
25.869,0.04345,5.51E-04
25.87,0.04871,5.19E-04
25.871,0.05355,4.40E-04
25.872,0.05778,3.29E-04
25.873,0.06123,2.08E-04
25.874,0.06364,9.02E-05
25.875,0.06496,-6.71E-06
25.876,0.06516,-6.88E-05
25.877,0.06423,-8.45E-05
25.878,0.06224,-4.34E-05
25.879,0.05929,5.31E-05
25.88,0.05565,2.06E-04
25.881,0.05163,4.10E-04
25.882,0.04753,6.61E-04
25.883,0.04364,9.52E-04
25.884,0.04026,0.00127
25.885,0.0377,0.00162
25.886,0.03616,0.00198
25.887,0.03579,0.00236
25.888,0.03662,0.00274
25.889,0.03856,0.00311
25.89,0.04147,0.00347
25.891,0.0451,0.00381
25.892,0.04915,0.00411
25.893,0.0533,0.00436
25.894,0.05716,0.00455
25.895,0.06037,0.00465
25.896,0.06267,0.00467
25.897,0.06383,0.00459
25.898,0.06376,0.00442
25.899,0.06243,0.00416
25.9,0.05998,0.00381
25.901,0.0566,0.00341
25.902,0.05261,0.00299
25.903,0.04834,0.00256
25.904,0.04424,0.00218
25.905,0.04071,0.00186
25.906,0.03811,0.00164
25.907,0.03672,0.00154
25.908,0.03672,0.00158
25.909,0.03821,0.00177
25.91,0.04112,0.00208
25.911,0.04525,0.00251
25.912,0.05033,0.00302
25.913,0.05593,0.00358
25.914,0.06158,0.00416
25.915,0.06678,0.00471
25.916,0.07106,0.00519
25.917,0.07403,0.00558
25.918,0.07536,0.00587
25.919,0.07484,0.00605
25.92,0.07242,0.00611
25.921,0.06822,0.00609
25.922,0.06249,0.006
25.923,0.05567,0.00589
25.924,0.04822,0.00578
25.925,0.04073,0.00573
25.926,0.03378,0.00577
25.927,0.02793,0.00593
25.928,0.02376,0.00623
25.929,0.02159,0.00667
25.93,0.02165,0.00725
25.931,0.02398,0.00795
25.932,0.02853,0.00875
25.933,0.03512,0.0096
25.934,0.04321,0.01045
25.935,0.05227,0.01126
25.936,0.0617,0.01196
25.937,0.07092,0.01252
25.938,0.07943,0.01289
25.939,0.08667,0.01303
25.94,0.09231,0.01293
25.941,0.09617,0.01258
25.942,0.0982,0.01198
25.943,0.09852,0.01115
25.944,0.09762,0.01014
25.945,0.09605,0.009
25.946,0.09443,0.0078
25.947,0.09325,0.00659
25.948,0.09277,0.00544
25.949,0.09394,0.00444
25.95,0.0972,0.00365
25.951,0.10277,0.00312
25.952,0.11036,0.0029
25.953,0.11897,0.00297
25.954,0.12864,0.00335
25.955,0.1385,0.00403
25.956,0.14756,0.00494
25.957,0.15436,0.00601
25.958,0.15677,0.00712
25.959,0.15415,0.0082
25.96,0.14518,0.00912
25.961,0.12884,0.00978
25.962,0.10414,0.01007
25.963,0.07007,0.00989
25.964,0.02705,0.0092
25.965,-0.02475,0.00797
25.966,-0.08461,0.0062
25.967,-0.15141,0.00392
25.968,-0.22358,0.0012
25.969,-0.2989,-0.00185
25.97,-0.37551,-0.0051
25.971,-0.45127,-0.00842
25.972,-0.5237,-0.01167
25.973,-0.58997,-0.01468
25.974,-0.64777,-0.01731
25.975,-0.69565,-0.01947
25.976,-0.73225,-0.02106
25.977,-0.75617,-0.02205
25.978,-0.76599,-0.02237
25.979,-0.76142,-0.02205
25.98,-0.74333,-0.02115
25.981,-0.71267,-0.01974
25.982,-0.67032,-0.01793
25.983,-0.61729,-0.01579
25.984,-0.55543,-0.01345
25.985,-0.48738,-0.01103
25.986,-0.41548,-0.00865
25.987,-0.34177,-0.0064
25.988,-0.26817,-0.00434
25.989,-0.19692,-0.00252
25.99,-0.13007,-9.91E-04
25.991,-0.0692,2.36E-04
25.992,-0.01551,0.00117
25.993,0.03021,0.00185
25.994,0.06701,0.00229
25.995,0.09503,0.00255
25.996,0.11458,0.00268
25.997,0.1261,0.00273
25.998,0.13044,0.00275
25.999,0.1279,0.00277
26,0.12036,0.00283
26.001,0.10923,0.00298
26.002,0.09567,0.00321
26.003,0.08097,0.00353
26.004,0.06556,0.00391
26.005,0.05116,0.00436
26.006,0.03875,0.00484
26.007,0.02889,0.00533
26.008,0.02196,0.00578
26.009,0.0176,0.00614
26.01,0.01619,0.0064
26.011,0.0176,0.00652
26.012,0.02141,0.00649
26.013,0.02705,0.00629
26.014,0.03369,0.00592
26.015,0.04078,0.0054
26.016,0.04774,0.00475
26.017,0.05401,0.00401
26.018,0.0591,0.00322
26.019,0.06262,0.00244
26.02,0.06432,0.00172
26.021,0.06413,0.0011
26.022,0.06214,6.15E-04
26.023,0.05859,3.01E-04
26.024,0.05387,1.75E-04
26.025,0.04835,2.33E-04
26.026,0.04249,4.60E-04
26.027,0.03676,8.24E-04
26.028,0.03167,0.00128
26.029,0.02764,0.00178
26.03,0.02498,0.00226
26.031,0.02387,0.00267
26.032,0.02441,0.00296
26.033,0.02659,0.00308
26.034,0.03022,0.00302
26.035,0.03503,0.00275
26.036,0.04071,0.00228
26.037,0.04687,0.00163
26.038,0.0531,8.39E-04
26.039,0.05899,-4.98E-05
26.04,0.06419,-9.85E-04
26.041,0.06845,-0.00191
26.042,0.07158,-0.00278
26.043,0.07346,-0.00352
26.044,0.07414,-0.0041
26.045,0.07373,-0.0045
26.046,0.07243,-0.00468
26.047,0.07048,-0.00465
26.048,0.06812,-0.00442
26.049,0.06568,-0.00399
26.05,0.06342,-0.0034
26.051,0.06157,-0.00269
26.052,0.06024,-0.00189
26.053,0.05949,-0.00105
26.054,0.05929,-2.08E-04
26.055,0.05956,5.95E-04
26.056,0.06014,0.00132
26.057,0.0608,0.00195
26.058,0.06129,0.00245
26.059,0.06134,0.00282
26.06,0.06075,0.00306
26.061,0.05937,0.00315
26.062,0.05709,0.00312
26.063,0.05391,0.00299
26.064,0.04992,0.00278
26.065,0.04527,0.00252
26.066,0.04021,0.00226
26.067,0.03504,0.00203
26.068,0.0301,0.00184
26.069,0.02576,0.00173
26.07,0.0223,0.00173
26.071,0.01998,0.00185
26.072,0.01899,0.00209
26.073,0.01942,0.00242
26.074,0.02131,0.00283
26.075,0.02451,0.00327
26.076,0.0288,0.00371
26.077,0.0339,0.00409
26.078,0.03944,0.00435
26.079,0.04508,0.00445
26.08,0.0504,0.00434
26.081,0.05504,0.00399
26.082,0.05871,0.00339
26.083,0.06114,0.00253
26.084,0.06222,0.00144
26.085,0.06193,1.59E-04
26.086,0.06032,-0.00127
26.087,0.05755,-0.00277
26.088,0.05381,-0.00426
26.089,0.04943,-0.00566
26.09,0.04473,-0.0069
26.091,0.04002,-0.00792
26.092,0.03559,-0.00865
26.093,0.03164,-0.00905
26.094,0.02839,-0.00909
26.095,0.02593,-0.00879
26.096,0.02427,-0.00817
26.097,0.02334,-0.00726
26.098,0.02297,-0.00612
26.099,0.02302,-0.00479
26.1,0.02324,-0.00337
26.101,0.02343,-0.00192
26.102,0.02334,-5.12E-04
26.103,0.02279,7.94E-04
26.104,0.02171,0.00195
26.105,0.02001,0.0029
26.106,0.01772,0.00363
26.107,0.0149,0.00411
26.108,0.01167,0.00435
26.109,0.0083,0.00433
26.11,0.00497,0.0041
26.111,0.00189,0.00366
26.112,-7.52E-04,0.00305
26.113,-0.00284,0.00231
26.114,-0.00416,0.00147
26.115,-0.00475,5.82E-04
26.116,-0.00464,-3.21E-04
26.117,-0.00395,-0.0012
26.118,-0.00291,-0.00201
26.119,-0.00166,-0.00273
26.12,-4.99E-04,-0.00334
26.121,3.08E-04,-0.0038
26.122,5.10E-04,-0.00411
26.123,-1.29E-04,-0.00427
26.124,-0.0017,-0.00427
26.125,-0.00429,-0.00414
26.126,-0.00789,-0.0039
26.127,-0.01242,-0.00356
26.128,-0.01771,-0.00315
26.129,-0.02347,-0.00271
26.13,-0.02943,-0.00226
26.131,-0.03529,-0.00183
26.132,-0.04074,-0.00143
26.133,-0.04552,-0.00109
26.134,-0.04931,-8.03E-04
26.135,-0.05198,-5.68E-04
26.136,-0.05345,-3.83E-04
26.137,-0.05371,-2.36E-04
26.138,-0.05287,-1.14E-04
26.139,-0.05102,-3.39E-07
26.14,-0.04844,1.18E-04
26.141,-0.04539,2.49E-04
26.142,-0.04218,3.95E-04
26.143,-0.03916,5.50E-04
26.144,-0.03654,7.05E-04
26.145,-0.0346,8.50E-04
26.146,-0.03355,9.66E-04
26.147,-0.0335,0.00103
26.148,-0.03455,0.00103
26.149,-0.0366,9.49E-04
26.15,-0.03958,7.70E-04
26.151,-0.04336,4.97E-04
26.152,-0.04775,1.33E-04
26.153,-0.05254,-3.10E-04
26.154,-0.05744,-8.13E-04
26.155,-0.06222,-0.00135
26.156,-0.0667,-0.00189
26.157,-0.0707,-0.00241
26.158,-0.07411,-0.00287
26.159,-0.0768,-0.00325
26.16,-0.07872,-0.00353
26.161,-0.07992,-0.00369
26.162,-0.08044,-0.00373
26.163,-0.08045,-0.00364
26.164,-0.07996,-0.00343
26.165,-0.07915,-0.00312
26.166,-0.07817,-0.00273
26.167,-0.07717,-0.00227
26.168,-0.07635,-0.00178
26.169,-0.07576,-0.00128
26.17,-0.07553,-8.03E-04
26.171,-0.07576,-3.65E-04
26.172,-0.07653,7.59E-06
26.173,-0.07796,2.88E-04
26.174,-0.07997,4.67E-04
26.175,-0.08262,5.29E-04
26.176,-0.08591,4.67E-04
26.177,-0.08981,2.78E-04
26.178,-0.09431,-4.12E-05
26.179,-0.09927,-4.74E-04
26.18,-0.10463,-0.001
26.181,-0.1103,-0.00161
26.182,-0.11616,-0.00226
26.183,-0.12208,-0.00294
26.184,-0.12785,-0.00361
26.185,-0.13334,-0.00423
26.186,-0.13841,-0.00477
26.187,-0.14291,-0.00522
26.188,-0.14669,-0.00557
26.189,-0.14956,-0.00579
26.19,-0.1515,-0.00591
26.191,-0.15245,-0.00593
26.192,-0.1524,-0.00588
26.193,-0.15138,-0.0058
26.194,-0.1494,-0.00571
26.195,-0.14665,-0.00567
26.196,-0.14329,-0.00571
26.197,-0.13951,-0.00587
26.198,-0.13554,-0.00614
26.199,-0.13154,-0.00653
26.2,-0.12778,-0.00705
26.201,-0.12447,-0.00765
26.202,-0.12179,-0.00831
26.203,-0.11988,-0.00895
26.204,-0.11881,-0.00952
26.205,-0.11862,-0.00996
26.206,-0.11929,-0.01021
26.207,-0.12077,-0.01022
26.208,-0.12293,-0.00994
26.209,-0.12563,-0.00937
26.21,-0.12868,-0.0085
26.211,-0.1319,-0.00736
26.212,-0.13508,-0.00599
26.213,-0.13803,-0.00446
26.214,-0.14063,-0.00283
26.215,-0.14275,-0.00119
26.216,-0.14433,3.72E-04
26.217,-0.14529,0.00178
26.218,-0.14558,0.00296
26.219,-0.14529,0.00385
26.22,-0.1445,0.00441
26.221,-0.14328,0.00463
26.222,-0.14168,0.0045
26.223,-0.1397,0.00404
26.224,-0.1375,0.00328
26.225,-0.13512,0.00228
26.226,-0.13258,0.0011
26.227,-0.12984,-1.96E-04
26.228,-0.12683,-0.00155
26.229,-0.12355,-0.00289
26.23,-0.11994,-0.00417
26.231,-0.11592,-0.00532
26.232,-0.11144,-0.00632
26.233,-0.10643,-0.00713
26.234,-0.10095,-0.00775
26.235,-0.09502,-0.00817
26.236,-0.0887,-0.0084
26.237,-0.08212,-0.00846
26.238,-0.07544,-0.00836
26.239,-0.06893,-0.00814
26.24,-0.06279,-0.00783
26.241,-0.05723,-0.00746
26.242,-0.05247,-0.00708
26.243,-0.04868,-0.00669
26.244,-0.04616,-0.00633
26.245,-0.04496,-0.00602
26.246,-0.04508,-0.00577
26.247,-0.0465,-0.00558
26.248,-0.04901,-0.00546
26.249,-0.0526,-0.00538
26.25,-0.05692,-0.00534
26.251,-0.06164,-0.00532
26.252,-0.0664,-0.0053
26.253,-0.07071,-0.00526
26.254,-0.07435,-0.00519
26.255,-0.07691,-0.00508
26.256,-0.07807,-0.00491
26.257,-0.07759,-0.0047
26.258,-0.07521,-0.00445
26.259,-0.07099,-0.00417
26.26,-0.06495,-0.00389
26.261,-0.05722,-0.00361
26.262,-0.04801,-0.00337
26.263,-0.03757,-0.00318
26.264,-0.02639,-0.00305
26.265,-0.01488,-0.00299
26.266,-0.00345,-0.00299
26.267,0.00748,-0.00305
26.268,0.01753,-0.00315
26.269,0.02626,-0.00327
26.27,0.03343,-0.00338
26.271,0.0389,-0.00346
26.272,0.04257,-0.00347
26.273,0.04448,-0.00341
26.274,0.04463,-0.00326
26.275,0.04332,-0.00302
26.276,0.04085,-0.00269
26.277,0.03752,-0.0023
26.278,0.03372,-0.00187
26.279,0.02971,-0.00142
26.28,0.02594,-9.82E-04
26.281,0.02273,-5.93E-04
26.282,0.02032,-2.74E-04
26.283,0.01892,-3.96E-05
26.284,0.01851,9.57E-05
26.285,0.01917,1.37E-04
26.286,0.02087,9.64E-05
26.287,0.02345,-5.98E-06
26.288,0.02673,-1.43E-04
26.289,0.03039,-2.87E-04
26.29,0.03421,-4.06E-04
26.291,0.03794,-4.71E-04
26.292,0.04135,-4.62E-04
26.293,0.04424,-3.66E-04
26.294,0.04643,-1.79E-04
26.295,0.04785,9.39E-05
26.296,0.04849,4.40E-04
26.297,0.04838,8.37E-04
26.298,0.04765,0.00126
26.299,0.04645,0.00166
26.3,0.04496,0.00204
26.301,0.04339,0.00235
26.302,0.04195,0.00258
26.303,0.04082,0.00271
26.304,0.04014,0.00273
26.305,0.04003,0.00265
26.306,0.04055,0.00246
26.307,0.04168,0.00219
26.308,0.04336,0.00185
26.309,0.04544,0.00146
26.31,0.04779,0.00102
26.311,0.05022,5.75E-04
26.312,0.05254,1.25E-04
26.313,0.05455,-3.06E-04
26.314,0.05605,-7.10E-04
26.315,0.0569,-0.00107
26.316,0.05702,-0.00139
26.317,0.05637,-0.00166
26.318,0.05497,-0.00185
26.319,0.05288,-0.00197
26.32,0.05023,-0.00202
26.321,0.04719,-0.00198
26.322,0.04395,-0.00186
26.323,0.04076,-0.00164
26.324,0.03784,-0.00134
26.325,0.03538,-9.51E-04
26.326,0.03355,-4.91E-04
26.327,0.03252,3.29E-05
26.328,0.03239,6.08E-04
26.329,0.03319,0.00122
26.33,0.03491,0.00184
26.331,0.03748,0.00245
26.332,0.04079,0.00304
26.333,0.04469,0.0036
26.334,0.04899,0.00409
26.335,0.0535,0.00452
26.336,0.05801,0.00487
26.337,0.06234,0.00514
26.338,0.06628,0.00532
26.339,0.0697,0.00541
26.34,0.07249,0.00541
26.341,0.07457,0.00533
26.342,0.07591,0.00517
26.343,0.07646,0.00494
26.344,0.07626,0.00465
26.345,0.07538,0.0043
26.346,0.0739,0.00392
26.347,0.0719,0.00352
26.348,0.06944,0.00312
26.349,0.06663,0.00275
26.35,0.06358,0.00243
26.351,0.06038,0.00218
26.352,0.05711,0.00204
26.353,0.05383,0.00202
26.354,0.05061,0.00213
26.355,0.04752,0.00238
26.356,0.04463,0.00277
26.357,0.04198,0.00327
26.358,0.03963,0.00386
26.359,0.03763,0.0045
26.36,0.03601,0.00515
26.361,0.0348,0.00574
26.362,0.03403,0.00624
26.363,0.03373,0.00658
26.364,0.03389,0.00673
26.365,0.03447,0.00665
26.366,0.03541,0.00633
26.367,0.03667,0.00576
26.368,0.03818,0.00497
26.369,0.03987,0.00399
26.37,0.04162,0.00286
26.371,0.04333,0.00165
26.372,0.04492,4.26E-04
26.373,0.04635,-7.49E-04
26.374,0.04756,-0.0018
26.375,0.04854,-0.00268
26.376,0.04927,-0.00333
26.377,0.04979,-0.00373
26.378,0.05015,-0.00386
26.379,0.05042,-0.00372
26.38,0.05069,-0.00334
26.381,0.05105,-0.00275
26.382,0.05156,-0.002
26.383,0.05225,-0.00115
26.384,0.05317,-2.48E-04
26.385,0.05431,6.40E-04
26.386,0.05564,0.00146
26.387,0.05708,0.00216
26.388,0.0585,0.0027
26.389,0.05977,0.00305
26.39,0.06075,0.00319
26.391,0.06131,0.00312
26.392,0.06131,0.00284
26.393,0.06062,0.00237
26.394,0.05918,0.00173
26.395,0.05697,9.54E-04
26.396,0.05402,8.53E-05
26.397,0.05041,-8.34E-04
26.398,0.04629,-0.00175
26.399,0.04185,-0.00261
26.4,0.0373,-0.00337
26.401,0.03288,-0.004
26.402,0.02884,-0.00444
26.403,0.0254,-0.00465
26.404,0.0228,-0.00463
26.405,0.02116,-0.00436
26.406,0.02056,-0.00384
26.407,0.02105,-0.00308
26.408,0.02259,-0.00211
26.409,0.0251,-9.78E-04
26.41,0.02837,2.73E-04
26.411,0.03219,0.00158
26.412,0.03633,0.0029
26.413,0.04052,0.00416
26.414,0.04452,0.0053
26.415,0.04808,0.00629
26.416,0.051,0.00708
26.417,0.05314,0.00765
26.418,0.05439,0.008
26.419,0.05476,0.00812
26.42,0.05427,0.00804
26.421,0.05303,0.0078
26.422,0.05116,0.00744
26.423,0.04883,0.00699
26.424,0.04623,0.00651
26.425,0.04358,0.00605
26.426,0.04103,0.00564
26.427,0.03875,0.00532
26.428,0.03684,0.00511
26.429,0.03538,0.00501
26.43,0.03439,0.00503
26.431,0.03387,0.00517
26.432,0.03376,0.0054
26.433,0.03398,0.00569
26.434,0.03441,0.00602
26.435,0.03496,0.00636
26.436,0.03552,0.00667
26.437,0.03602,0.00693
26.438,0.03638,0.00712
26.439,0.03659,0.00721
26.44,0.03663,0.00718
26.441,0.03653,0.00704
26.442,0.03635,0.00678
26.443,0.03616,0.00641
26.444,0.03604,0.00595
26.445,0.03607,0.00541
26.446,0.03629,0.00483
26.447,0.03676,0.00423
26.448,0.03748,0.00365
26.449,0.03845,0.00313
26.45,0.03961,0.0027
26.451,0.04089,0.0024
26.452,0.0422,0.00226
26.453,0.04342,0.0023
26.454,0.04444,0.00254
26.455,0.04515,0.00297
26.456,0.04549,0.00359
26.457,0.04539,0.00437
26.458,0.04483,0.0053
26.459,0.04382,0.00633
26.46,0.0424,0.00739
26.461,0.04065,0.00846
26.462,0.0387,0.00946
26.463,0.03669,0.01038
26.464,0.03474,0.01115
26.465,0.03299,0.01175
26.466,0.03157,0.01218
26.467,0.03059,0.01243
26.468,0.03014,0.01253
26.469,0.03026,0.01249
26.47,0.03096,0.01237
26.471,0.03222,0.0122
26.472,0.03397,0.01204
26.473,0.03614,0.01192
26.474,0.03863,0.01188
26.475,0.0413,0.01195
26.476,0.04405,0.01214
26.477,0.04675,0.01245
26.478,0.04927,0.01284
26.479,0.05152,0.0133
26.48,0.05341,0.01378
26.481,0.05487,0.01424
26.482,0.05587,0.01463
26.483,0.05637,0.01488
26.484,0.05635,0.01495
26.485,0.05584,0.01481
26.486,0.05485,0.01446
26.487,0.05344,0.01386
26.488,0.05166,0.01303
26.489,0.04958,0.01198
26.49,0.04729,0.01075
26.491,0.04489,0.00938
26.492,0.04248,0.0079
26.493,0.04017,0.00638
26.494,0.03806,0.00487
26.495,0.03627,0.00341
26.496,0.03491,0.00205
26.497,0.03404,8.29E-04
26.498,0.03371,-2.16E-04
26.499,0.03396,-0.00105
26.5,0.03477,-0.00167
26.501,0.0361,-0.00205
26.502,0.03786,-0.00221
26.503,0.03993,-0.00212
26.504,0.04219,-0.00181
26.505,0.04445,-0.00128
26.506,0.04653,-5.78E-04
26.507,0.04828,2.80E-04
26.508,0.04955,0.00126
26.509,0.05024,0.00234
26.51,0.05028,0.00346
26.511,0.04964,0.00459
26.512,0.04837,0.00568
26.513,0.04654,0.00669
26.514,0.04432,0.00761
26.515,0.0419,0.0084
26.516,0.0395,0.00904
26.517,0.03731,0.00951
26.518,0.03553,0.00982
26.519,0.03435,0.00996
26.52,0.03388,0.00994
26.521,0.03419,0.00979
26.522,0.03526,0.00952
26.523,0.03699,0.00913
26.524,0.03922,0.00866
26.525,0.04172,0.00812
26.526,0.04423,0.00753
26.527,0.04647,0.0069
26.528,0.04818,0.00625
26.529,0.04909,0.00558
26.53,0.049,0.00491
26.531,0.04783,0.00425
26.532,0.04553,0.00361
26.533,0.0422,0.00301
26.534,0.03803,0.00245
26.535,0.0333,0.00195
26.536,0.02833,0.00154
26.537,0.02351,0.00122
26.538,0.01924,0.001
26.539,0.01591,9.06E-04
26.54,0.01383,9.23E-04
26.541,0.01324,0.00105
26.542,0.01426,0.00126
26.543,0.0169,0.00156
26.544,0.02102,0.00191
26.545,0.02637,0.00228
26.546,0.03256,0.00265
26.547,0.03917,0.00298
26.548,0.04571,0.00324
26.549,0.05165,0.00342
26.55,0.05653,0.0035
26.551,0.05995,0.00347
26.552,0.06164,0.00335
26.553,0.06144,0.00313
26.554,0.05935,0.00284
26.555,0.05555,0.0025
26.556,0.05034,0.00214
26.557,0.04412,0.00176
26.558,0.03738,0.0014
26.559,0.03072,0.00108
26.56,0.02468,7.90E-04
26.561,0.01977,5.47E-04
26.562,0.0164,3.44E-04
26.563,0.0148,1.75E-04
26.564,0.01514,3.00E-05
26.565,0.01738,-1.03E-04
26.566,0.02131,-2.35E-04
26.567,0.02656,-3.75E-04
26.568,0.0326,-5.28E-04
26.569,0.03889,-6.93E-04
26.57,0.04481,-8.70E-04
26.571,0.0498,-0.00105
26.572,0.0533,-0.00123
26.573,0.05486,-0.00138
26.574,0.05426,-0.00151
26.575,0.05138,-0.0016
26.576,0.04632,-0.00164
26.577,0.0393,-0.00164
26.578,0.03069,-0.00159
26.579,0.0211,-0.00149
26.58,0.01112,-0.00136
26.581,0.00138,-0.00119
26.582,-0.00755,-0.00101
26.583,-0.01515,-8.21E-04
26.584,-0.02093,-6.20E-04
26.585,-0.02465,-4.16E-04
26.586,-0.02622,-2.10E-04
26.587,-0.02574,-1.10E-06
26.588,-0.02346,2.11E-04
26.589,-0.01971,4.31E-04
26.59,-0.01503,6.61E-04
26.591,-0.00997,9.02E-04
26.592,-0.0051,0.00115
26.593,-9.94E-04,0.00139
26.594,0.00195,0.00163
26.595,0.00333,0.00184
26.596,0.00293,0.00201
26.597,7.16E-04,0.00213
26.598,-0.00324,0.00218
26.599,-0.00865,0.00214
26.6,-0.01521,0.00202
26.601,-0.02248,0.00181
26.602,-0.02999,0.00151
26.603,-0.0372,0.00112
26.604,-0.04365,6.76E-04
26.605,-0.049,1.85E-04
26.606,-0.053,-3.27E-04
26.607,-0.05545,-8.36E-04
26.608,-0.0562,-0.00132
26.609,-0.05539,-0.00174
26.61,-0.05319,-0.0021
26.611,-0.04985,-0.00236
26.612,-0.04563,-0.00252
26.613,-0.04072,-0.00257
26.614,-0.03551,-0.00251
26.615,-0.03023,-0.00235
26.616,-0.02508,-0.0021
26.617,-0.02014,-0.00176
26.618,-0.01535,-0.00137
26.619,-0.01075,-9.40E-04
26.62,-0.00623,-5.03E-04
26.621,-0.00165,-8.69E-05
26.622,0.00317,2.80E-04
26.623,0.00843,5.67E-04
26.624,0.01417,7.49E-04
26.625,0.02047,7.97E-04
26.626,0.02734,6.92E-04
26.627,0.03469,4.22E-04
26.628,0.04238,-1.21E-05
26.629,0.05006,-6.04E-04
26.63,0.05754,-0.00133
26.631,0.06452,-0.00217
26.632,0.07069,-0.00308
26.633,0.07573,-0.004
26.634,0.07931,-0.00487
26.635,0.08137,-0.00564
26.636,0.08187,-0.00625
26.637,0.08082,-0.00664
26.638,0.07833,-0.00678
26.639,0.07455,-0.00664
26.64,0.06986,-0.00621
26.641,0.06463,-0.00552
26.642,0.05923,-0.00458
26.643,0.05403,-0.00347
26.644,0.04932,-0.00223
26.645,0.04542,-9.69E-04
26.646,0.04257,2.43E-04
26.647,0.04086,0.00132
26.648,0.04036,0.00219
26.649,0.04094,0.00279
26.65,0.04247,0.00307
26.651,0.04473,0.00302
26.652,0.04749,0.00265
26.653,0.05048,0.00198
26.654,0.05342,0.00106
26.655,0.05608,-3.05E-05
26.656,0.05828,-0.00121
26.657,0.05992,-0.0024
26.658,0.06097,-0.00352
26.659,0.06146,-0.00449
26.66,0.06147,-0.00524
26.661,0.06115,-0.00573
26.662,0.06068,-0.00594
26.663,0.06024,-0.00588
26.664,0.06002,-0.00555
26.665,0.06016,-0.00502
26.666,0.06076,-0.00432
26.667,0.06185,-0.00353
26.668,0.06341,-0.00272
26.669,0.06537,-0.00197
26.67,0.06759,-0.00133
26.671,0.06993,-8.73E-04
26.672,0.07218,-6.21E-04
26.673,0.07414,-6.00E-04
26.674,0.07562,-8.14E-04
26.675,0.07649,-0.00125
26.676,0.07669,-0.00188
26.677,0.07617,-0.00266
26.678,0.07496,-0.00352
26.679,0.07309,-0.00441
26.68,0.07071,-0.00525
26.681,0.06796,-0.00599
26.682,0.06506,-0.00658
26.683,0.06224,-0.00694
26.684,0.05958,-0.00706
26.685,0.05721,-0.00692
26.686,0.05521,-0.00651
26.687,0.05368,-0.00585
26.688,0.05274,-0.00496
26.689,0.05228,-0.0039
26.69,0.05226,-0.00273
26.691,0.05263,-0.0015
26.692,0.05335,-2.77E-04
26.693,0.05445,8.79E-04
26.694,0.05602,0.00191
26.695,0.05815,0.00276
26.696,0.06098,0.00343
26.697,0.0646,0.00388
26.698,0.06894,0.00414
26.699,0.07457,0.00422
26.7,0.08167,0.00417
26.701,0.09036,0.00406
26.702,0.1005,0.00393
26.703,0.11132,0.00382
26.704,0.12319,0.0038
26.705,0.13562,0.00393
26.706,0.14803,0.00422
26.707,0.15937,0.00468
26.708,0.16782,0.00526
26.709,0.173,0.00594
26.71,0.17369,0.00666
26.711,0.16879,0.00736
26.712,0.157,0.00793
26.713,0.13672,0.00826
26.714,0.1078,0.00828
26.715,0.06978,0.00792
26.716,0.0226,0.00713
26.717,-0.03346,0.00587
26.718,-0.09774,0.00412
26.719,-0.16867,0.0019
26.72,-0.24475,-7.16E-04
26.721,-0.32408,-0.00367
26.722,-0.40431,-0.00686
26.723,-0.48258,-0.01019
26.724,-0.55612,-0.01351
26.725,-0.62278,-0.01673
26.726,-0.68041,-0.01974
26.727,-0.72676,-0.02243
26.728,-0.7595,-0.02471
26.729,-0.7773,-0.0265
26.73,-0.78017,-0.0278
26.731,-0.76827,-0.02858
26.732,-0.7419,-0.02884
26.733,-0.7016,-0.0286
26.734,-0.64894,-0.02787
26.735,-0.58668,-0.02674
26.736,-0.51736,-0.02527
26.737,-0.44335,-0.02353
26.738,-0.36697,-0.02156
26.739,-0.29095,-0.01943
26.74,-0.21807,-0.01723
26.741,-0.15051,-0.01503
26.742,-0.08993,-0.01288
26.743,-0.03744,-0.01082
26.744,0.00578,-0.00891
26.745,0.0396,-0.00718
26.746,0.06423,-0.00568
26.747,0.08023,-0.00443
26.748,0.08864,-0.00342
26.749,0.09005,-0.00268
26.75,0.08645,-0.00219
26.751,0.07944,-0.00193
26.752,0.07035,-0.00188
26.753,0.0606,-0.00201
26.754,0.05057,-0.00231
26.755,0.04189,-0.0027
26.756,0.03538,-0.00315
26.757,0.03133,-0.00362
26.758,0.02989,-0.00407
26.759,0.03029,-0.00451
26.76,0.03271,-0.00487
26.761,0.03682,-0.00515
26.762,0.04207,-0.00534
26.763,0.04785,-0.00543
26.764,0.05329,-0.00545
26.765,0.05811,-0.00539
26.766,0.06204,-0.00527
26.767,0.06486,-0.0051
26.768,0.06643,-0.00491
26.769,0.06675,-0.0047
26.77,0.06597,-0.0045
26.771,0.06434,-0.00433
26.772,0.06218,-0.00418
26.773,0.05981,-0.00406
26.774,0.05758,-0.00399
26.775,0.05572,-0.00395
26.776,0.05441,-0.00395
26.777,0.0538,-0.00398
26.778,0.05392,-0.00402
26.779,0.05474,-0.00408
26.78,0.05614,-0.00412
26.781,0.05794,-0.00415
26.782,0.05994,-0.00414
26.783,0.06192,-0.00409
26.784,0.06365,-0.00397
26.785,0.065,-0.00379
26.786,0.06587,-0.00353
26.787,0.0662,-0.0032
26.788,0.06599,-0.00282
26.789,0.06532,-0.0024
26.79,0.06433,-0.00196
26.791,0.06319,-0.00153
26.792,0.06206,-0.00114
26.793,0.06109,-8.17E-04
26.794,0.06046,-6.01E-04
26.795,0.06028,-5.11E-04
26.796,0.06058,-5.62E-04
26.797,0.06136,-7.61E-04
26.798,0.06252,-0.0011
26.799,0.06395,-0.00157
26.8,0.06548,-0.00214
26.801,0.06692,-0.00276
26.802,0.06805,-0.0034
26.803,0.06864,-0.004
26.804,0.06854,-0.00452
26.805,0.06764,-0.00492
26.806,0.06588,-0.00516
26.807,0.06327,-0.00524
26.808,0.05986,-0.00515
26.809,0.05583,-0.00489
26.81,0.05135,-0.00449
26.811,0.04667,-0.004
26.812,0.04203,-0.00345
26.813,0.03767,-0.0029
26.814,0.03387,-0.0024
26.815,0.03078,-0.00199
26.816,0.02854,-0.00169
26.817,0.02723,-0.00154
26.818,0.02685,-0.00154
26.819,0.02737,-0.00169
26.82,0.02866,-0.00195
26.821,0.03053,-0.00229
26.822,0.0328,-0.00269
26.823,0.03525,-0.00311
26.824,0.03772,-0.0035
26.825,0.03998,-0.00384
26.826,0.04189,-0.0041
26.827,0.04333,-0.00429
26.828,0.04424,-0.0044
26.829,0.04465,-0.00447
26.83,0.04457,-0.00451
26.831,0.04409,-0.00456
26.832,0.0433,-0.00466
26.833,0.0423,-0.00483
26.834,0.04125,-0.00512
26.835,0.04025,-0.00553
26.836,0.03939,-0.00606
26.837,0.03871,-0.0067
26.838,0.03822,-0.00744
26.839,0.03792,-0.00822
26.84,0.03777,-0.009
26.841,0.03771,-0.00973
26.842,0.03763,-0.01035
26.843,0.0374,-0.01083
26.844,0.03696,-0.0111
26.845,0.03623,-0.01116
26.846,0.03514,-0.01098
26.847,0.03367,-0.01057
26.848,0.03176,-0.00995
26.849,0.0295,-0.00915
26.85,0.02692,-0.00823
26.851,0.0241,-0.00725
26.852,0.02114,-0.00626
26.853,0.01812,-0.00533
26.854,0.01519,-0.00452
26.855,0.01243,-0.00389
26.856,0.00992,-0.00347
26.857,0.00771,-0.00328
26.858,0.00584,-0.00333
26.859,0.00437,-0.0036
26.86,0.00328,-0.00408
26.861,0.00252,-0.00472
26.862,0.00204,-0.00546
26.863,0.00177,-0.00623
26.864,0.0017,-0.00698
26.865,0.00171,-0.00763
26.866,0.00175,-0.00811
26.867,0.00174,-0.00839
26.868,0.00161,-0.00842
26.869,0.00136,-0.00818
26.87,9.39E-04,-0.00769
26.871,3.20E-04,-0.00695
26.872,-5.11E-04,-0.00601
26.873,-0.00158,-0.00492
26.874,-0.0028,-0.00376
26.875,-0.0042,-0.00262
26.876,-0.00575,-0.00156
26.877,-0.00743,-6.59E-04
26.878,-0.00923,8.19E-06
26.879,-0.01105,3.91E-04
26.88,-0.01287,4.62E-04
26.881,-0.01466,2.15E-04
26.882,-0.01639,-3.32E-04
26.883,-0.01805,-0.00114
26.884,-0.01956,-0.00214
26.885,-0.0209,-0.00327
26.886,-0.02207,-0.00444
26.887,-0.02306,-0.00555
26.888,-0.02394,-0.00653
26.889,-0.02466,-0.00729
26.89,-0.02527,-0.0078
26.891,-0.02583,-0.00801
26.892,-0.02642,-0.00791
26.893,-0.02715,-0.00752
26.894,-0.028,-0.00686
26.895,-0.02908,-0.00601
26.896,-0.03045,-0.00501
26.897,-0.03218,-0.00395
26.898,-0.03434,-0.0029
26.899,-0.03685,-0.00191
26.9,-0.03973,-0.00106
26.901,-0.04293,-3.66E-04
26.902,-0.04641,1.41E-04
26.903,-0.05013,4.63E-04
26.904,-0.0539,6.14E-04
26.905,-0.05762,6.25E-04
26.906,-0.06121,5.33E-04
26.907,-0.06456,3.84E-04
26.908,-0.06766,2.20E-04
26.909,-0.07032,8.08E-05
26.91,-0.07257,-1.38E-06
26.911,-0.07441,-6.62E-06
26.912,-0.07588,7.05E-05
26.913,-0.07712,2.23E-04
26.914,-0.07811,4.32E-04
26.915,-0.07902,6.79E-04
26.916,-0.08,9.38E-04
26.917,-0.08118,0.00118
26.918,-0.08272,0.00136
26.919,-0.08463,0.00147
26.92,-0.08702,0.00148
26.921,-0.08993,0.0014
26.922,-0.09335,0.00122
26.923,-0.09726,9.50E-04
26.924,-0.10147,6.01E-04
26.925,-0.10587,1.93E-04
26.926,-0.11034,-2.53E-04
26.927,-0.11471,-7.14E-04
26.928,-0.11882,-0.00117
26.929,-0.12244,-0.00161
26.93,-0.12547,-0.00201
26.931,-0.12785,-0.00237
26.932,-0.12953,-0.00269
26.933,-0.13052,-0.00295
26.934,-0.13081,-0.00315
26.935,-0.13054,-0.00331
26.936,-0.12988,-0.00342
26.937,-0.12898,-0.00347
26.938,-0.12802,-0.00346
26.939,-0.12714,-0.0034
26.94,-0.12654,-0.00327
26.941,-0.12636,-0.00309
26.942,-0.12671,-0.00284
26.943,-0.12759,-0.00251
26.944,-0.12899,-0.00212
26.945,-0.13088,-0.00166
26.946,-0.13314,-0.00114
26.947,-0.13565,-5.72E-04
26.948,-0.13819,4.20E-05
26.949,-0.14058,6.83E-04
26.95,-0.14264,0.00134
26.951,-0.14423,0.00199
26.952,-0.14518,0.00263
26.953,-0.1454,0.00324
26.954,-0.14483,0.00379
26.955,-0.14347,0.00429
26.956,-0.1414,0.00472
26.957,-0.13871,0.00507
26.958,-0.13553,0.00534
26.959,-0.13204,0.00552
26.96,-0.12844,0.00561
26.961,-0.12493,0.00563
26.962,-0.12167,0.00558
26.963,-0.11882,0.00548
26.964,-0.11654,0.00534
26.965,-0.11492,0.00519
26.966,-0.114,0.00506
26.967,-0.11378,0.00496
26.968,-0.11418,0.00492
26.969,-0.11518,0.00496
26.97,-0.11663,0.00508
26.971,-0.11839,0.0053
26.972,-0.12031,0.00561
26.973,-0.12218,0.006
26.974,-0.1239,0.00645
26.975,-0.1253,0.00693
26.976,-0.12627,0.0074
26.977,-0.1267,0.00784
26.978,-0.12647,0.0082
26.979,-0.12562,0.00844
26.98,-0.12415,0.00855
26.981,-0.12208,0.00849
26.982,-0.11946,0.00827
26.983,-0.11629,0.00788
26.984,-0.11278,0.00734
26.985,-0.10902,0.00668
26.986,-0.10511,0.00594
26.987,-0.10115,0.00514
26.988,-0.09716,0.00434
26.989,-0.09331,0.00358
26.99,-0.08965,0.00289
26.991,-0.08622,0.00231
26.992,-0.08299,0.00185
26.993,-0.0799,0.00152
26.994,-0.077,0.00133
26.995,-0.0742,0.00126
26.996,-0.07144,0.00129
26.997,-0.06861,0.00142
26.998,-0.06558,0.00161
26.999,-0.06239,0.00184
27,-0.05892,0.0021
27.001,-0.05512,0.00236
27.002,-0.05096,0.00263
27.003,-0.04643,0.00289
27.004,-0.04169,0.00316
27.005,-0.03674,0.00342
27.006,-0.03168,0.00369
27.007,-0.02662,0.00396
27.008,-0.02169,0.00425
27.009,-0.01716,0.00454
27.01,-0.01309,0.00482
27.011,-0.00962,0.00509
27.012,-0.00684,0.00532
27.013,-0.0048,0.00551
27.014,-0.00364,0.00565
27.015,-0.0033,0.00571
27.016,-0.00369,0.00569
27.017,-0.00471,0.00561
27.018,-0.00618,0.00545
27.019,-0.00801,0.00525
27.02,-0.00996,0.00501
27.021,-0.01179,0.00478
27.022,-0.01331,0.00457
27.023,-0.01428,0.00441
27.024,-0.01466,0.00432
27.025,-0.01429,0.00432
27.026,-0.0131,0.00441
27.027,-0.01111,0.0046
27.028,-0.00831,0.00486
27.029,-0.00491,0.00517
27.03,-0.00105,0.00551
27.031,0.0031,0.00585
27.032,0.00734,0.00614
27.033,0.0115,0.00637
27.034,0.01534,0.00651
27.035,0.0187,0.00654
27.036,0.02148,0.00645
27.037,0.02365,0.00624
27.038,0.02524,0.00594
27.039,0.02625,0.00556
27.04,0.02685,0.00512
27.041,0.0272,0.00467
27.042,0.02749,0.00423
27.043,0.02793,0.00384
27.044,0.02868,0.00353
27.045,0.02991,0.0033
27.046,0.03177,0.00319
27.047,0.03429,0.00318
27.048,0.03747,0.00328
27.049,0.04114,0.00347
27.05,0.04519,0.00373
27.051,0.04941,0.00404
27.052,0.05353,0.00437
27.053,0.05729,0.00469
27.054,0.06035,0.00497
27.055,0.06248,0.00519
27.056,0.06352,0.00533
27.057,0.06334,0.00538
27.058,0.06193,0.00534
27.059,0.05931,0.0052
27.06,0.05568,0.00497
27.061,0.0513,0.00468
27.062,0.04649,0.00433
27.063,0.04165,0.00396
27.064,0.03715,0.0036
27.065,0.03342,0.00328
27.066,0.0308,0.00304
27.067,0.02956,0.0029
27.068,0.02988,0.00288
27.069,0.03183,0.00301
27.07,0.03533,0.00329
27.071,0.04021,0.00371
27.072,0.04617,0.00426
27.073,0.0528,0.00491
27.074,0.05963,0.00564
27.075,0.06615,0.00639
27.076,0.07188,0.00712
27.077,0.07638,0.00779
27.078,0.07928,0.00834
27.079,0.08029,0.00873
27.08,0.07931,0.00893
27.081,0.07635,0.00893
27.082,0.07158,0.00872
27.083,0.06531,0.00829
27.084,0.05796,0.00769
27.085,0.05007,0.00694
27.086,0.04219,0.00609
27.087,0.03488,0.00519
27.088,0.0287,0.00428
27.089,0.02414,0.00343
27.09,0.02154,0.00268
27.091,0.02114,0.00205
27.092,0.023,0.00157
27.093,0.02701,0.00125
27.094,0.03292,0.00109
27.095,0.04034,0.00108
27.096,0.04876,0.00118
27.097,0.0576,0.00137
27.098,0.06622,0.00163
27.099,0.07402,0.00193
27.1,0.08043,0.00223
27.101,0.08501,0.00252
27.102,0.0874,0.00278
27.103,0.08741,0.00302
27.104,0.08503,0.00322
27.105,0.08041,0.00341
27.106,0.07386,0.00358
27.107,0.06578,0.00374
27.108,0.05669,0.00391
27.109,0.04723,0.0041
27.11,0.038,0.00429
27.111,0.02958,0.0045
27.112,0.02248,0.00471
27.113,0.01709,0.0049
27.114,0.01371,0.00508
27.115,0.01247,0.00521
27.116,0.01333,0.00531
27.117,0.0161,0.00535
27.118,0.02046,0.00533
27.119,0.02597,0.00525
27.12,0.0321,0.00513
27.121,0.03831,0.00496
27.122,0.04407,0.00477
27.123,0.04889,0.00456
27.124,0.05238,0.00435
27.125,0.0542,0.00415
27.126,0.0542,0.00397
27.127,0.05238,0.0038
27.128,0.0489,0.00365
27.129,0.04406,0.00351
27.13,0.03822,0.00337
27.131,0.03186,0.00322
27.132,0.02547,0.00305
27.133,0.01961,0.00287
27.134,0.01479,0.00265
27.135,0.01143,0.00241
27.136,0.00982,0.00216
27.137,0.01015,0.00189
27.138,0.01246,0.00164
27.139,0.01665,0.00141
27.14,0.02245,0.00122
27.141,0.02951,0.0011
27.142,0.03736,0.00104
27.143,0.04545,0.00106
27.144,0.05321,0.00118
27.145,0.06009,0.00137
27.146,0.06563,0.00164
27.147,0.06942,0.00197
27.148,0.0712,0.00235
27.149,0.0708,0.00276
27.15,0.06824,0.00317
27.151,0.06369,0.00356
27.152,0.05744,0.00392
27.153,0.04991,0.00424
27.154,0.04161,0.00449
27.155,0.0331,0.00468
27.156,0.02495,0.00479
27.157,0.01768,0.00482
27.158,0.0118,0.00479
27.159,0.00769,0.0047
27.16,0.00561,0.00455
27.161,0.00569,0.00436
27.162,0.00792,0.00414
27.163,0.01212,0.00391
27.164,0.01801,0.00369
27.165,0.02517,0.0035
27.166,0.03312,0.00336
27.167,0.04137,0.00327
27.168,0.04936,0.00326
27.169,0.0566,0.00334
27.17,0.06264,0.00352
27.171,0.06713,0.00378
27.172,0.06985,0.00414
27.173,0.07068,0.00455
27.174,0.06967,0.00502
27.175,0.06695,0.0055
27.176,0.06279,0.00595
27.177,0.05753,0.00636
27.178,0.05157,0.00667
27.179,0.04538,0.00685
27.18,0.03939,0.00688
27.181,0.03402,0.00675
27.182,0.02958,0.00644
27.183,0.02634,0.00597
27.184,0.02445,0.00536
27.185,0.02398,0.00464
27.186,0.02488,0.00385
27.187,0.02699,0.00305
27.188,0.03008,0.00227
27.189,0.03384,0.00158
27.19,0.03795,0.00101
27.191,0.04208,6.03E-04
27.192,0.04591,3.79E-04
27.193,0.04913,3.43E-04
27.194,0.05152,4.92E-04
27.195,0.05293,8.04E-04
27.196,0.05327,0.00125
27.197,0.05254,0.00178
27.198,0.05082,0.00234
27.199,0.04827,0.0029
27.2,0.04505,0.0034
27.201,0.0414,0.00379
27.202,0.03755,0.00404
27.203,0.03373,0.00414
27.204,0.03019,0.00407
27.205,0.02709,0.00382
27.206,0.02457,0.00341
27.207,0.02273,0.00287
27.208,0.0216,0.00222
27.209,0.02119,0.00152
27.21,0.02145,7.91E-04
27.211,0.02231,8.20E-05
27.212,0.02365,-5.64E-04
27.213,0.02535,-0.0011
27.214,0.0273,-0.0015
27.215,0.02937,-0.00172
27.216,0.03144,-0.00175
27.217,0.03342,-0.00158
27.218,0.03521,-0.0012
27.219,0.03677,-6.09E-04
27.22,0.038,1.67E-04
27.221,0.03889,0.0011
27.222,0.0394,0.00217
27.223,0.0395,0.00332
27.224,0.03921,0.0045
27.225,0.0385,0.00567
27.226,0.03738,0.00677
27.227,0.03586,0.00775
27.228,0.03401,0.00855
27.229,0.03186,0.00914
27.23,0.02949,0.00949
27.231,0.02697,0.00959
27.232,0.02443,0.00944
27.233,0.02199,0.00903
27.234,0.01979,0.00841
27.235,0.01798,0.0076
27.236,0.0167,0.00667
27.237,0.01606,0.00565
27.238,0.01616,0.00459
27.239,0.01708,0.00355
27.24,0.01882,0.00257
27.241,0.02137,0.00167
27.242,0.02462,8.88E-04
27.243,0.02844,2.26E-04
27.244,0.03264,-3.18E-04
27.245,0.03698,-7.57E-04
27.246,0.04122,-0.00111
27.247,0.04508,-0.00139
27.248,0.04833,-0.00163
27.249,0.0507,-0.00184
27.25,0.05203,-0.00203
27.251,0.05219,-0.00221
27.252,0.05112,-0.00239
27.253,0.04886,-0.00253
27.254,0.04551,-0.00262
27.255,0.04127,-0.00264
27.256,0.0364,-0.00257
27.257,0.03119,-0.00239
27.258,0.02599,-0.00208
27.259,0.02116,-0.00162
27.26,0.01702,-0.00102
27.261,0.01387,-2.88E-04
27.262,0.01194,5.43E-04
27.263,0.01139,0.00145
27.264,0.01227,0.00238
27.265,0.01453,0.00331
27.266,0.01804,0.00417
27.267,0.02259,0.00494
27.268,0.0279,0.00557
27.269,0.0336,0.00603
27.27,0.03931,0.00631
27.271,0.04467,0.00639
27.272,0.04937,0.0063
27.273,0.05314,0.00602
27.274,0.05573,0.00559
27.275,0.05703,0.00505
27.276,0.05701,0.00442
27.277,0.05577,0.00375
27.278,0.0535,0.00306
27.279,0.05042,0.00239
27.28,0.04686,0.00177
27.281,0.04315,0.00123
27.282,0.03966,7.89E-04
27.283,0.03674,4.48E-04
27.284,0.03467,2.15E-04
27.285,0.03372,9.04E-05
27.286,0.03404,6.72E-05
27.287,0.03571,1.31E-04
27.288,0.03868,2.62E-04
27.289,0.04284,4.45E-04
27.29,0.048,6.53E-04
27.291,0.05391,8.63E-04
27.292,0.06025,0.00105
27.293,0.06659,0.00119
27.294,0.07261,0.00128
27.295,0.07797,0.00128
27.296,0.08238,0.0012
27.297,0.08557,0.00103
27.298,0.08727,7.69E-04
27.299,0.08738,4.33E-04
27.3,0.08589,3.32E-05
27.301,0.08283,-4.12E-04
27.302,0.07829,-8.81E-04
27.303,0.0724,-0.00136
27.304,0.06542,-0.00181
27.305,0.05762,-0.00222
27.306,0.0493,-0.00258
27.307,0.04073,-0.00288
27.308,0.03224,-0.00311
27.309,0.02412,-0.00329
27.31,0.01664,-0.00341
27.311,0.01002,-0.00349
27.312,0.00446,-0.00354
27.313,1.03E-04,-0.00359
27.314,-0.00292,-0.00363
27.315,-0.00461,-0.00369
27.316,-0.00498,-0.00376
27.317,-0.00408,-0.00386
27.318,-0.00202,-0.00398
27.319,0.0011,-0.00412
27.32,0.00505,-0.00426
27.321,0.0096,-0.00441
27.322,0.01454,-0.00457
27.323,0.01961,-0.00473
27.324,0.02465,-0.00488
27.325,0.02936,-0.00505
27.326,0.03355,-0.00523
27.327,0.03704,-0.00545
27.328,0.03964,-0.00571
27.329,0.04133,-0.00601
27.33,0.04204,-0.00637
27.331,0.04176,-0.00677
27.332,0.04052,-0.00722
27.333,0.03836,-0.00768
27.334,0.03545,-0.00813
27.335,0.03195,-0.00853
27.336,0.02803,-0.00884
27.337,0.02385,-0.00904
27.338,0.01954,-0.00906
27.339,0.01531,-0.0089
27.34,0.01131,-0.00852
27.341,0.00766,-0.00793
27.342,0.00443,-0.00713
27.343,0.00164,-0.00616
27.344,-6.61E-04,-0.00504
27.345,-0.0025,-0.00385
27.346,-0.00393,-0.00264
27.347,-0.00502,-0.00148
27.348,-0.00589,-4.21E-04
27.349,-0.00659,4.66E-04
27.35,-0.00724,0.00114
27.351,-0.00793,0.00157
27.352,-0.00873,0.00175
27.353,-0.00973,0.00169
27.354,-0.01089,0.0014
27.355,-0.01229,9.42E-04
27.356,-0.01393,3.58E-04
27.357,-0.01577,-2.87E-04
27.358,-0.01776,-9.30E-04
27.359,-0.01983,-0.00152
27.36,-0.02196,-0.00198
27.361,-0.02411,-0.00229
27.362,-0.02621,-0.00242
27.363,-0.02812,-0.00235
27.364,-0.02984,-0.00211
27.365,-0.03134,-0.00169
27.366,-0.03258,-0.00115
27.367,-0.03349,-5.27E-04
27.368,-0.03393,1.34E-04
27.369,-0.0339,7.69E-04
27.37,-0.03337,0.00133
27.371,-0.03229,0.00177
27.372,-0.03056,0.00206
27.373,-0.02805,0.00218
27.374,-0.02479,0.0021
27.375,-0.02074,0.00183
27.376,-0.01589,0.00139
27.377,-0.01023,7.97E-04
27.378,-0.00376,1.06E-04
27.379,0.00338,-6.42E-04
27.38,0.01107,-0.00139
27.381,0.01918,-0.0021
27.382,0.02751,-0.0027
27.383,0.03587,-0.00314
27.384,0.04395,-0.0034
27.385,0.05155,-0.00344
27.386,0.05845,-0.00325
27.387,0.06444,-0.00283
27.388,0.06934,-0.00219
27.389,0.07293,-0.00137
27.39,0.07521,-4.24E-04
27.391,0.07619,5.99E-04
27.392,0.07592,0.00164
27.393,0.07451,0.00262
27.394,0.07204,0.00347
27.395,0.06882,0.00415
27.396,0.06513,0.0046
27.397,0.06123,0.0048
27.398,0.05738,0.00473
27.399,0.05377,0.0044
27.4,0.0507,0.00384
27.401,0.04835,0.0031
27.402,0.04685,0.00224
27.403,0.04623,0.00131
27.404,0.04648,4.08E-04
27.405,0.04755,-4.03E-04
27.406,0.04934,-0.00106
27.407,0.05169,-0.00151
27.408,0.05439,-0.00173
27.409,0.05724,-0.0017
27.41,0.06002,-0.00143
27.411,0.06255,-9.49E-04
27.412,0.06467,-3.04E-04
27.413,0.06622,4.37E-04
27.414,0.06712,0.00121
27.415,0.06731,0.00193
27.416,0.06677,0.00255
27.417,0.06557,0.00298
27.418,0.06377,0.00319
27.419,0.06148,0.00315
27.42,0.05883,0.00282
27.421,0.05595,0.00223
27.422,0.05299,0.0014
27.423,0.05013,3.59E-04
27.424,0.04748,-8.26E-04
27.425,0.04517,-0.0021
27.426,0.04329,-0.00339
27.427,0.04192,-0.00463
27.428,0.04117,-0.00576
27.429,0.04106,-0.0067
27.43,0.0416,-0.00743
27.431,0.04281,-0.0079
27.432,0.04466,-0.00809
27.433,0.04712,-0.00798
27.434,0.05015,-0.00758
27.435,0.05367,-0.00692
27.436,0.05761,-0.00603
27.437,0.06186,-0.00493
27.438,0.06627,-0.00369
27.439,0.07073,-0.00235
27.44,0.07508,-9.79E-04
27.441,0.07917,3.70E-04
27.442,0.08285,0.00165
27.443,0.08595,0.0028
27.444,0.08827,0.00378
27.445,0.08968,0.00457
27.446,0.09005,0.00514
27.447,0.08934,0.00549
27.448,0.08757,0.00563
27.449,0.08464,0.00557
27.45,0.08064,0.00534
27.451,0.07569,0.00499
27.452,0.07,0.00455
27.453,0.06396,0.00407
27.454,0.05777,0.00358
27.455,0.05184,0.00314
27.456,0.04656,0.00276
27.457,0.04232,0.00248
27.458,0.03956,0.00229
27.459,0.03876,0.0022
27.46,0.04031,0.00218
27.461,0.04449,0.00224
27.462,0.05138,0.00234
27.463,0.06071,0.00245
27.464,0.0728,0.00255
27.465,0.08742,0.00263
27.466,0.10419,0.00268
27.467,0.12233,0.00269
27.468,0.14041,0.00264
27.469,0.1582,0.00257
27.47,0.17463,0.00247
27.471,0.18867,0.00237
27.472,0.19895,0.00227
27.473,0.20346,0.00214
27.474,0.20183,0.00201
27.475,0.19302,0.00187
27.476,0.17631,0.00168
27.477,0.15092,0.0014
27.478,0.11598,9.85E-04
27.479,0.07207,4.06E-04
27.48,0.01949,-3.82E-04
27.481,-0.04104,-0.00142
27.482,-0.1085,-0.00272
27.483,-0.18149,-0.00431
27.484,-0.25798,-0.00615
27.485,-0.33617,-0.00823
27.486,-0.41404,-0.01048
27.487,-0.48927,-0.01285
27.488,-0.55915,-0.01523
27.489,-0.62136,-0.01753
27.49,-0.67436,-0.01964
27.491,-0.71669,-0.02149
27.492,-0.74677,-0.02298
27.493,-0.76303,-0.02404
27.494,-0.76488,-0.02459
27.495,-0.75301,-0.02465
27.496,-0.72818,-0.02421
27.497,-0.69107,-0.02331
27.498,-0.64254,-0.02197
27.499,-0.58428,-0.02028
27.5,-0.51899,-0.01833
27.501,-0.44902,-0.01623
27.502,-0.37645,-0.01407
27.503,-0.30326,-0.01193
27.504,-0.23173,-0.00992
27.505,-0.16409,-0.0081
27.506,-0.10204,-0.00654
27.507,-0.04682,-0.00527
27.508,7.21E-04,-0.00429
27.509,0.03963,-0.0036
27.51,0.07,-0.00318
27.511,0.09212,-0.00298
27.512,0.10645,-0.00295
27.513,0.11386,-0.00302
27.514,0.11465,-0.00315
27.515,0.11062,-0.00326
27.516,0.1031,-0.00331
27.517,0.09317,-0.00324
27.518,0.08201,-0.00305
27.519,0.06987,-0.00272
27.52,0.0583,-0.00226
27.521,0.04814,-0.00167
27.522,0.03981,-0.00101
27.523,0.03363,-2.92E-04
27.524,0.02917,3.94E-04
27.525,0.02686,0.00101
27.526,0.0267,0.00153
27.527,0.02843,0.00189
27.528,0.03172,0.00208
27.529,0.03598,0.00206
27.53,0.04101,0.00186
27.531,0.04654,0.00149
27.532,0.05227,9.80E-04
27.533,0.05789,3.86E-04
27.534,0.06313,-2.39E-04
27.535,0.06778,-8.33E-04
27.536,0.07168,-0.00134
27.537,0.07473,-0.0017
27.538,0.07686,-0.00189
27.539,0.07805,-0.00189
27.54,0.07824,-0.00169
27.541,0.07743,-0.00131
27.542,0.07569,-7.93E-04
27.543,0.0731,-1.84E-04
27.544,0.06979,4.47E-04
27.545,0.06593,0.00104
27.546,0.06168,0.00152
27.547,0.05725,0.00184
27.548,0.05289,0.00195
27.549,0.04883,0.00183
27.55,0.04535,0.00147
27.551,0.04268,9.01E-04
27.552,0.041,1.55E-04
27.553,0.04047,-7.12E-04
27.554,0.04119,-0.00163
27.555,0.04318,-0.00252
27.556,0.04639,-0.00331
27.557,0.05068,-0.00394
27.558,0.0558,-0.00437
27.559,0.06151,-0.00454
27.56,0.06745,-0.00446
27.561,0.07325,-0.00413
27.562,0.07855,-0.0036
27.563,0.08292,-0.0029
27.564,0.08607,-0.0021
27.565,0.08773,-0.00127
27.566,0.08771,-4.85E-04
27.567,0.08592,2.02E-04
27.568,0.08236,7.30E-04
27.569,0.07715,0.00107
27.57,0.07055,0.00119
27.571,0.06284,0.0011
27.572,0.05441,8.19E-04
27.573,0.0457,3.68E-04
27.574,0.03716,-2.00E-04
27.575,0.02924,-8.33E-04
27.576,0.02234,-0.00148
27.577,0.01679,-0.00209
27.578,0.0129,-0.00262
27.579,0.01085,-0.00304
27.58,0.01067,-0.00332
27.581,0.01233,-0.00345
27.582,0.01569,-0.00345
27.583,0.02053,-0.00334
27.584,0.02656,-0.00314
27.585,0.03339,-0.00288
27.586,0.04062,-0.00261
27.587,0.04788,-0.00236
27.588,0.05474,-0.00219
27.589,0.06092,-0.0021
27.59,0.06609,-0.00214
27.591,0.07002,-0.00232
27.592,0.07259,-0.00263
27.593,0.07369,-0.00308
27.594,0.07338,-0.00365
27.595,0.07175,-0.00431
27.596,0.06894,-0.00504
27.597,0.06516,-0.00579
27.598,0.06063,-0.00653
27.599,0.05561,-0.00721
27.6,0.05041,-0.00779
27.601,0.04529,-0.00825
27.602,0.04044,-0.00856
27.603,0.03606,-0.00869
27.604,0.03231,-0.00865
27.605,0.02932,-0.00843
27.606,0.02716,-0.00806
27.607,0.02582,-0.00755
27.608,0.02521,-0.00694
27.609,0.02528,-0.00626
27.61,0.02591,-0.00556
27.611,0.02693,-0.00487
27.612,0.02818,-0.00424
27.613,0.02941,-0.00367
27.614,0.03053,-0.0032
27.615,0.03132,-0.00284
27.616,0.03163,-0.00258
27.617,0.03135,-0.0024
27.618,0.03034,-0.0023
27.619,0.02866,-0.00223
27.62,0.02627,-0.00218
27.621,0.02321,-0.00211
27.622,0.01958,-0.002
27.623,0.01546,-0.00183
27.624,0.0111,-0.0016
27.625,0.00665,-0.00132
27.626,0.00229,-9.94E-04
27.627,-0.00183,-6.45E-04
27.628,-0.00555,-3.01E-04
27.629,-0.00869,-5.17E-06
27.63,-0.01116,2.18E-04
27.631,-0.01292,3.45E-04
27.632,-0.01399,3.55E-04
27.633,-0.01443,2.45E-04
27.634,-0.01427,1.20E-05
27.635,-0.01368,-3.20E-04
27.636,-0.01283,-7.21E-04
27.637,-0.01188,-0.00115
27.638,-0.01106,-0.00157
27.639,-0.01046,-0.00192
27.64,-0.01025,-0.00216
27.641,-0.01056,-0.00227
27.642,-0.01146,-0.0022
27.643,-0.01298,-0.00195
27.644,-0.01503,-0.00153
27.645,-0.01756,-9.49E-04
27.646,-0.02048,-2.41E-04
27.647,-0.02364,5.48E-04
27.648,-0.02691,0.00136
27.649,-0.03006,0.00215
27.65,-0.03298,0.00285
27.651,-0.03555,0.00341
27.652,-0.03769,0.0038
27.653,-0.03936,0.00397
27.654,-0.04049,0.00392
27.655,-0.04113,0.00365
27.656,-0.04137,0.00316
27.657,-0.04129,0.00249
27.658,-0.04106,0.00169
27.659,-0.04073,7.88E-04
27.66,-0.04044,-1.47E-04
27.661,-0.04031,-0.00106
27.662,-0.04045,-0.0019
27.663,-0.04095,-0.0026
27.664,-0.04179,-0.00313
27.665,-0.04298,-0.00345
27.666,-0.0445,-0.00353
27.667,-0.04634,-0.00336
27.668,-0.04848,-0.00294
27.669,-0.05078,-0.0023
27.67,-0.0532,-0.00146
27.671,-0.05571,-4.54E-04
27.672,-0.05828,6.58E-04
27.673,-0.06094,0.00182
27.674,-0.0636,0.00296
27.675,-0.06631,0.00403
27.676,-0.06909,0.00496
27.677,-0.07198,0.00569
27.678,-0.07505,0.00618
27.679,-0.07823,0.00641
27.68,-0.08155,0.00634
27.681,-0.08499,0.00599
27.682,-0.08852,0.00538
27.683,-0.0921,0.00455
27.684,-0.09557,0.00353
27.685,-0.09886,0.00241
27.686,-0.1019,0.00125
27.687,-0.10458,1.19E-04
27.688,-0.10687,-8.94E-04
27.689,-0.10861,-0.00173
27.69,-0.10983,-0.00234
27.691,-0.11056,-0.00268
27.692,-0.11085,-0.00273
27.693,-0.11079,-0.00248
27.694,-0.11043,-0.00194
27.695,-0.10995,-0.00115
27.696,-0.10951,-1.49E-04
27.697,-0.10925,0.00101
27.698,-0.10931,0.00227
27.699,-0.10974,0.00356
27.7,-0.11063,0.00482
27.701,-0.11202,0.00599
27.702,-0.1139,0.00704
27.703,-0.11619,0.00792
27.704,-0.11873,0.0086
27.705,-0.12143,0.00906
27.706,-0.12412,0.0093
27.707,-0.12663,0.00932
27.708,-0.1288,0.00913
27.709,-0.13047,0.00875
27.71,-0.13156,0.0082
27.711,-0.13201,0.00751
27.712,-0.13183,0.00672
27.713,-0.13104,0.00585
27.714,-0.12973,0.00495
27.715,-0.12805,0.00406
27.716,-0.12616,0.00322
27.717,-0.12422,0.00247
27.718,-0.1224,0.00182
27.719,-0.12085,0.00132
27.72,-0.11968,9.93E-04
27.721,-0.11897,8.41E-04
27.722,-0.11874,8.69E-04
27.723,-0.11898,0.00106
27.724,-0.11958,0.00139
27.725,-0.12045,0.00182
27.726,-0.12143,0.00231
27.727,-0.12237,0.0028
27.728,-0.12313,0.00323
27.729,-0.12358,0.00356
27.73,-0.12361,0.00374
27.731,-0.1232,0.00371
27.732,-0.12233,0.00347
27.733,-0.12107,0.00301
27.734,-0.11956,0.00235
27.735,-0.11796,0.00152
27.736,-0.11645,5.65E-04
27.737,-0.11523,-4.50E-04
27.738,-0.11442,-0.00145
27.739,-0.11425,-0.00235
27.74,-0.11482,-0.00309
27.741,-0.11615,-0.00359
27.742,-0.11821,-0.00382
27.743,-0.12082,-0.00374
27.744,-0.12385,-0.00333
27.745,-0.12706,-0.00262
27.746,-0.13014,-0.00164
27.747,-0.13277,-4.50E-04
27.748,-0.13455,8.78E-04
27.749,-0.13525,0.00226
27.75,-0.13463,0.00362
27.751,-0.13252,0.00485
27.752,-0.12883,0.00589
27.753,-0.12351,0.00665
27.754,-0.11675,0.0071
27.755,-0.10879,0.00719
27.756,-0.09993,0.00694
27.757,-0.0905,0.00633
27.758,-0.08088,0.00542
27.759,-0.07158,0.00424
27.76,-0.06299,0.00287
27.761,-0.05545,0.00138
27.762,-0.04922,-1.42E-04
27.763,-0.04446,-0.00163
27.764,-0.04136,-0.00299
27.765,-0.03986,-0.00418
27.766,-0.03979,-0.00513
27.767,-0.04094,-0.0058
27.768,-0.04295,-0.00619
27.769,-0.04557,-0.00628
27.77,-0.04835,-0.0061
27.771,-0.05089,-0.00568
27.772,-0.05282,-0.00507
27.773,-0.0538,-0.00432
27.774,-0.05372,-0.0035
27.775,-0.05238,-0.00267
27.776,-0.04972,-0.0019
27.777,-0.0458,-0.00124
27.778,-0.04074,-7.20E-04
27.779,-0.03489,-3.63E-04
27.78,-0.0285,-1.80E-04
27.781,-0.02189,-1.61E-04
27.782,-0.01537,-2.78E-04
27.783,-0.00924,-4.92E-04
27.784,-0.00391,-7.47E-04
27.785,4.41E-04,-9.90E-04
27.786,0.00367,-0.00117
27.787,0.00572,-0.00124
27.788,0.00666,-0.00116
27.789,0.00652,-9.20E-04
27.79,0.00552,-5.17E-04
27.791,0.00391,3.18E-05
27.792,0.00201,6.90E-04
27.793,1.65E-04,0.00141
27.794,-0.00139,0.00211
27.795,-0.00232,0.00273
27.796,-0.00239,0.00321
27.797,-0.00143,0.00349
27.798,7.17E-04,0.00353
27.799,0.00395,0.00331
27.8,0.00826,0.00281
27.801,0.0135,0.00208
27.802,0.01945,0.00116
27.803,0.02588,1.09E-04
27.804,0.03238,-9.83E-04
27.805,0.03869,-0.00203
27.806,0.04453,-0.00293
27.807,0.04964,-0.00361
27.808,0.0538,-0.00402
27.809,0.0568,-0.00409
27.81,0.0586,-0.0038
27.811,0.05922,-0.00318
27.812,0.05875,-0.00224
27.813,0.05732,-0.00107
27.814,0.05512,2.70E-04
27.815,0.05242,0.00166
27.816,0.04952,0.00302
27.817,0.04667,0.00422
27.818,0.04413,0.00518
27.819,0.04209,0.0058
27.82,0.04075,0.00604
27.821,0.04022,0.00585
27.822,0.04054,0.00523
27.823,0.04165,0.0042
27.824,0.04343,0.00283
27.825,0.04573,0.00117
27.826,0.04837,-6.85E-04
27.827,0.05112,-0.00262
27.828,0.05374,-0.00452
27.829,0.05599,-0.00626
27.83,0.05768,-0.00776
27.831,0.05867,-0.00891
27.832,0.05887,-0.00965
27.833,0.05828,-0.00992
27.834,0.05693,-0.00969
27.835,0.05494,-0.00898
27.836,0.05247,-0.00781
27.837,0.04973,-0.00624
27.838,0.04695,-0.00435
27.839,0.04442,-0.00223
27.84,0.04236,-8.35E-06
27.841,0.04097,0.00221
27.842,0.04041,0.00432
27.843,0.04075,0.0062
27.844,0.04205,0.00777
27.845,0.04424,0.00894
27.846,0.04721,0.00968
27.847,0.05077,0.00996
27.848,0.05463,0.00978
27.849,0.05853,0.00918
27.85,0.06218,0.00823
27.851,0.06529,0.007
27.852,0.0676,0.00558
27.853,0.06885,0.00407
27.854,0.06889,0.00257
27.855,0.06765,0.00118
27.856,0.06513,-2.02E-05
27.857,0.0614,-9.77E-04
27.858,0.05659,-0.00165
27.859,0.05095,-0.00203
27.86,0.04474,-0.00212
27.861,0.03826,-0.00196
27.862,0.03181,-0.00159
27.863,0.02572,-0.00107
27.864,0.02025,-4.62E-04
27.865,0.01564,1.63E-04
27.866,0.01203,7.49E-04
27.867,0.00953,0.00125
27.868,0.00822,0.00164
27.869,0.00806,0.00191
27.87,0.00894,0.00205
27.871,0.01073,0.00207
27.872,0.01326,0.00201
27.873,0.01637,0.0019
27.874,0.0199,0.00178
27.875,0.02362,0.0017
27.876,0.02738,0.00169
27.877,0.03106,0.00176
27.878,0.03455,0.00193
27.879,0.03783,0.00221
27.88,0.04083,0.00258
27.881,0.04352,0.00301
27.882,0.04591,0.00349
27.883,0.04799,0.00397
27.884,0.04978,0.00441
27.885,0.05125,0.00478
27.886,0.05239,0.00505
27.887,0.05316,0.00519
27.888,0.05353,0.00518
27.889,0.05341,0.00502
27.89,0.05278,0.00472
27.891,0.05162,0.00428
27.892,0.0499,0.00373
27.893,0.04767,0.00311
27.894,0.04494,0.00244
27.895,0.04185,0.00177
27.896,0.03854,0.00113
27.897,0.03517,5.73E-04
27.898,0.03196,1.21E-04
27.899,0.0291,-1.92E-04
27.9,0.02684,-3.46E-04
27.901,0.02536,-3.30E-04
27.902,0.02481,-1.39E-04
27.903,0.02528,2.19E-04
27.904,0.02685,7.27E-04
27.905,0.02944,0.00135
27.906,0.03297,0.00207
27.907,0.03724,0.00282
27.908,0.04197,0.00357
27.909,0.04689,0.00427
27.91,0.05166,0.00486
27.911,0.05594,0.00532
27.912,0.05941,0.00561
27.913,0.06177,0.00571
27.914,0.06281,0.00562
27.915,0.06239,0.00533
27.916,0.06047,0.00487
27.917,0.05709,0.00428
27.918,0.05238,0.00361
27.919,0.04658,0.00289
27.92,0.03999,0.0022
27.921,0.03297,0.00157
27.922,0.0259,0.00106
27.923,0.01916,7.11E-04
27.924,0.01312,5.44E-04
27.925,0.00809,5.70E-04
27.926,0.00429,7.86E-04
27.927,0.0019,0.00117
27.928,0.00103,0.00171
27.929,0.00163,0.00235
27.93,0.0036,0.00306
27.931,0.00675,0.00378
27.932,0.01085,0.00448
27.933,0.01564,0.00512
27.934,0.02084,0.00568
27.935,0.02612,0.00615
27.936,0.03123,0.00651
27.937,0.03595,0.00677
27.938,0.04008,0.00695
27.939,0.04354,0.00705
27.94,0.04625,0.00711
27.941,0.04821,0.00714
27.942,0.04947,0.00715
27.943,0.05009,0.00715
27.944,0.05021,0.00714
27.945,0.04995,0.00711
27.946,0.04942,0.00706
27.947,0.04871,0.00696
27.948,0.04789,0.00679
27.949,0.047,0.00654
27.95,0.04608,0.00619
27.951,0.04514,0.00572
27.952,0.04413,0.00515
27.953,0.04298,0.00448
27.954,0.04164,0.00372
27.955,0.04009,0.00291
27.956,0.03833,0.00208
27.957,0.03633,0.00127
27.958,0.03409,5.28E-04
27.959,0.03166,-1.08E-04
27.96,0.02912,-6.00E-04
27.961,0.02655,-9.18E-04
27.962,0.02405,-0.00104
27.963,0.02172,-9.44E-04
27.964,0.01965,-6.33E-04
27.965,0.01791,-1.22E-04
27.966,0.01651,5.67E-04
27.967,0.01551,0.0014
27.968,0.01489,0.00234
27.969,0.01462,0.00335
27.97,0.01461,0.00435
27.971,0.01475,0.0053
27.972,0.01498,0.00615
27.973,0.01524,0.00685
27.974,0.01545,0.00736
27.975,0.01554,0.00766
27.976,0.01547,0.00771
27.977,0.01529,0.00752
27.978,0.01508,0.0071
27.979,0.01491,0.00648
27.98,0.01489,0.0057
27.981,0.01513,0.00481
27.982,0.01576,0.00387
27.983,0.01695,0.00295
27.984,0.01879,0.00213
27.985,0.02133,0.00146
27.986,0.0246,0.00102
27.987,0.02859,8.45E-04
27.988,0.03321,9.58E-04
27.989,0.03833,0.00137
27.99,0.04379,0.00206
27.991,0.04941,0.00301
27.992,0.05493,0.00415
27.993,0.06009,0.00541
27.994,0.06465,0.0067
27.995,0.06839,0.00794
27.996,0.07117,0.00904
27.997,0.07283,0.00992
27.998,0.07322,0.0105
27.999,0.07232,0.01076
28,0.07016,0.01065
28.001,0.06686,0.01019
28.002,0.06252,0.0094
28.003,0.05733,0.00833
28.004,0.05148,0.00703
28.005,0.04525,0.0056
28.006,0.0389,0.00412
28.007,0.03267,0.00266
28.008,0.02682,0.00132
28.009,0.02158,1.66E-04
28.01,0.01715,-7.58E-04
28.011,0.01369,-0.00142
28.012,0.0113,-0.0018
28.013,0.01006,-0.00191
28.014,0.01,-0.00177
28.015,0.01105,-0.00143
28.016,0.01312,-9.32E-04
28.017,0.01608,-3.33E-04
28.018,0.01974,3.11E-04
28.019,0.02393,9.52E-04
28.02,0.02835,0.00154
28.021,0.03277,0.00203
28.022,0.03695,0.0024
28.023,0.04064,0.00264
28.024,0.04365,0.00275
28.025,0.04578,0.00274
28.026,0.04688,0.0026
28.027,0.04689,0.00237
28.028,0.04582,0.00208
28.029,0.04372,0.00174
28.03,0.04071,0.00139
28.031,0.03696,0.00106
28.032,0.03269,7.44E-04
28.033,0.02822,4.79E-04
28.034,0.0238,2.69E-04
28.035,0.01975,1.22E-04
28.036,0.01637,3.74E-05
28.037,0.01389,8.36E-06
28.038,0.01255,2.61E-05
28.039,0.01247,7.61E-05
28.04,0.01371,1.44E-04
28.041,0.01628,2.15E-04
28.042,0.02006,2.74E-04
28.043,0.02489,3.04E-04
28.044,0.03051,3.00E-04
28.045,0.03662,2.55E-04
28.046,0.04287,1.71E-04
28.047,0.04894,5.32E-05
28.048,0.05446,-9.17E-05
28.049,0.05911,-2.41E-04
28.05,0.06265,-3.79E-04
28.051,0.0649,-4.87E-04
28.052,0.06573,-5.49E-04
28.053,0.06514,-5.56E-04
28.054,0.06317,-4.95E-04
28.055,0.06001,-3.72E-04
28.056,0.05588,-1.96E-04
28.057,0.05106,1.43E-05
28.058,0.04587,2.30E-04
28.059,0.04063,4.21E-04
28.06,0.03569,5.50E-04
28.061,0.03132,5.85E-04
28.062,0.02777,4.95E-04
28.063,0.02525,2.60E-04
28.064,0.02381,-1.27E-04
28.065,0.02351,-6.59E-04
28.066,0.02428,-0.00132
28.067,0.02603,-0.00207
28.068,0.02858,-0.00287
28.069,0.03172,-0.00366
28.07,0.03519,-0.00438
28.071,0.03877,-0.00496
28.072,0.04224,-0.00537
28.073,0.04541,-0.00557
28.074,0.04813,-0.00552
28.075,0.05028,-0.00523
28.076,0.05182,-0.00471
28.077,0.05276,-0.00401
28.078,0.05314,-0.00317
28.079,0.05306,-0.00228
28.08,0.05262,-0.0014
28.081,0.05194,-6.15E-04
28.082,0.05114,-2.07E-06
28.083,0.05034,3.73E-04
28.084,0.04963,4.68E-04
28.085,0.04909,2.54E-04
28.086,0.04876,-2.72E-04
28.087,0.04866,-0.00109
28.088,0.04875,-0.00215
28.089,0.04899,-0.00341
28.09,0.04937,-0.00477
28.091,0.04982,-0.00616
28.092,0.0503,-0.0075
28.093,0.05071,-0.0087
28.094,0.05103,-0.00969
28.095,0.05125,-0.01042
28.096,0.05135,-0.01084
28.097,0.05132,-0.01094
28.098,0.05112,-0.01072
28.099,0.05079,-0.01019
28.1,0.05032,-0.00939
28.101,0.0497,-0.00839
28.102,0.04893,-0.00722
28.103,0.04795,-0.00597
28.104,0.04676,-0.00468
28.105,0.04533,-0.00344
28.106,0.04361,-0.0023
28.107,0.04158,-0.0013
28.108,0.0392,-4.77E-04
28.109,0.03651,1.39E-04
28.11,0.03352,5.42E-04
28.111,0.03029,7.36E-04
28.112,0.02688,7.33E-04
28.113,0.0234,5.53E-04
28.114,0.02001,2.30E-04
28.115,0.01682,-1.97E-04
28.116,0.01398,-6.86E-04
28.117,0.01162,-0.0012
28.118,0.00982,-0.00172
28.119,0.00874,-0.0022
28.12,0.00839,-0.00263
28.121,0.00877,-0.00299
28.122,0.00982,-0.00329
28.123,0.01143,-0.00351
28.124,0.01352,-0.0037
28.125,0.01588,-0.00385
28.126,0.01831,-0.004
28.127,0.02059,-0.00415
28.128,0.02246,-0.00433
28.129,0.0238,-0.00455
28.13,0.02443,-0.0048
28.131,0.02423,-0.0051
28.132,0.02312,-0.00541
28.133,0.02102,-0.0057
28.134,0.01806,-0.00594
28.135,0.01432,-0.00609
28.136,0.00993,-0.00612
28.137,0.00505,-0.00598
28.138,-1.59E-04,-0.00566
28.139,-0.00544,-0.00513
28.14,-0.01062,-0.00438
28.141,-0.01553,-0.00345
28.142,-0.02005,-0.00234
28.143,-0.02407,-0.00112
28.144,-0.02752,1.61E-04
28.145,-0.0304,0.00144
28.146,-0.03275,0.00264
28.147,-0.03464,0.0037
28.148,-0.03612,0.00455
28.149,-0.03728,0.00512
28.15,-0.03827,0.00539
28.151,-0.03918,0.00535
28.152,-0.04006,0.00497
28.153,-0.0409,0.00429
28.154,-0.0417,0.00332
28.155,-0.04248,0.00212
28.156,-0.04321,7.50E-04
28.157,-0.04375,-7.28E-04
28.158,-0.04392,-0.00224
28.159,-0.04362,-0.00373
28.16,-0.04278,-0.00513
28.161,-0.0413,-0.00639
28.162,-0.03908,-0.00746
28.163,-0.03598,-0.00831
28.164,-0.03204,-0.00892
28.165,-0.02732,-0.00927
28.166,-0.02189,-0.00937
28.167,-0.01583,-0.00922
28.168,-0.00922,-0.00884
28.169,-0.0023,-0.00826
28.17,0.00476,-0.0075
28.171,0.01181,-0.00661
28.172,0.01869,-0.00562
28.173,0.02528,-0.00458
28.174,0.03137,-0.00352
28.175,0.03692,-0.0025
28.176,0.04189,-0.00157
28.177,0.04626,-7.56E-04
28.178,0.05003,-8.43E-05
28.179,0.05315,4.17E-04
28.18,0.05572,7.34E-04
28.181,0.05784,8.67E-04
28.182,0.05954,8.30E-04
28.183,0.06091,6.55E-04
28.184,0.06187,3.73E-04
28.185,0.06256,3.76E-05
28.186,0.06302,-2.97E-04
28.187,0.06326,-5.79E-04
28.188,0.06329,-7.55E-04
28.189,0.06302,-7.88E-04
28.19,0.06254,-6.36E-04
28.191,0.06187,-2.79E-04
28.192,0.06101,2.82E-04
28.193,0.06001,0.00103
28.194,0.05884,0.00191
28.195,0.05762,0.0029
28.196,0.05642,0.00392
28.197,0.05532,0.00492
28.198,0.05437,0.0058
28.199,0.05364,0.00652
28.2,0.05319,0.00701
28.201,0.05305,0.00722
28.202,0.05326,0.00715
28.203,0.05377,0.00676
28.204,0.05457,0.00609
28.205,0.05557,0.00515
28.206,0.0567,0.00401
28.207,0.05785,0.00272
28.208,0.05892,0.00135
28.209,0.0598,-2.72E-05
28.21,0.06039,-0.00133
28.211,0.06062,-0.00249
28.212,0.06044,-0.00347
28.213,0.05982,-0.00421
28.214,0.05878,-0.00469
28.215,0.05735,-0.0049
28.216,0.05562,-0.00485
28.217,0.05367,-0.00456
28.218,0.05163,-0.00409
28.219,0.04963,-0.00346
28.22,0.04778,-0.00276
28.221,0.04619,-0.00204
28.222,0.04497,-0.00137
28.223,0.04419,-8.13E-04
28.224,0.04391,-4.15E-04
28.225,0.04413,-2.28E-04
28.226,0.04484,-2.82E-04
28.227,0.04601,-5.89E-04
28.228,0.04758,-0.00114
28.229,0.04946,-0.00192
28.23,0.05156,-0.00287
28.231,0.05381,-0.00396
28.232,0.05609,-0.00512
28.233,0.05834,-0.00628
28.234,0.06045,-0.00734
28.235,0.06235,-0.00825
28.236,0.064,-0.00894
28.237,0.06536,-0.00935
28.238,0.06645,-0.00946
28.239,0.06715,-0.00924
28.24,0.06745,-0.00872
28.241,0.06734,-0.00791
28.242,0.06683,-0.00686
28.243,0.06603,-0.00565
28.244,0.06484,-0.00435
28.245,0.06331,-0.00305
28.246,0.06147,-0.00183
28.247,0.05944,-7.64E-04
28.248,0.05745,7.58E-05
28.249,0.05561,6.47E-04
28.25,0.05418,9.24E-04
28.251,0.05338,9.05E-04
28.252,0.05346,6.10E-04
28.253,0.05463,7.67E-05
28.254,0.05738,-6.33E-04
28.255,0.06202,-0.00145
28.256,0.06879,-0.00229
28.257,0.0777,-0.00309
28.258,0.08831,-0.00379
28.259,0.10102,-0.00432
28.26,0.11557,-0.00465
28.261,0.13156,-0.00475
28.262,0.14812,-0.00463
28.263,0.16362,-0.00432
28.264,0.17778,-0.00385
28.265,0.18943,-0.00327
28.266,0.19743,-0.00264
28.267,0.20029,-0.00204
28.268,0.196,-0.00154
28.269,0.18409,-0.00121
28.27,0.1636,-0.0011
28.271,0.1339,-0.00126
28.272,0.09451,-0.0017
28.273,0.04507,-0.00246
28.274,-0.01351,-0.00351
28.275,-0.08043,-0.00484
28.276,-0.15439,-0.0064
28.277,-0.23366,-0.00815
28.278,-0.31595,-0.01
28.279,-0.39866,-0.01187
28.28,-0.47949,-0.0137
28.281,-0.556,-0.01539
28.282,-0.62548,-0.01688
28.283,-0.68492,-0.01807
28.284,-0.73209,-0.0189
28.285,-0.76583,-0.01935
28.286,-0.78517,-0.01938
28.287,-0.78918,-0.01898
28.288,-0.77716,-0.01814
28.289,-0.74954,-0.01692
28.29,-0.70815,-0.01537
28.291,-0.65483,-0.01357
28.292,-0.59139,-0.01158
28.293,-0.5198,-0.00949
28.294,-0.4427,-0.00739
28.295,-0.36335,-0.00537
28.296,-0.28454,-0.0035
28.297,-0.20862,-0.00185
28.298,-0.1376,-4.43E-04
28.299,-0.07357,6.96E-04
28.3,-0.01798,0.00157
28.301,0.02825,0.00222
28.302,0.06472,0.00267
28.303,0.09155,0.00298
28.304,0.10874,0.0032
28.305,0.11763,0.00341
28.306,0.11952,0.00367
28.307,0.11567,0.00401
28.308,0.1076,0.00447
28.309,0.09605,0.00503
28.31,0.08315,0.00569
28.311,0.0703,0.00644
28.312,0.05839,0.00723
28.313,0.04825,0.00799
28.314,0.03962,0.00863
28.315,0.03337,0.00912
28.316,0.02962,0.00939
28.317,0.02813,0.00941
28.318,0.02855,0.00914
28.319,0.02993,0.00856
28.32,0.03208,0.00771
28.321,0.03465,0.00662
28.322,0.03722,0.00534
28.323,0.03947,0.00395
28.324,0.04109,0.00253
28.325,0.04206,0.00116
28.326,0.04249,-7.52E-05
28.327,0.04256,-0.00111
28.328,0.04251,-0.00188
28.329,0.04269,-0.00234
28.33,0.04332,-0.00248
28.331,0.04464,-0.00231
28.332,0.04682,-0.00183
28.333,0.04994,-0.0011
28.334,0.05401,-1.74E-04
28.335,0.05884,8.81E-04
28.336,0.06416,0.00199
28.337,0.06963,0.00306
28.338,0.07483,0.00404
28.339,0.07932,0.00485
28.34,0.08272,0.00545
28.341,0.08469,0.00578
28.342,0.08497,0.00585
28.343,0.08341,0.00563
28.344,0.07998,0.00515
28.345,0.07487,0.00445
28.346,0.06836,0.00357
28.347,0.06084,0.00256
28.348,0.05279,0.0015
28.349,0.04476,4.53E-04
28.35,0.03731,-5.17E-04
28.351,0.03095,-0.00135
28.352,0.02613,-0.00201
28.353,0.02319,-0.00245
28.354,0.02235,-0.00267
28.355,0.02363,-0.00266
28.356,0.02693,-0.00244
28.357,0.032,-0.00205
28.358,0.03844,-0.00153
28.359,0.04577,-9.32E-04
28.36,0.05342,-3.21E-04
28.361,0.06083,2.53E-04
28.362,0.06745,7.42E-04
28.363,0.0728,0.00111
28.364,0.07649,0.00134
28.365,0.07827,0.00143
28.366,0.07803,0.00138
28.367,0.07582,0.00122
28.368,0.07182,9.90E-04
28.369,0.06638,7.42E-04
28.37,0.05994,5.22E-04
28.371,0.05299,3.75E-04
28.372,0.04605,3.37E-04
28.373,0.03962,4.28E-04
28.374,0.03421,6.60E-04
28.375,0.03022,0.00102
28.376,0.02792,0.00149
28.377,0.02743,0.00201
28.378,0.02872,0.00254
28.379,0.03168,0.00301
28.38,0.03605,0.00335
28.381,0.04144,0.00352
28.382,0.04741,0.00347
28.383,0.05341,0.00318
28.384,0.05896,0.00263
28.385,0.06357,0.00184
28.386,0.06684,8.56E-04
28.387,0.06845,-2.73E-04
28.388,0.06815,-0.00147
28.389,0.06591,-0.00265
28.39,0.06175,-0.00373
28.391,0.05586,-0.00464
28.392,0.0485,-0.00529
28.393,0.04005,-0.00564
28.394,0.03101,-0.00565
28.395,0.02183,-0.00531
28.396,0.01298,-0.00463
28.397,0.00489,-0.00365
28.398,-0.00202,-0.00243
28.399,-0.00741,-0.00104
28.4,-0.01108,4.37E-04
28.401,-0.01294,0.00191
28.402,-0.01298,0.00329
28.403,-0.01134,0.00449
28.404,-0.00816,0.00543
28.405,-0.00377,0.00608
28.406,0.00148,0.00637
28.407,0.00721,0.0063
28.408,0.01301,0.00587
28.409,0.01854,0.00509
28.41,0.02343,0.00401
28.411,0.02737,0.00268
28.412,0.03014,0.00116
28.413,0.03157,-4.60E-04
28.414,0.03164,-0.00211
28.415,0.03034,-0.0037
28.416,0.02777,-0.00516
28.417,0.02407,-0.00642
28.418,0.01942,-0.00743
28.419,0.01414,-0.00813
28.42,0.00849,-0.00851
28.421,0.00275,-0.00857
28.422,-0.00282,-0.0083
28.423,-0.00799,-0.00774
28.424,-0.01254,-0.00694
28.425,-0.01628,-0.00596
28.426,-0.01912,-0.00487
28.427,-0.02103,-0.00373
28.428,-0.02204,-0.00264
28.429,-0.0222,-0.00164
28.43,-0.02162,-8.04E-04
28.431,-0.02049,-1.80E-04
28.432,-0.01897,2.05E-04
28.433,-0.01732,3.39E-04
28.434,-0.01568,2.36E-04
28.435,-0.0143,-8.32E-05
28.436,-0.01334,-5.82E-04
28.437,-0.01295,-0.00121
28.438,-0.01326,-0.00192
28.439,-0.01425,-0.00264
28.44,-0.01595,-0.00331
28.441,-0.01832,-0.0039
28.442,-0.02128,-0.00436
28.443,-0.0247,-0.00467
28.444,-0.02835,-0.00483
28.445,-0.03207,-0.00482
28.446,-0.03568,-0.00467
28.447,-0.039,-0.0044
28.448,-0.04193,-0.00405
28.449,-0.04424,-0.00367
28.45,-0.04588,-0.00328
28.451,-0.04682,-0.00293
28.452,-0.04709,-0.00265
28.453,-0.04679,-0.00246
28.454,-0.04597,-0.0024
28.455,-0.0448,-0.00247
28.456,-0.04345,-0.00268
28.457,-0.04213,-0.00302
28.458,-0.0411,-0.00347
28.459,-0.04047,-0.00403
28.46,-0.04042,-0.00467
28.461,-0.0411,-0.00537
28.462,-0.04261,-0.0061
28.463,-0.04504,-0.00682
28.464,-0.04831,-0.00752
28.465,-0.05238,-0.00815
28.466,-0.05716,-0.00869
28.467,-0.06254,-0.00912
28.468,-0.06838,-0.00941
28.469,-0.0744,-0.00954
28.47,-0.08045,-0.0095
28.471,-0.08634,-0.0093
28.472,-0.09192,-0.00892
28.473,-0.09704,-0.00838
28.474,-0.10149,-0.00771
28.475,-0.10523,-0.00693
28.476,-0.10822,-0.00608
28.477,-0.11045,-0.00519
28.478,-0.11196,-0.00432
28.479,-0.11273,-0.00349
28.48,-0.11289,-0.00275
28.481,-0.11258,-0.00212
28.482,-0.11191,-0.00163
28.483,-0.11105,-0.00128
28.484,-0.11004,-0.00109
28.485,-0.1091,-0.00103
28.486,-0.10834,-0.0011
28.487,-0.10787,-0.00126
28.488,-0.10779,-0.0015
28.489,-0.1081,-0.00178
28.49,-0.10887,-0.00207
28.491,-0.11014,-0.00234
28.492,-0.11187,-0.00258
28.493,-0.11404,-0.00276
28.494,-0.11652,-0.00289
28.495,-0.11927,-0.00297
28.496,-0.12218,-0.00298
28.497,-0.12517,-0.00294
28.498,-0.12808,-0.00286
28.499,-0.1308,-0.00274
28.5,-0.1332,-0.00259
28.501,-0.13522,-0.00242
28.502,-0.13675,-0.00222
28.503,-0.13774,-0.00201
28.504,-0.13812,-0.00178
28.505,-0.1379,-0.00153
28.506,-0.13711,-0.00127
28.507,-0.13578,-0.001
28.508,-0.13401,-7.39E-04
28.509,-0.13185,-4.90E-04
28.51,-0.12946,-2.76E-04
28.511,-0.12697,-1.16E-04
28.512,-0.1245,-2.81E-05
28.513,-0.12221,-3.21E-05
28.514,-0.12021,-1.43E-04
28.515,-0.11865,-3.69E-04
28.516,-0.11761,-7.11E-04
28.517,-0.11715,-0.00116
28.518,-0.11732,-0.0017
28.519,-0.11811,-0.0023
28.52,-0.11949,-0.00293
28.521,-0.1214,-0.00356
28.522,-0.12372,-0.00414
28.523,-0.12631,-0.00463
28.524,-0.12904,-0.00501
28.525,-0.13174,-0.00524
28.526,-0.13426,-0.00532
28.527,-0.13642,-0.00522
28.528,-0.13805,-0.00496
28.529,-0.13907,-0.00455
28.53,-0.13938,-0.00401
28.531,-0.13895,-0.00338
28.532,-0.13773,-0.00269
28.533,-0.13572,-0.00196
28.534,-0.13303,-0.00125
28.535,-0.12976,-5.65E-04
28.536,-0.12602,5.50E-05
28.537,-0.12195,5.97E-04
28.538,-0.11766,0.00105
28.539,-0.11335,0.00141
28.54,-0.10918,0.00169
28.541,-0.10525,0.00188
28.542,-0.10166,0.00201
28.543,-0.09846,0.00207
28.544,-0.09573,0.00209
28.545,-0.09349,0.00209
28.546,-0.0917,0.00208
28.547,-0.09031,0.00206
28.548,-0.08919,0.00205
28.549,-0.08836,0.00203
28.55,-0.08767,0.00203
28.551,-0.08702,0.00205
28.552,-0.0863,0.00207
28.553,-0.08538,0.00207
28.554,-0.08431,0.00206
28.555,-0.08299,0.00202
28.556,-0.08138,0.00194
28.557,-0.07948,0.0018
28.558,-0.07723,0.00158
28.559,-0.0748,0.00127
28.56,-0.07219,8.56E-04
28.561,-0.06945,3.37E-04
28.562,-0.06662,-2.92E-04
28.563,-0.06368,-0.00103
28.564,-0.06081,-0.00185
28.565,-0.058,-0.00275
28.566,-0.05526,-0.00369
28.567,-0.05258,-0.00464
28.568,-0.04984,-0.00557
28.569,-0.04716,-0.00644
28.57,-0.04442,-0.00722
28.571,-0.04156,-0.00789
28.572,-0.0385,-0.00841
28.573,-0.03512,-0.00878
28.574,-0.03146,-0.00898
28.575,-0.02745,-0.00904
28.576,-0.02305,-0.00896
28.577,-0.01824,-0.00878
28.578,-0.01304,-0.00851
28.579,-0.00762,-0.00818
28.58,-0.00201,-0.00782
28.581,0.00369,-0.00747
28.582,0.00933,-0.00713
28.583,0.01478,-0.0068
28.584,0.01977,-0.00649
28.585,0.02419,-0.00619
28.586,0.02794,-0.00589
28.587,0.03088,-0.00556
28.588,0.03297,-0.00517
28.589,0.03405,-0.00471
28.59,0.03419,-0.00416
28.591,0.03347,-0.00352
28.592,0.032,-0.00279
28.593,0.02996,-0.00198
28.594,0.02744,-0.00112
28.595,0.02471,-2.43E-04
28.596,0.02201,6.12E-04
28.597,0.01956,0.0014
28.598,0.01763,0.00209
28.599,0.01631,0.00263
28.6,0.0158,0.003
28.601,0.01619,0.00319
28.602,0.01754,0.00319
28.603,0.01986,0.003
28.604,0.02302,0.00265
28.605,0.02692,0.00217
28.606,0.03141,0.0016
28.607,0.03629,9.81E-04
28.608,0.04135,3.63E-04
28.609,0.04634,-2.20E-04
28.61,0.05106,-7.25E-04
28.611,0.05534,-0.00112
28.612,0.059,-0.00139
28.613,0.0619,-0.00152
28.614,0.06397,-0.00152
28.615,0.0652,-0.00139
28.616,0.0656,-0.00114
28.617,0.06523,-8.01E-04
28.618,0.06414,-3.91E-04
28.619,0.06245,6.06E-05
28.62,0.06031,5.27E-04
28.621,0.05785,9.86E-04
28.622,0.05519,0.00142
28.623,0.05244,0.0018
28.624,0.04966,0.00213
28.625,0.04696,0.00239
28.626,0.0444,0.00257
28.627,0.04201,0.00268
28.628,0.03979,0.00272
28.629,0.03774,0.00269
28.63,0.03585,0.00261
28.631,0.03411,0.00248
28.632,0.03253,0.00231
28.633,0.03112,0.00212
28.634,0.02989,0.00192
28.635,0.02885,0.00172
28.636,0.02803,0.00154
28.637,0.02749,0.00139
28.638,0.02728,0.00128
28.639,0.02748,0.00119
28.64,0.02809,0.00115
28.641,0.02914,0.00115
28.642,0.03064,0.00119
28.643,0.03258,0.00125
28.644,0.03496,0.00134
28.645,0.03768,0.00145
28.646,0.04065,0.00157
28.647,0.04379,0.00171
28.648,0.04694,0.00186
28.649,0.05,0.00202
28.65,0.05283,0.00221
28.651,0.0553,0.00241
28.652,0.05731,0.00264
28.653,0.05875,0.00288
28.654,0.05956,0.00314
28.655,0.05973,0.00339
28.656,0.05927,0.00364
28.657,0.05821,0.00384
28.658,0.05661,0.00398
28.659,0.05457,0.00403
28.66,0.05221,0.00396
28.661,0.04968,0.00375
28.662,0.0471,0.00338
28.663,0.04461,0.00283
28.664,0.04231,0.00212
28.665,0.04033,0.00127
28.666,0.03875,3.02E-04
28.667,0.03762,-7.37E-04
28.668,0.03697,-0.00179
28.669,0.03679,-0.00281
28.67,0.03706,-0.00371
28.671,0.03774,-0.00445
28.672,0.03874,-0.00498
28.673,0.03998,-0.00527
28.674,0.04137,-0.00528
28.675,0.04281,-0.00502
28.676,0.04421,-0.00451
28.677,0.04547,-0.00379
28.678,0.04652,-0.00292
28.679,0.04731,-0.00194
28.68,0.04778,-9.53E-04
28.681,0.04791,-1.22E-05
28.682,0.04768,8.13E-04
28.683,0.04712,0.00147
28.684,0.04627,0.00191
28.685,0.04516,0.00212
28.686,0.04386,0.00209
28.687,0.04244,0.00184
28.688,0.04098,0.0014
28.689,0.03958,8.08E-04
28.69,0.03834,1.23E-04
28.691,0.03733,-6.02E-04
28.692,0.03662,-0.00131
28.693,0.03625,-0.00196
28.694,0.03628,-0.00251
28.695,0.03673,-0.00292
28.696,0.03759,-0.00319
28.697,0.03881,-0.00331
28.698,0.04029,-0.00327
28.699,0.04197,-0.00312
28.7,0.04371,-0.00286
28.701,0.04539,-0.00252
28.702,0.04686,-0.00214
28.703,0.04793,-0.00173
28.704,0.04848,-0.00132
28.705,0.04839,-9.33E-04
28.706,0.04756,-5.81E-04
28.707,0.04593,-2.71E-04
28.708,0.04347,-9.87E-06
28.709,0.04022,2.02E-04
28.71,0.03626,3.62E-04
28.711,0.0317,4.73E-04
28.712,0.02671,5.39E-04
28.713,0.02153,5.64E-04
28.714,0.01638,5.50E-04
28.715,0.01149,5.00E-04
28.716,0.00709,4.16E-04
28.717,0.00342,3.02E-04
28.718,7.08E-04,1.67E-04
28.719,-8.80E-04,1.16E-05
28.72,-0.00125,-1.55E-04
28.721,-3.72E-04,-3.23E-04
28.722,0.00177,-4.85E-04
28.723,0.00511,-6.26E-04
28.724,0.00954,-7.40E-04
28.725,0.01484,-8.16E-04
28.726,0.02079,-8.44E-04
28.727,0.02715,-8.15E-04
28.728,0.03361,-7.24E-04
28.729,0.03991,-5.68E-04
28.73,0.04576,-3.46E-04
28.731,0.05091,-6.02E-05
28.732,0.05516,2.85E-04
28.733,0.05831,6.81E-04
28.734,0.06025,0.00112
28.735,0.06092,0.00158
28.736,0.06034,0.00205
28.737,0.05857,0.00251
28.738,0.05572,0.00295
28.739,0.05193,0.00333
28.74,0.04746,0.00365
28.741,0.04254,0.00387
28.742,0.03742,0.004
28.743,0.03237,0.00401
28.744,0.02761,0.00389
28.745,0.02341,0.00366
28.746,0.01997,0.00332
28.747,0.01743,0.00288
28.748,0.01592,0.00237
28.749,0.01546,0.00181
28.75,0.01606,0.00124
28.751,0.01767,6.81E-04
28.752,0.02016,1.73E-04
28.753,0.0234,-2.66E-04
28.754,0.02719,-6.12E-04
28.755,0.0313,-8.55E-04
28.756,0.0355,-9.96E-04
28.757,0.03959,-0.00104
28.758,0.04334,-0.00102
28.759,0.04658,-9.42E-04
28.76,0.04916,-8.47E-04
28.761,0.05096,-7.68E-04
28.762,0.05193,-7.33E-04
28.763,0.05205,-7.71E-04
28.764,0.05137,-8.92E-04
28.765,0.04999,-0.0011
28.766,0.04801,-0.0014
28.767,0.0456,-0.00177
28.768,0.04288,-0.00219
28.769,0.04005,-0.00263
28.77,0.03727,-0.00304
28.771,0.03468,-0.00341
28.772,0.0324,-0.0037
28.773,0.03052,-0.00389
28.774,0.02908,-0.00397
28.775,0.02808,-0.00396
28.776,0.02752,-0.00386
28.777,0.02735,-0.0037
28.778,0.02749,-0.00351
28.779,0.02785,-0.00333
28.78,0.02832,-0.0032
28.781,0.02882,-0.00315
28.782,0.02928,-0.0032
28.783,0.02964,-0.00335
28.784,0.02988,-0.00361
28.785,0.02998,-0.00395
28.786,0.02995,-0.00433
28.787,0.02985,-0.00473
28.788,0.02975,-0.00508
28.789,0.02972,-0.00533
28.79,0.02983,-0.00545
28.791,0.03016,-0.00539
28.792,0.03074,-0.00514
28.793,0.03162,-0.00468
28.794,0.0328,-0.00402
28.795,0.03426,-0.00321
28.796,0.03592,-0.00227
28.797,0.03772,-0.00126
28.798,0.03954,-2.41E-04
28.799,0.04125,7.15E-04
28.8,0.04274,0.00155
28.801,0.0439,0.00222
28.802,0.04464,0.00268
28.803,0.04488,0.0029
28.804,0.04459,0.00289
28.805,0.04378,0.00265
28.806,0.04252,0.00222
28.807,0.04087,0.00164
28.808,0.03895,9.58E-04
28.809,0.0369,2.32E-04
28.81,0.03487,-4.73E-04
28.811,0.03303,-0.0011
28.812,0.03148,-0.0016
28.813,0.03033,-0.00194
28.814,0.02966,-0.00209
28.815,0.02948,-0.00203
28.816,0.02976,-0.00178
28.817,0.03046,-0.00135
28.818,0.03145,-7.60E-04
28.819,0.03259,-6.12E-05
28.82,0.03371,7.04E-04
28.821,0.03464,0.00149
28.822,0.03524,0.00224
28.823,0.03541,0.00292
28.824,0.03504,0.00348
28.825,0.03407,0.00389
28.826,0.03251,0.00413
28.827,0.03046,0.00419
28.828,0.02808,0.00408
28.829,0.02551,0.00382
28.83,0.02295,0.00342
28.831,0.02064,0.00294
28.832,0.0188,0.00242
28.833,0.01769,0.00191
28.834,0.01748,0.00144
28.835,0.0183,0.00108
28.836,0.02023,8.51E-04
28.837,0.02328,7.85E-04
28.838,0.02741,9.02E-04
28.839,0.03249,0.00119
28.84,0.03834,0.00164
28.841,0.04472,0.00222
28.842,0.05138,0.0029
28.843,0.05799,0.00364
28.844,0.06427,0.00438
28.845,0.06995,0.00507
28.846,0.0748,0.00567
28.847,0.07862,0.00616
28.848,0.0812,0.00651
28.849,0.08247,0.00671
28.85,0.08242,0.00679
28.851,0.08109,0.00676
28.852,0.07856,0.00666
28.853,0.07495,0.00653
28.854,0.0704,0.00642
28.855,0.06516,0.00637
28.856,0.05945,0.00643
28.857,0.05348,0.00662
28.858,0.04749,0.00692
28.859,0.04167,0.00736
28.86,0.03621,0.00789
28.861,0.0313,0.0085
28.862,0.02706,0.0091
28.863,0.02364,0.00965
28.864,0.02111,0.01006
28.865,0.01951,0.01029
28.866,0.01885,0.01028
28.867,0.01915,0.00999
28.868,0.02039,0.00939
28.869,0.02252,0.00848
28.87,0.02543,0.00727
28.871,0.02902,0.0058
28.872,0.03316,0.00414
28.873,0.03771,0.00234
28.874,0.04254,5.03E-04
28.875,0.04744,-0.0013
28.876,0.05222,-0.00298
28.877,0.05673,-0.00446
28.878,0.06076,-0.00566
28.879,0.06418,-0.00653
28.88,0.06686,-0.00703
28.881,0.06868,-0.00716
28.882,0.06958,-0.00691
28.883,0.0695,-0.0063
28.884,0.06847,-0.00537
28.885,0.06657,-0.00417
28.886,0.06393,-0.00277
28.887,0.06066,-0.00126
28.888,0.0569,3.10E-04
28.889,0.05286,0.00185
28.89,0.04877,0.0033
28.891,0.04484,0.00457
28.892,0.04121,0.00562
28.893,0.038,0.00642
28.894,0.03535,0.00694
28.895,0.03333,0.00717
28.896,0.03196,0.00713
28.897,0.03117,0.00684
28.898,0.03085,0.00635
28.899,0.0309,0.0057
28.9,0.03114,0.00495
28.901,0.0314,0.00417
28.902,0.03148,0.00342
28.903,0.0312,0.00274
28.904,0.03046,0.00216
28.905,0.02911,0.00173
28.906,0.0271,0.00146
28.907,0.02442,0.00133
28.908,0.02112,0.00133
28.909,0.01735,0.00142
28.91,0.01325,0.00156
28.911,0.00897,0.00171
28.912,0.00474,0.00181
28.913,7.74E-04,0.00182
28.914,-0.00266,0.00172
28.915,-0.00542,0.00147
28.916,-0.00736,0.00108
28.917,-0.00839,5.51E-04
28.918,-0.00847,-8.15E-05
28.919,-0.00756,-7.76E-04
28.92,-0.00579,-0.00149
28.921,-0.00329,-0.00217
28.922,-2.25E-04,-0.00276
28.923,0.00319,-0.00322
28.924,0.00676,-0.00349
28.925,0.01027,-0.00357
28.926,0.01349,-0.00345
28.927,0.01626,-0.00313
28.928,0.01838,-0.00263
28.929,0.01981,-0.00199
28.93,0.02051,-0.00126
28.931,0.02046,-4.83E-04
28.932,0.0197,2.90E-04
28.933,0.01826,0.00101
28.934,0.0163,0.00164
28.935,0.01394,0.00216
28.936,0.01131,0.00254
28.937,0.00851,0.00279
28.938,0.00562,0.00291
28.939,0.00273,0.00292
28.94,-9.64E-05,0.00283
28.941,-0.00284,0.00269
28.942,-0.00551,0.00251
28.943,-0.00811,0.00232
28.944,-0.01069,0.00214
28.945,-0.01331,0.00198
28.946,-0.016,0.00186
28.947,-0.01878,0.00176
28.948,-0.02159,0.00169
28.949,-0.02442,0.00163
28.95,-0.02724,0.00157
28.951,-0.02995,0.00152
28.952,-0.03242,0.00145
28.953,-0.03441,0.00136
28.954,-0.03579,0.00125
28.955,-0.03642,0.00113
28.956,-0.03616,9.89E-04
28.957,-0.03484,8.51E-04
28.958,-0.03233,7.23E-04
28.959,-0.0286,6.19E-04
28.96,-0.02368,5.50E-04
28.961,-0.01767,5.26E-04
28.962,-0.01068,5.55E-04
28.963,-0.00289,6.42E-04
28.964,0.0054,7.91E-04
28.965,0.0139,1.00E-03
28.966,0.02228,0.00126
28.967,0.03022,0.00157
28.968,0.03743,0.00191
28.969,0.04354,0.00226
28.97,0.04836,0.00261
28.971,0.05172,0.00295
28.972,0.05356,0.00324
28.973,0.05388,0.00348
28.974,0.05268,0.00363
28.975,0.05021,0.00369
28.976,0.04673,0.00363
28.977,0.04253,0.00346
28.978,0.038,0.00317
28.979,0.03341,0.00275
28.98,0.0292,0.00223
28.981,0.02571,0.00163
28.982,0.02321,9.68E-04
28.983,0.02193,2.90E-04
28.984,0.02193,-3.69E-04
28.985,0.02329,-9.66E-04
28.986,0.02596,-0.00146
28.987,0.02979,-0.00182
28.988,0.03457,-0.00199
28.989,0.03996,-0.00197
28.99,0.04565,-0.00174
28.991,0.05131,-0.00131
28.992,0.05661,-6.90E-04
28.993,0.06125,9.69E-05
28.994,0.06494,0.00101
28.995,0.06752,0.00199
28.996,0.06889,0.00301
28.997,0.06902,0.004
28.998,0.068,0.00493
28.999,0.06595,0.00575
29,0.0631,0.00643
29.001,0.05972,0.00694
29.002,0.05609,0.0073
29.003,0.05249,0.0075
29.004,0.0492,0.00755
29.005,0.04646,0.00748
29.006,0.04448,0.00734
29.007,0.04335,0.00714
29.008,0.04314,0.00694
29.009,0.0438,0.00675
29.01,0.04523,0.00662
29.011,0.0473,0.00656
29.012,0.0498,0.00659
29.013,0.05252,0.00672
29.014,0.05519,0.00694
29.015,0.05759,0.00724
29.016,0.05952,0.00762
29.017,0.06085,0.00806
29.018,0.06148,0.00851
29.019,0.06136,0.00897
29.02,0.06053,0.0094
29.021,0.05906,0.00978
29.022,0.05712,0.01009
29.023,0.05489,0.01029
29.024,0.05258,0.01037
29.025,0.05043,0.01031
29.026,0.04863,0.01012
29.027,0.04738,0.00979
29.028,0.04684,0.00931
29.029,0.0471,0.00872
29.03,0.04818,0.00802
29.031,0.05007,0.00726
29.032,0.05269,0.00646
29.033,0.05593,0.00566
29.034,0.05955,0.00489
29.035,0.06331,0.0042
29.036,0.067,0.00362
29.037,0.07038,0.00317
29.038,0.07332,0.00285
29.039,0.07553,0.00268
29.04,0.07689,0.00263
29.041,0.07731,0.00267
29.042,0.07682,0.00277
29.043,0.07555,0.0029
29.044,0.07363,0.00299
29.045,0.07132,0.003
29.046,0.06889,0.00289
29.047,0.06664,0.00263
29.048,0.06484,0.00221
29.049,0.06404,0.00165
29.05,0.06466,9.60E-04
29.051,0.067,1.89E-04
29.052,0.07117,-6.05E-04
29.053,0.07684,-0.00135
29.054,0.08452,-0.00195
29.055,0.09408,-0.00233
29.056,0.10525,-0.00244
29.057,0.11733,-0.00221
29.058,0.1289,-0.00162
29.059,0.13984,-6.52E-04
29.06,0.14915,6.70E-04
29.061,0.15584,0.0023
29.062,0.15856,0.00415
29.063,0.1554,0.0061
29.064,0.14595,0.00806
29.065,0.12917,0.00989
29.066,0.10432,0.01147
29.067,0.07076,0.01268
29.068,0.0279,0.0134
29.069,-0.02364,0.01355
29.07,-0.08342,0.01309
29.071,-0.15052,0.01201
29.072,-0.22354,0.01032
29.073,-0.30055,0.00807
29.074,-0.37921,0.00534
29.075,-0.45742,0.00225
29.076,-0.53286,-0.00106
29.077,-0.60285,-0.00447
29.078,-0.66431,-0.00781
29.079,-0.71483,-0.01094
29.08,-0.75295,-0.01372
29.081,-0.77735,-0.01605
29.082,-0.78677,-0.01783
29.083,-0.78013,-0.019
29.084,-0.75749,-0.01953
29.085,-0.72036,-0.01944
29.086,-0.67031,-0.01876
29.087,-0.60899,-0.01757
29.088,-0.53833,-0.01595
29.089,-0.46103,-0.01401
29.09,-0.3805,-0.0119
29.091,-0.29974,-0.00974
29.092,-0.22137,-0.00766
29.093,-0.14775,-0.00577
29.094,-0.08129,-0.00415
29.095,-0.0238,-0.00289
29.096,0.02356,-0.00202
29.097,0.0602,-0.00157
29.098,0.0862,-0.00149
29.099,0.10154,-0.00175
29.1,0.10767,-0.00226
29.101,0.10606,-0.00295
29.102,0.09828,-0.00371
29.103,0.08623,-0.00444
29.104,0.07102,-0.00506
29.105,0.05515,-0.00547
29.106,0.04033,-0.00563
29.107,0.02777,-0.00551
29.108,0.01849,-0.00509
29.109,0.01234,-0.00443
29.11,0.01018,-0.00356
29.111,0.01201,-0.00254
29.112,0.01736,-0.00147
29.113,0.02552,-4.16E-04
29.114,0.03516,5.12E-04
29.115,0.04566,0.00125
29.116,0.05619,0.00175
29.117,0.06592,0.00199
29.118,0.07407,0.00194
29.119,0.07997,0.00162
29.12,0.08337,0.00108
29.121,0.08425,3.83E-04
29.122,0.08276,-4.03E-04
29.123,0.07919,-0.0012
29.124,0.07407,-0.00191
29.125,0.06794,-0.00249
29.126,0.0614,-0.00285
29.127,0.05505,-0.00298
29.128,0.0494,-0.00285
29.129,0.04494,-0.00247
29.13,0.04194,-0.00186
29.131,0.04051,-0.00107
29.132,0.04062,-1.70E-04
29.133,0.0421,7.81E-04
29.134,0.04466,0.0017
29.135,0.04796,0.00253
29.136,0.05159,0.0032
29.137,0.05514,0.00366
29.138,0.05819,0.00389
29.139,0.06041,0.00387
29.14,0.06157,0.00361
29.141,0.06157,0.00314
29.142,0.06039,0.00249
29.143,0.05811,0.00171
29.144,0.05494,8.61E-04
29.145,0.05112,1.53E-05
29.146,0.04694,-7.71E-04
29.147,0.04271,-0.00144
29.148,0.03879,-0.00196
29.149,0.03547,-0.00227
29.15,0.03293,-0.00237
29.151,0.03132,-0.00225
29.152,0.03072,-0.00192
29.153,0.03115,-0.00142
29.154,0.03254,-7.77E-04
29.155,0.03476,-5.18E-05
29.156,0.03764,7.00E-04
29.157,0.04099,0.00142
29.158,0.04458,0.00203
29.159,0.04824,0.0025
29.16,0.05178,0.00276
29.161,0.05507,0.0028
29.162,0.058,0.00259
29.163,0.06046,0.00213
29.164,0.06243,0.00145
29.165,0.06388,5.71E-04
29.166,0.06482,-4.49E-04
29.167,0.06526,-0.00156
29.168,0.0652,-0.00268
29.169,0.06468,-0.00375
29.17,0.06373,-0.00471
29.171,0.06235,-0.0055
29.172,0.06056,-0.00609
29.173,0.05837,-0.00644
29.174,0.05581,-0.00654
29.175,0.05294,-0.00641
29.176,0.04983,-0.00608
29.177,0.04655,-0.00557
29.178,0.04317,-0.00494
29.179,0.03986,-0.00423
29.18,0.03675,-0.00351
29.181,0.03399,-0.00282
29.182,0.03171,-0.0022
29.183,0.02999,-0.00168
29.184,0.02899,-0.00126
29.185,0.02872,-9.53E-04
29.186,0.0292,-7.46E-04
29.187,0.03038,-6.18E-04
29.188,0.0321,-5.43E-04
29.189,0.03428,-4.88E-04
29.19,0.03667,-4.25E-04
29.191,0.03905,-3.31E-04
29.192,0.04116,-1.94E-04
29.193,0.04274,-1.21E-05
29.194,0.04359,2.12E-04
29.195,0.04351,4.66E-04
29.196,0.04236,7.31E-04
29.197,0.04007,9.75E-04
29.198,0.03663,0.00117
29.199,0.03218,0.00127
29.2,0.02685,0.00128
29.201,0.02088,0.00118
29.202,0.01452,9.47E-04
29.203,0.00809,5.89E-04
29.204,0.00198,1.16E-04
29.205,-0.00351,-4.52E-04
29.206,-0.0081,-0.00109
29.207,-0.01154,-0.00178
29.208,-0.01368,-0.00248
29.209,-0.01435,-0.00317
29.21,-0.01357,-0.00383
29.211,-0.01142,-0.00443
29.212,-0.00806,-0.00497
29.213,-0.00378,-0.00544
29.214,0.00119,-0.00582
29.215,0.00648,-0.00612
29.216,0.01171,-0.00634
29.217,0.01652,-0.0065
29.218,0.02051,-0.00658
29.219,0.02344,-0.0066
29.22,0.02503,-0.00655
29.221,0.02512,-0.00645
29.222,0.02362,-0.0063
29.223,0.02051,-0.00609
29.224,0.01593,-0.00583
29.225,0.01004,-0.00552
29.226,0.0031,-0.00517
29.227,-0.00461,-0.00479
29.228,-0.01271,-0.00438
29.229,-0.02082,-0.00395
29.23,-0.02857,-0.00352
29.231,-0.03561,-0.00309
29.232,-0.04164,-0.00268
29.233,-0.0464,-0.00231
29.234,-0.04966,-0.00198
29.235,-0.05135,-0.00169
29.236,-0.05143,-0.00147
29.237,-0.04997,-0.0013
29.238,-0.04713,-0.00121
29.239,-0.04306,-0.0012
29.24,-0.03806,-0.00128
29.241,-0.03245,-0.00144
29.242,-0.02657,-0.0017
29.243,-0.0208,-0.00206
29.244,-0.0154,-0.00252
29.245,-0.01071,-0.00308
29.246,-0.00701,-0.00372
29.247,-0.00449,-0.00444
29.248,-0.00337,-0.00523
29.249,-0.00361,-0.00604
29.25,-0.00523,-0.00685
29.251,-0.00815,-0.00763
29.252,-0.01226,-0.00835
29.253,-0.01741,-0.00896
29.254,-0.0233,-0.00944
29.255,-0.02966,-0.00977
29.256,-0.03624,-0.00992
29.257,-0.0428,-0.0099
29.258,-0.04916,-0.00971
29.259,-0.05506,-0.00938
29.26,-0.06035,-0.00893
29.261,-0.06495,-0.00842
29.262,-0.06883,-0.00788
29.263,-0.07204,-0.00737
29.264,-0.07459,-0.00693
29.265,-0.0766,-0.00661
29.266,-0.07823,-0.00644
29.267,-0.07962,-0.00644
29.268,-0.08096,-0.00662
29.269,-0.08228,-0.00697
29.27,-0.08376,-0.00747
29.271,-0.08548,-0.0081
29.272,-0.08748,-0.0088
29.273,-0.0898,-0.00953
29.274,-0.09225,-0.01023
29.275,-0.09483,-0.01086
29.276,-0.09744,-0.01137
29.277,-0.09997,-0.01173
29.278,-0.10232,-0.01189
29.279,-0.10428,-0.01185
29.28,-0.10583,-0.01161
29.281,-0.10692,-0.01116
29.282,-0.10757,-0.01053
29.283,-0.10784,-0.00974
29.284,-0.10774,-0.00883
29.285,-0.10745,-0.00784
29.286,-0.10713,-0.00681
29.287,-0.10695,-0.00579
29.288,-0.10708,-0.00482
29.289,-0.10764,-0.00394
29.29,-0.10878,-0.00319
29.291,-0.11057,-0.00259
29.292,-0.11303,-0.00217
29.293,-0.11612,-0.00193
29.294,-0.11967,-0.00188
29.295,-0.12357,-0.002
29.296,-0.12759,-0.00229
29.297,-0.1315,-0.00271
29.298,-0.13505,-0.00323
29.299,-0.13796,-0.00382
29.3,-0.14004,-0.00444
29.301,-0.14114,-0.00504
29.302,-0.14116,-0.00558
29.303,-0.14007,-0.00603
29.304,-0.1379,-0.00637
29.305,-0.13482,-0.00659
29.306,-0.13105,-0.00667
29.307,-0.12684,-0.00663
29.308,-0.12249,-0.00647
29.309,-0.11831,-0.00622
29.31,-0.11463,-0.00591
29.311,-0.11173,-0.00557
29.312,-0.10982,-0.00523
29.313,-0.10903,-0.00491
29.314,-0.10944,-0.00462
29.315,-0.11101,-0.00438
29.316,-0.11363,-0.0042
29.317,-0.11708,-0.00405
29.318,-0.12104,-0.00392
29.319,-0.12524,-0.00379
29.32,-0.12929,-0.00364
29.321,-0.13288,-0.00345
29.322,-0.13566,-0.0032
29.323,-0.13733,-0.00287
29.324,-0.13775,-0.00248
29.325,-0.1368,-0.00203
29.326,-0.13447,-0.00155
29.327,-0.13084,-0.00105
29.328,-0.12603,-5.75E-04
29.329,-0.12037,-1.63E-04
29.33,-0.11416,1.56E-04
29.331,-0.10775,3.60E-04
29.332,-0.10145,4.34E-04
29.333,-0.09554,3.77E-04
29.334,-0.0904,1.95E-04
29.335,-0.08621,-7.97E-05
29.336,-0.08312,-4.08E-04
29.337,-0.08113,-7.46E-04
29.338,-0.08014,-0.00104
29.339,-0.08008,-0.00126
29.34,-0.08071,-0.00134
29.341,-0.08173,-0.00125
29.342,-0.08283,-9.83E-04
29.343,-0.08361,-5.36E-04
29.344,-0.08386,6.92E-05
29.345,-0.08325,7.99E-04
29.346,-0.08157,0.00161
29.347,-0.07868,0.00243
29.348,-0.07451,0.0032
29.349,-0.06923,0.00386
29.35,-0.06293,0.00434
29.351,-0.05583,0.0046
29.352,-0.04822,0.0046
29.353,-0.04044,0.00435
29.354,-0.03297,0.00383
29.355,-0.02611,0.00309
29.356,-0.02018,0.00217
29.357,-0.01545,0.00112
29.358,-0.0121,2.15E-05
29.359,-0.01035,-0.00106
29.36,-0.01017,-0.00205
29.361,-0.01147,-0.00288
29.362,-0.01407,-0.00349
29.363,-0.01766,-0.00386
29.364,-0.02203,-0.00395
29.365,-0.02676,-0.00376
29.366,-0.03146,-0.00331
29.367,-0.03574,-0.00264
29.368,-0.03919,-0.00178
29.369,-0.0416,-8.13E-04
29.37,-0.04268,2.08E-04
29.371,-0.04227,0.00121
29.372,-0.0403,0.00212
29.373,-0.03674,0.00289
29.374,-0.03181,0.00345
29.375,-0.02566,0.00378
29.376,-0.01857,0.00385
29.377,-0.01082,0.00367
29.378,-0.00275,0.00324
29.379,0.0052,0.0026
29.38,0.01268,0.00181
29.381,0.0194,9.16E-04
29.382,0.02508,-1.30E-05
29.383,0.02956,-9.07E-04
29.384,0.03263,-0.0017
29.385,0.03427,-0.00233
29.386,0.03453,-0.00274
29.387,0.03354,-0.00292
29.388,0.03154,-0.00284
29.389,0.02872,-0.00252
29.39,0.02544,-0.00197
29.391,0.02206,-0.00124
29.392,0.01889,-3.80E-04
29.393,0.01631,5.38E-04
29.394,0.01452,0.00145
29.395,0.01382,0.00228
29.396,0.01435,0.00297
29.397,0.01621,0.00348
29.398,0.01937,0.00376
29.399,0.02367,0.00381
29.4,0.02895,0.00362
29.401,0.03495,0.00322
29.402,0.04138,0.00264
29.403,0.04786,0.00193
29.404,0.054,0.00115
29.405,0.05945,3.44E-04
29.406,0.06392,-4.24E-04
29.407,0.06717,-0.00111
29.408,0.06903,-0.00168
29.409,0.06938,-0.00212
29.41,0.06827,-0.0024
29.411,0.06581,-0.00254
29.412,0.0622,-0.00256
29.413,0.05773,-0.00247
29.414,0.05271,-0.00232
29.415,0.04752,-0.00213
29.416,0.04254,-0.00194
29.417,0.03811,-0.00177
29.418,0.03454,-0.00163
29.419,0.03204,-0.00153
29.42,0.03079,-0.00149
29.421,0.03085,-0.00149
29.422,0.0322,-0.00153
29.423,0.0347,-0.00158
29.424,0.03816,-0.00162
29.425,0.04231,-0.00165
29.426,0.04686,-0.00164
29.427,0.05148,-0.00158
29.428,0.05586,-0.00148
29.429,0.05972,-0.00131
29.43,0.0628,-0.00109
29.431,0.06494,-8.20E-04
29.432,0.06605,-5.04E-04
29.433,0.06607,-1.53E-04
29.434,0.06507,2.23E-04
29.435,0.06318,6.20E-04
29.436,0.06054,0.00103
29.437,0.05737,0.00144
29.438,0.05388,0.00184
29.439,0.05032,0.00221
29.44,0.0469,0.00255
29.441,0.04378,0.00284
29.442,0.04111,0.00306
29.443,0.03899,0.00319
29.444,0.03746,0.00321
29.445,0.03653,0.00311
29.446,0.03617,0.00288
29.447,0.03629,0.00251
29.448,0.03679,0.002
29.449,0.0376,0.00137
29.45,0.03862,6.39E-04
29.451,0.03977,-1.57E-04
29.452,0.04097,-9.80E-04
29.453,0.04214,-0.00178
29.454,0.04326,-0.00251
29.455,0.04431,-0.00312
29.456,0.04526,-0.00356
29.457,0.0461,-0.00381
29.458,0.04677,-0.00383
29.459,0.04728,-0.00361
29.46,0.04755,-0.00317
29.461,0.04752,-0.00253
29.462,0.0471,-0.00172
29.463,0.04626,-7.91E-04
29.464,0.04489,2.00E-04
29.465,0.04293,0.00119
29.466,0.04036,0.00211
29.467,0.03717,0.00292
29.468,0.03347,0.00354
29.469,0.02935,0.00395
29.47,0.02498,0.00412
29.471,0.02056,0.00403
29.472,0.01635,0.0037
29.473,0.01268,0.00313
29.474,0.00983,0.00237
29.475,0.00808,0.00144
29.476,0.00764,4.02E-04
29.477,0.00871,-6.95E-04
29.478,0.01137,-0.0018
29.479,0.01563,-0.00285
29.48,0.02137,-0.00381
29.481,0.02837,-0.00464
29.482,0.03631,-0.0053
29.483,0.04476,-0.00577
29.484,0.05328,-0.00604
29.485,0.06138,-0.00612
29.486,0.06857,-0.00601
29.487,0.07441,-0.00574
29.488,0.07845,-0.00531
29.489,0.08046,-0.00476
29.49,0.08028,-0.00414
29.491,0.07792,-0.00348
29.492,0.07345,-0.0028
29.493,0.0671,-0.00213
29.494,0.05924,-0.00149
29.495,0.05035,-8.99E-04
29.496,0.04094,-3.61E-04
29.497,0.0315,1.30E-04
29.498,0.02254,5.89E-04
29.499,0.0145,0.00104
29.5,0.00777,0.00149
29.501,0.00258,0.00199
29.502,-9.37E-04,0.00254
29.503,-0.00275,0.00315
29.504,-0.00298,0.00384
29.505,-0.00188,0.0046
29.506,2.41E-04,0.00542
29.507,0.00306,0.00626
29.508,0.00624,0.00708
29.509,0.00945,0.00783
29.51,0.01234,0.00846
29.511,0.01469,0.00892
29.512,0.01639,0.00916
29.513,0.0174,0.00913
29.514,0.01783,0.00879
29.515,0.01778,0.00816
29.516,0.01746,0.00723
29.517,0.0171,0.00604
29.518,0.01699,0.00463
29.519,0.01738,0.00304
29.52,0.01844,0.00137
29.521,0.02029,-3.19E-04
29.522,0.02296,-0.00195
29.523,0.02638,-0.00345
29.524,0.0304,-0.00476
29.525,0.03479,-0.00584
29.526,0.03927,-0.00667
29.527,0.04351,-0.00724
29.528,0.04717,-0.00755
29.529,0.0499,-0.00762
29.53,0.05149,-0.00751
29.531,0.05177,-0.00725
29.532,0.05067,-0.00689
29.533,0.04819,-0.00647
29.534,0.04446,-0.00603
29.535,0.03974,-0.00561
29.536,0.03435,-0.00523
29.537,0.02865,-0.00489
29.538,0.02303,-0.00459
29.539,0.01789,-0.00432
29.54,0.01357,-0.00405
29.541,0.01036,-0.00379
29.542,0.00844,-0.00349
29.543,0.00793,-0.00315
29.544,0.00879,-0.00274
29.545,0.01089,-0.00227
29.546,0.014,-0.00173
29.547,0.01783,-0.00113
29.548,0.02205,-4.98E-04
29.549,0.02629,1.49E-04
29.55,0.03018,7.86E-04
29.551,0.03344,0.00139
29.552,0.03581,0.00193
29.553,0.03715,0.00237
29.554,0.03742,0.0027
29.555,0.03666,0.0029
29.556,0.03501,0.00297
29.557,0.03269,0.0029
29.558,0.02994,0.00269
29.559,0.02711,0.00235
29.56,0.02449,0.00191
29.561,0.02234,0.00138
29.562,0.02089,7.84E-04
29.563,0.02027,1.56E-04
29.564,0.02055,-4.78E-04
29.565,0.0217,-0.00109
29.566,0.02361,-0.00164
29.567,0.02608,-0.00212
29.568,0.02884,-0.00249
29.569,0.03161,-0.00275
29.57,0.0341,-0.00288
29.571,0.03605,-0.00289
29.572,0.03722,-0.00279
29.573,0.03745,-0.00257
29.574,0.03664,-0.00228
29.575,0.03482,-0.00193
29.576,0.03206,-0.00155
29.577,0.02856,-0.00118
29.578,0.02453,-8.35E-04
29.579,0.02027,-5.38E-04
29.58,0.01607,-3.09E-04
29.581,0.0122,-1.53E-04
29.582,0.00894,-6.65E-05
29.583,0.00651,-3.44E-05
29.584,0.00504,-3.54E-05
29.585,0.0046,-4.36E-05
29.586,0.00516,-2.96E-05
29.587,0.00662,3.56E-05
29.588,0.00886,1.77E-04
29.589,0.01168,4.14E-04
29.59,0.01482,7.59E-04
29.591,0.01805,0.00121
29.592,0.02117,0.00175
29.593,0.02397,0.00236
29.594,0.02633,0.00299
29.595,0.02816,0.00361
29.596,0.02944,0.00419
29.597,0.0302,0.00466
29.598,0.0305,0.00499
29.599,0.03048,0.00514
29.6,0.03027,0.00509
29.601,0.03001,0.00485
29.602,0.02981,0.00442
29.603,0.02975,0.0038
29.604,0.0299,0.00303
29.605,0.03026,0.00216
29.606,0.03079,0.00121
29.607,0.0314,2.46E-04
29.608,0.03201,-7.01E-04
29.609,0.03244,-0.00159
29.61,0.03259,-0.00239
29.611,0.03235,-0.00308
29.612,0.03164,-0.00364
29.613,0.03043,-0.00407
29.614,0.02871,-0.00438
29.615,0.02656,-0.00459
29.616,0.02411,-0.0047
29.617,0.02152,-0.00474
29.618,0.01899,-0.0047
29.619,0.01673,-0.00462
29.62,0.01494,-0.00451
29.621,0.0138,-0.00438
29.622,0.01345,-0.00422
29.623,0.01398,-0.00402
29.624,0.0154,-0.00377
29.625,0.01763,-0.00348
29.626,0.02054,-0.00313
29.627,0.02394,-0.0027
29.628,0.02762,-0.00219
29.629,0.03127,-0.00157
29.63,0.03463,-8.51E-04
29.631,0.03743,-2.98E-05
29.632,0.03947,8.90E-04
29.633,0.0406,0.0019
29.634,0.04073,0.00297
29.635,0.03987,0.00408
29.636,0.0381,0.00521
29.637,0.0356,0.00632
29.638,0.03262,0.00737
29.639,0.02943,0.00829
29.64,0.02636,0.00908
29.641,0.02372,0.00967
29.642,0.0218,0.01005
29.643,0.02084,0.01019
29.644,0.02099,0.01005
29.645,0.02233,0.00966
29.646,0.02485,0.00903
29.647,0.02843,0.00819
29.648,0.03286,0.00717
29.649,0.03785,0.00604
29.65,0.04307,0.00485
29.651,0.04818,0.00368
29.652,0.05283,0.00261
29.653,0.05669,0.00167
29.654,0.05948,9.39E-04
29.655,0.06104,4.36E-04
29.656,0.06127,1.84E-04
29.657,0.06018,1.79E-04
29.658,0.05788,3.99E-04
29.659,0.05457,8.01E-04
29.66,0.05053,0.00132
29.661,0.04609,0.0019
29.662,0.04159,0.00246
29.663,0.03736,0.00295
29.664,0.03375,0.0033
29.665,0.03101,0.00347
29.666,0.02933,0.00343
29.667,0.02879,0.00319
29.668,0.02937,0.00277
29.669,0.03099,0.00221
29.67,0.03345,0.00158
29.671,0.03653,9.33E-04
29.672,0.0399,3.48E-04
29.673,0.04323,-1.05E-04
29.674,0.04622,-3.59E-04
29.675,0.04856,-3.70E-04
29.676,0.05004,-1.15E-04
29.677,0.05047,4.06E-04
29.678,0.04976,0.00117
29.679,0.04794,0.00213
29.68,0.04508,0.00322
29.681,0.04134,0.00437
29.682,0.03693,0.00549
29.683,0.03214,0.0065
29.684,0.02728,0.0073
29.685,0.02264,0.00785
29.686,0.01847,0.00808
29.687,0.015,0.00798
29.688,0.01243,0.00754
29.689,0.0109,0.00678
29.69,0.01044,0.00575
