time,mixed,reconstructed,ground_truth
0.0010000000474974513,0.0021299999207258224,0.032677121460437775,-0.09301000088453293
0.007000000216066837,0.009039999917149544,0.03922785446047783,-0.09442999958992004
0.013000000268220901,0.013389999978244305,0.051761217415332794,-0.09630999714136124
0.01899999938905239,0.006539999973028898,0.05589699000120163,-0.09860000014305115
0.02500000037252903,-0.005960000213235617,0.048948563635349274,-0.10118000209331512
0.03099999949336052,-0.010619999840855598,0.041710760444402695,-0.1039699986577034
0.03700000047683716,-0.004579999949783087,0.04455571621656418,-0.10690999776124954
0.0430000014603138,0.003659999929368496,0.051843561232089996,-0.10993000119924545
0.04899999871850014,0.006120000034570694,0.05273812636733055,-0.11292000114917755
0.054999999701976776,0.0038999998942017555,0.04404978081583977,-0.11588999629020691
0.061000000685453415,0.0014400000218302011,0.03643086180090904,-0.11879000067710876
0.06700000166893005,0.0006060000159777701,0.03406354412436485,-0.12159000337123871
0.0729999989271164,0.003000000026077032,0.03442544862627983,-0.12424000352621078
0.07900000363588333,0.005810000002384186,0.03290469944477081,-0.12661999464035034
0.08500000089406967,0.0036200000904500484,0.029886825010180473,-0.12873999774456024
0.09099999815225601,-0.0007169999880716205,0.02552928775548935,-0.1305299997329712
0.09700000286102295,-0.0014900000533089042,0.02146439254283905,-0.13190999627113342
0.10300000011920929,0.0005849999724887311,0.019751600921154022,-0.13278000056743622
0.10899999737739563,0.00203999993391335,0.022203870117664337,-0.13297000527381897
0.11500000208616257,0.002259999979287386,0.027114657685160637,-0.13242000341415405
0.12099999934434891,0.004459999967366457,0.030596472322940826,-0.13106000423431396
0.12700000405311584,0.007439999841153622,0.032511260360479355,-0.12883000075817108
0.13300000131130219,0.004019999876618385,0.032925158739089966,-0.1256600022315979
0.13899999856948853,-0.004040000028908253,0.033297259360551834,-0.1214900016784668
0.14499999582767487,-0.006579999811947346,0.03227807581424713,-0.11638999730348587
0.1509999930858612,-0.0020600000862032175,0.028198016807436943,-0.11044999957084656
0.15700000524520874,0.0016299999551847577,0.017497630789875984,-0.10380999743938446
0.16300000250339508,-0.00039000000106170774,-0.0004120170196983963,-0.09661000221967697
0.16899999976158142,-0.003100000089034438,-0.020057199522852898,-0.08902999758720398
0.17499999701976776,-0.0006339999963529408,-0.033948056399822235,-0.08137000352144241
0.1809999942779541,0.00279999990016222,-0.04047997668385506,-0.07387000322341919
0.18700000643730164,0.002749999985098839,-0.04154888167977333,-0.06678000092506409
0.19300000369548798,0.0015200000489130616,-0.04153724014759064,-0.060339998453855515
0.19900000095367432,-0.0005380000220611691,-0.04280165582895279,-0.05471999943256378
0.20499999821186066,-0.003920000046491623,-0.045019447803497314,-0.050200000405311584
0.210999995470047,-0.006630000192672014,-0.04964101314544678,-0.046799998730421066
0.21699999272823334,-0.006909999996423721,-0.051748499274253845,-0.04458000138401985
0.22300000488758087,-0.0035699999425560236,-0.04978989437222481,-0.04351000115275383
0.2290000021457672,-0.0009919999865815043,-0.04603154584765434,-0.043480001389980316
0.23499999940395355,-0.004490000195801258,-0.04258110746741295,-0.04442000016570091
0.2409999966621399,-0.006300000008195639,-0.032616812735795975,-0.04608000069856644
0.24699999392032623,0.0018599999602884054,-0.013145764358341694,-0.048179998993873596
0.2529999911785126,0.009720000438392162,0.010202395729720592,-0.05048000067472458
0.2590000033378601,0.004730000160634518,0.02796199731528759,-0.052730001509189606
0.26499998569488525,-0.0047599999234080315,0.03669500723481178,-0.054760001599788666
0.2709999978542328,-0.0037400000728666782,0.038969747722148895,-0.05631000176072121
0.2770000100135803,0.0022299999836832285,0.034834377467632294,-0.05722999945282936
0.28299999237060547,0.0011899999808520079,0.029469594359397888,-0.05741000175476074
0.289000004529953,-8.440000237897038e-05,0.027368612587451935,-0.05683000013232231
0.29499998688697815,0.004269999917596579,0.031931258738040924,-0.05559999868273735
0.3009999990463257,0.005379999987781048,0.04090266302227974,-0.053780000656843185
0.3070000112056732,0.0023900000378489494,0.05317659676074982,-0.051500000059604645
0.31299999356269836,0.0016499999910593033,0.07315149903297424,-0.04893999919295311
0.3190000057220459,0.001500000013038516,0.10512346029281616,-0.04628000035881996
0.32499998807907104,0.0019199999514967203,0.12155559659004211,-0.04377000033855438
0.3310000002384186,0.00494999997317791,0.053860004991292953,-0.041600000113248825
0.3370000123977661,0.0024999999441206455,-0.1452365517616272,-0.039889998733997345
0.34299999475479126,-0.011479999870061874,-0.4019313156604767,-0.038750000298023224
0.3490000069141388,-0.02363000065088272,-0.5430878400802612,-0.03819999843835831
0.35499998927116394,-0.01800999976694584,-0.4598451554775238,-0.038270000368356705
0.3610000014305115,-0.002749999985098839,-0.2255007028579712,-0.03889000043272972
0.367000013589859,0.004660000093281269,-0.014909565448760986,-0.03994999825954437
0.37299999594688416,0.003719999920576811,0.07384849339723587,-0.041280001401901245
0.3790000081062317,0.0013299999991431832,0.0736851617693901,-0.042649999260902405
0.38499999046325684,0.0009180000051856041,0.054032593965530396,-0.04391000047326088
0.39100000262260437,0.004800000227987766,0.04148072376847267,-0.04481999948620796
0.3970000147819519,0.006029999814927578,0.0291141327470541,-0.04521999880671501
0.40299999713897705,-0.0017600000137463212,0.018275313079357147,-0.04493999853730202
0.4090000092983246,-0.0065899998880922794,0.014061180874705315,-0.043880000710487366
0.41499999165534973,0.00035099999513477087,0.014829609543085098,-0.04197999835014343
0.42100000381469727,0.006380000151693821,0.017914624884724617,-0.039250001311302185
0.4269999861717224,0.002899999963119626,0.023995399475097656,-0.035739999264478683
0.43299999833106995,0.00171999994199723,0.02926226705312729,-0.03156000003218651
0.4390000104904175,0.00953999999910593,0.03167956322431564,-0.026890000328421593
0.4449999928474426,0.011389999650418758,0.025565890595316887,-0.021970000118017197
0.45100000500679016,-9.029999637277797e-05,0.008866694755852222,-0.016990000382065773
0.4569999873638153,-0.00810999982059002,-0.01125908549875021,-0.012199999764561653
0.46299999952316284,-0.003659999929368496,-0.027167286723852158,-0.007819999940693378
0.4690000116825104,0.0023900000378489494,-0.031193049624562263,-0.004110000096261501
0.4749999940395355,0.0037400000728666782,-0.018471788614988327,-0.001290000043809414
0.48100000619888306,0.001970000099390745,0.006129222922027111,0.0004910000134259462
0.4869999885559082,-0.0028899998869746923,0.029829882085323334,0.0011500000255182385
0.49300000071525574,-0.007400000002235174,0.038665398955345154,0.0006230000290088356
0.49900001287460327,-0.004920000210404396,0.030859487131237984,-0.00107999995816499
0.5049999952316284,0.0029100000392645597,0.017462382093071938,-0.003930000122636557
0.5109999775886536,0.004910000134259462,0.01344058196991682,-0.007790000177919865
0.5170000195503235,-0.0009660000214353204,0.01821434497833252,-0.012500000186264515
0.5230000019073486,-0.0021100000012665987,0.022815890610218048,-0.017839999869465828
0.5289999842643738,0.0035699999425560236,0.016848435625433922,-0.023509999737143517
0.5350000262260437,0.0037400000728666782,0.004779649432748556,-0.02928999997675419
0.5410000085830688,-0.002940000034868717,-0.00785309448838234,-0.034860000014305115
0.546999990940094,-0.006659999955445528,-0.018927212804555893,-0.03994999825954437
0.5529999732971191,-0.0038499999791383743,-0.03142133355140686,-0.044280000030994415
0.5590000152587891,-0.0004180000105407089,-0.04816310107707977,-0.04757000133395195
0.5649999976158142,-0.0030900000128895044,-0.0703524500131607,-0.049630001187324524
0.5709999799728394,-0.007550000213086605,-0.08868084847927094,-0.05031000077724457
0.5770000219345093,-0.0047900001518428326,-0.09080424904823303,-0.0494999997317791
0.5830000042915344,0.0008709999965503812,-0.07260475307703018,-0.04718000069260597
0.5889999866485596,0.0002010000025620684,-0.04392431676387787,-0.04340000078082085
0.5950000286102295,-0.003379999892786145,-0.016912361606955528,-0.03826000168919563
0.6010000109672546,-0.002099999925121665,0.0040468196384608746,-0.031980000436306
0.6069999933242798,0.0013200000394135714,0.02026650309562683,-0.024809999391436577
0.6129999756813049,0.0013599999947473407,0.03079373389482498,-0.0170499999076128
0.6190000176429749,0.0027199999894946814,0.034502457827329636,-0.009100000374019146
0.625,0.007139999885112047,0.032078199088573456,-0.0013099999632686377
0.6309999823570251,0.004939999897032976,0.026905180886387825,0.005900000222027302
0.6370000243186951,-0.0013000000035390258,0.02158425934612751,0.012160000391304493
0.6430000066757202,0.0007999999797903001,0.017675066366791725,0.017149999737739563
0.6489999890327454,0.004490000195801258,0.016032077372074127,0.02054000087082386
0.6549999713897705,-0.00024399999529123306,0.01638626679778099,0.022140000015497208
0.6610000133514404,-0.0030900000128895044,0.0162455253303051,0.02184000052511692
0.6669999957084656,0.002859999891370535,0.015398760326206684,0.01962999999523163
0.6729999780654907,0.006130000110715628,0.014929357916116714,0.01558000035583973
0.6790000200271606,0.0007350000087171793,0.016607969999313354,0.009909999556839466
0.6850000023841858,-0.0022799998987466097,0.019111815840005875,0.0028899998869746923
0.6909999847412109,0.0027699999045580626,0.020356914028525352,-0.005049999803304672
0.6970000267028809,0.005969999823719263,0.020244698971509933,-0.01348000019788742
0.703000009059906,0.0036899999249726534,0.0198078416287899,-0.021929999813437462
0.7089999914169312,0.0030400000978261232,0.020362883806228638,-0.029899999499320984
0.7149999737739563,0.00419999985024333,0.020505597814917564,-0.03691999986767769
0.7210000157356262,0.004889999981969595,0.020137952640652657,-0.04255999997258186
0.7269999980926514,0.006940000224858522,0.018800415098667145,-0.046470001339912415
0.7329999804496765,0.00803999975323677,0.01697426289319992,-0.04843999817967415
0.7390000224113464,0.006839999929070473,0.015286548994481564,-0.04836000129580498
0.7450000047683716,0.006649999879300594,0.015465147793293,-0.04623999819159508
0.7509999871253967,0.006479999981820583,0.01891147531569004,-0.04225999861955643
0.7570000290870667,0.004269999917596579,0.025449955835938454,-0.03669999912381172
0.7630000114440918,0.0027099999133497477,0.03285668045282364,-0.029929999262094498
0.7689999938011169,0.002959999954327941,0.03706364706158638,-0.022450000047683716
0.7749999761581421,0.0016499999910593033,0.03704056143760681,-0.014770000241696835
0.781000018119812,-0.0012000000569969416,0.03392314165830612,-0.007459999993443489
0.7870000004768372,-0.0004290000069886446,0.03133110702037811,-0.0010300000431016088
0.7929999828338623,0.0019099999917671084,0.029747221618890762,0.004050000105053186
0.7990000247955322,0.0004079999926034361,0.028972012922167778,0.007430000230669975
0.8050000071525574,0.0014100000262260437,0.027357421815395355,0.008860000409185886
0.8109999895095825,0.007199999876320362,0.025714211165905,0.008229999803006649
0.8169999718666077,0.0064500002190470695,0.0243033766746521,0.00558000011369586
0.8230000138282776,0.0005130000063218176,0.0241471566259861,0.0010900000343099236
0.8289999961853027,0.0009219999774359167,0.023526933044195175,-0.004939999897032976
0.8349999785423279,0.0035099999513477087,0.023939862847328186,-0.012040000408887863
0.8410000205039978,0.0004529999860096723,0.027551865205168724,-0.019710000604391098
0.847000002861023,-0.0017000000225380063,0.032902881503105164,-0.027400000020861626
0.8529999852180481,0.003379999892786145,0.03575756028294563,-0.03460000082850456
0.859000027179718,0.009329999797046185,0.03353235870599747,-0.040789999067783356
0.8650000095367432,0.010040000081062317,0.027399549260735512,-0.04552999883890152
0.8709999918937683,0.009519999846816063,0.022949131205677986,-0.048510000109672546
0.8769999742507935,0.010359999723732471,0.02257886342704296,-0.049559999257326126
0.8830000162124634,0.009859999641776085,0.025841986760497093,-0.048650000244379044
0.8889999985694885,0.008500000461935997,0.029052497819066048,-0.045910000801086426
0.8949999809265137,0.005260000005364418,0.028886402025818825,-0.04159000143408775
0.9010000228881836,-0.0007099999929778278,0.020474256947636604,-0.036079999059438705
0.9070000052452087,-0.0020200000144541264,0.0032837840262800455,-0.029850000515580177
0.9129999876022339,0.0016599999507889152,-0.02534474991261959,-0.02339000068604946
0.9190000295639038,-0.00015700000221841037,-0.06064027175307274,-0.017249999567866325
0.925000011920929,-0.007089999970048666,-0.09426527470350266,-0.011909999884665012
0.9309999942779541,-0.010029999539256096,-0.11307864636182785,-0.007819999940693378
0.9369999766349792,-0.007899999618530273,-0.11191496253013611,-0.0052999998442828655
0.9430000185966492,-0.00506999995559454,-0.0936710387468338,-0.004530000034719706
0.9490000009536743,-0.003530000103637576,-0.07010066509246826,-0.005590000189840794
0.9549999833106995,-0.002899999963119626,-0.05153215676546097,-0.008369999937713146
0.9610000252723694,-0.0024999999441206455,-0.0427994579076767,-0.012659999541938305
0.9670000076293945,-0.0007590000168420374,-0.04349778965115547,-0.018139999359846115
0.9729999899864197,0.00215999991632998,-0.047277770936489105,-0.024390000849962234
0.9789999723434448,0.0013599999947473407,-0.0496172197163105,-0.030969999730587006
0.9850000143051147,-0.0030799999367445707,-0.04675877094268799,-0.03734999895095825
0.9909999966621399,-0.005119999870657921,-0.03977147489786148,-0.04309999942779541
0.996999979019165,-0.005859999917447567,-0.03229900076985359,-0.0478300005197525
1.003000020980835,-0.00610999995842576,-0.0313909538090229,-0.051270000636577606
1.0089999437332153,-0.0012499999720603228,-0.03901735693216324,-0.053210001438856125
1.0149999856948853,0.002630000002682209,-0.04915238171815872,-0.053599998354911804
1.0210000276565552,-0.0017600000137463212,-0.04182920977473259,-0.05251000076532364
1.0269999504089355,-0.004800000227987766,0.0011030135210603476,-0.05012999847531319
1.0329999923706055,0.0007210000185295939,0.05507297068834305,-0.04675000160932541
1.0390000343322754,0.003909999970346689,0.0482424721121788,-0.0427200011909008
1.0449999570846558,-0.004889999981969595,-0.08720622211694717,-0.03846000134944916
1.0509999990463257,-0.01819000020623207,-0.3157508373260498,-0.034380000084638596
1.0570000410079956,-0.024229999631643295,-0.4926269054412842,-0.03084000013768673
1.062999963760376,-0.02264999970793724,-0.47982776165008545,-0.02817000076174736
1.069000005722046,-0.01795000024139881,-0.29541948437690735,-0.02662000060081482
1.0750000476837158,-0.011909999884665012,-0.08560498058795929,-0.02630000002682209
1.0809999704360962,-0.006550000049173832,0.029020419344305992,-0.027240000665187836
1.0870000123977661,-0.0018100000452250242,0.04467637091875076,-0.029360000044107437
1.093000054359436,0.0012600000482052565,0.029410550370812416,-0.03249000012874603
1.0989999771118164,-0.0015200000489130616,0.024829577654600143,-0.03637000173330307
1.1050000190734863,-0.0042500002309679985,0.028826111927628517,-0.04064999893307686
1.1109999418258667,0.0011599999852478504,0.03175724297761917,-0.04498999938368797
1.1169999837875366,0.006049999967217445,0.0313463918864727,-0.04907999932765961
1.1230000257492065,0.0017500000540167093,0.027046512812376022,-0.052629999816417694
1.128999948501587,-0.0038799999747425318,0.01956929638981819,-0.055390000343322754
1.1349999904632568,-0.003370000049471855,0.008575402200222015,-0.057190001010894775
1.1410000324249268,-0.0013899999903514981,-6.581706111319363e-05,-0.0579800009727478
1.1469999551773071,-0.0015300000086426735,-0.004993163514882326,-0.05778999999165535
1.152999997138977,0.0014799999771639705,-0.00249737361446023,-0.05674999952316284
1.159000039100647,0.007160000037401915,0.007697513327002525,-0.055070001631975174
1.1649999618530273,0.005969999823719263,0.022801056504249573,-0.05299000069499016
1.1710000038146973,-0.0006960000027902424,0.03487587347626686,-0.05081000179052353
1.1770000457763672,-0.003269999986514449,0.0413692407310009,-0.048829998821020126
1.1829999685287476,-0.0024999999441206455,0.03956913203001022,-0.04729999974370003
1.1890000104904175,-0.0021100000012665987,0.03096318058669567,-0.046480000019073486
1.1950000524520874,-0.0008159999852068722,0.01933787576854229,-0.046480000019073486
1.2009999752044678,0.00022600000374950469,0.01114706788212061,-0.0473800003528595
1.2070000171661377,-0.001180000021122396,0.008422864601016045,-0.049150001257658005
1.2130000591278076,-0.003019999945536256,0.008043406531214714,-0.05170999839901924
1.218999981880188,-0.0016599999507889152,0.003260110504925251,-0.05488000065088272
1.225000023841858,0.0014700000174343586,-0.009252682328224182,-0.05838000029325485
1.2309999465942383,0.0006779999821446836,-0.027073340490460396,-0.06196000054478645
1.2369999885559082,-0.002589999930933118,-0.044337086379528046,-0.0653500035405159
1.2430000305175781,-0.003650000086054206,-0.060949284583330154,-0.06830000132322311
1.2489999532699585,-0.005520000122487545,-0.07999363541603088,-0.07058999687433243
1.2549999952316284,-0.007329999934881926,-0.10406976193189621,-0.07203999906778336
1.2610000371932983,-0.002259999979287386,-0.1259775161743164,-0.07263000309467316
1.2669999599456787,0.004240000154823065,-0.1366773247718811,-0.07237999886274338
1.2730000019073486,0.0014299999456852674,-0.13271526992321014,-0.07139000296592712
1.2790000438690186,-0.006579999811947346,-0.11864042282104492,-0.06978999823331833
1.284999966621399,-0.00851999968290329,-0.10039989650249481,-0.06786999851465225
1.2910000085830688,-0.005439999978989363,-0.08238047361373901,-0.06589999794960022
1.2970000505447388,-0.004819999914616346,-0.06700637936592102,-0.0641700029373169
1.3029999732971191,-0.0038799999747425318,-0.0607416108250618,-0.0629199966788292
1.309000015258789,-5.62999994144775e-05,-0.06687993556261063,-0.0622900016605854
1.315000057220459,-0.0010300000431016088,-0.07468236237764359,-0.06247999891638756
1.3209999799728394,-0.0060800001956522465,-0.06919702887535095,-0.06351999938488007
1.3270000219345093,-0.0062699997797608376,-0.04399978369474411,-0.06537999957799911
1.3329999446868896,-0.0028099999763071537,-0.009971514344215393,-0.06789000332355499
1.3389999866485596,0.0004729999927803874,0.016657410189509392,-0.07072000205516815
1.3450000286102295,0.003280000062659383,0.03045223280787468,-0.07363999634981155
1.3509999513626099,0.00267999991774559,0.03488347679376602,-0.07626999914646149
1.3569999933242798,0.0011099999537691474,0.03244783729314804,-0.0782800018787384
1.3630000352859497,0.004610000178217888,0.025795351713895798,-0.07927999645471573
1.36899995803833,0.008609999902546406,0.018041007220745087,-0.07890000194311142
1.375,0.005619999952614307,0.013827556744217873,-0.0769599974155426
1.38100004196167,9.249999857274815e-05,0.014913056045770645,-0.07336000353097916
1.3869999647140503,-0.00036199999158270657,0.01867266185581684,-0.06807000190019608
1.3930000066757202,0.0005039999959990382,0.020986484363675117,-0.06120000034570694
1.3990000486373901,-0.002099999925121665,0.02071419358253479,-0.05290000140666962
1.4049999713897705,-0.0016899999463930726,0.018246669322252274,-0.04357000067830086
1.4110000133514404,0.0034000000450760126,0.016181061044335365,-0.03361000120639801
1.4170000553131104,0.004310000222176313,0.016517654061317444,-0.023429999127984047
1.4229999780654907,0.0010999999940395355,0.018871469423174858,-0.013500000350177288
1.4290000200271606,0.0011699999449774623,0.021060826256871223,-0.004230000078678131
1.434999942779541,0.005270000081509352,0.020410096272826195,0.0038900000508874655
1.440999984741211,0.009410000406205654,0.01776963099837303,0.01063000038266182
1.4470000267028809,0.009359999559819698,0.014228278771042824,0.015799999237060547
1.4529999494552612,0.005539999809116125,0.011452936567366123,0.019300000742077827
1.4589999914169312,0.0031799999997019768,0.011889302171766758,0.02112000063061714
1.465000033378601,0.0023900000378489494,0.013599803671240807,0.02135000005364418
1.4709999561309814,-0.00015799999528098851,0.013049762696027756,0.02029000036418438
1.4769999980926514,-0.0036700000055134296,0.005561359226703644,0.0182499997317791
1.4830000400543213,-0.005849999841302633,-0.005760740023106337,0.015560000203549862
1.4889999628067017,-0.005450000055134296,-0.010579080320894718,0.012529999949038029
1.4950000047683716,-0.0035600000992417336,-0.0017018148209899664,0.009429999627172947
1.5010000467300415,-0.001930000027641654,0.015521157532930374,0.0066200001165270805
1.5069999694824219,0.0004330000083427876,0.029753215610980988,0.004310000222176313
1.5130000114440918,0.0024300001095980406,0.032236143946647644,0.0026100000832229853
1.5190000534057617,0.0016199999954551458,0.023768728598952293,0.001560000004246831
1.524999976158142,-0.0001289999927394092,0.010536909103393555,0.0010100000072270632
1.531000018119812,-0.0007430000114254653,0.0008337845210917294,0.0008929999894462526
1.5369999408721924,6.269999721553177e-05,-0.004844800569117069,0.001019999966956675
1.5429999828338623,0.0012000000569969416,-0.007986350916326046,0.0011899999808520079
1.5490000247955322,-0.0010100000072270632,-0.009900439530611038,0.0011699999449774623
1.5549999475479126,-0.005249999929219484,-0.00802377425134182,0.0007179999956861138
1.5609999895095825,-0.0038999998942017555,-0.004646367859095335,-0.0003020000003743917
1.5670000314712524,0.003920000046491623,0.00015443902520928532,-0.0019600000232458115
1.5729999542236328,0.007939999923110008,0.006020534783601761,-0.004259999841451645
1.5789999961853027,0.0015999999595806003,0.014817669987678528,-0.007089999970048666
1.5850000381469727,-0.003160000080242753,0.022663502022624016,-0.010280000045895576
1.590999960899353,0.004860000219196081,0.02433362789452076,-0.013620000332593918
1.597000002861023,0.011730000376701355,0.021633097901940346,-0.01679999940097332
1.6030000448226929,0.006010000128298998,0.018987128511071205,-0.019519999623298645
1.6089999675750732,0.0018899999558925629,0.016352422535419464,-0.02143000066280365
1.6150000095367432,0.006000000052154064,0.01108514703810215,-0.02225000038743019
1.621000051498413,0.006000000052154064,0.006788813043385744,-0.021800000220537186
1.6269999742507935,0.0013899999903514981,0.008935236372053623,-0.01996999979019165
1.6330000162124634,0.0024500000290572643,0.014223424717783928,-0.01671000011265278
1.6390000581741333,0.005059999879449606,0.018507225438952446,-0.01209999993443489
1.6449999809265137,-0.0004949999856762588,0.020777618512511253,-0.006339999847114086
1.6510000228881836,-0.006579999811947346,0.023485947400331497,0.0002640000020619482
1.656999945640564,-0.0027699999045580626,0.024879049509763718,0.007329999934881926
1.6629999876022339,0.0018899999558925629,0.023097632452845573,0.014469999819993973
1.6690000295639038,-0.0004870000120718032,0.017688676714897156,0.02126000076532364
1.6749999523162842,-0.0008120000129565597,0.015762876719236374,0.027249999344348907
1.680999994277954,0.004120000172406435,0.019579900428652763,0.03207999840378761
1.687000036239624,0.007410000078380108,0.027618607506155968,0.03548000007867813
1.6929999589920044,0.008050000295042992,0.033502720296382904,0.037289999425411224
1.6990000009536743,0.0071299998089671135,0.03419172391295433,0.037450000643730164
1.7050000429153442,0.00430000014603138,0.03239868953824043,0.035999998450279236
1.7109999656677246,0.0032099999953061342,0.03063427098095417,0.03317999839782715
1.7170000076293945,0.005950000137090683,0.0283640269190073,0.02928999997675419
1.7230000495910645,0.006870000157505274,0.026976069435477257,0.024709999561309814
1.7289999723434448,0.0009490000084042549,0.028211155906319618,0.01988000050187111
1.7350000143051147,-0.00482999999076128,0.03459477797150612,0.01522000040858984
1.7410000562667847,-0.0023900000378489494,0.04265362769365311,0.011230000294744968
1.746999979019165,0.0013200000394135714,0.04812414571642876,0.008270000107586384
1.753000020980835,-0.0006639999919570982,0.05795983597636223,0.006639999803155661
1.7589999437332153,-0.0019199999514967203,0.07962572574615479,0.0065299998968839645
1.7649999856948853,0.0015300000086426735,0.08216783404350281,0.007960000075399876
1.7710000276565552,0.004040000028908253,0.0042555793188512325,0.010879999957978725
1.7769999504089355,-0.0010300000431016088,-0.188820481300354,0.015110000036656857
1.7829999923706055,-0.013120000250637531,-0.4197140336036682,0.020349999889731407
1.7890000343322754,-0.01988999918103218,-0.5321619510650635,0.02621000073850155
1.7949999570846558,-0.012760000303387642,-0.44343864917755127,0.032180000096559525
1.8009999990463257,-0.0020200000144541264,-0.22725866734981537,0.03779999911785126
1.8070000410079956,0.0014299999456852674,-0.0320417620241642,0.04261000081896782
1.812999963760376,0.0017000000225380063,0.05840298533439636,0.04623999819159508
1.819000005722046,0.0034000000450760126,0.066086046397686,0.048420000821352005
1.8250000476837158,0.001550000044517219,0.05074825510382652,0.04885999858379364
1.8309999704360962,-0.0044200001284480095,0.040608398616313934,0.047520000487565994
1.8370000123977661,-0.005229999776929617,0.03905627503991127,0.044440001249313354
1.843000054359436,-0.0009379999828524888,0.04325714334845543,0.039820000529289246
1.8489999771118164,0.0004710000066552311,0.04794548451900482,0.0340300016105175
1.8550000190734863,0.003530000103637576,0.04711517319083214,0.027529999613761902
1.8609999418258667,0.009379999712109566,0.03902044519782066,0.020889999344944954
1.8669999837875366,0.005119999870657921,0.029124900698661804,0.014650000259280205
1.8730000257492065,-0.004040000028908253,0.021079927682876587,0.009309999644756317
1.878999948501587,1.6899999536690302e-05,0.014824883081018925,0.005260000005364418
1.8849999904632568,0.008410000242292881,0.012745261192321777,0.0032599999103695154
1.8910000324249268,0.0024500000290572643,0.015982666984200478,0.003719999920576811
1.8969999551773071,-0.007569999899715185,0.018728455528616905,0.00687999976798892
1.902999997138977,-0.00395999988541007,0.016767071560025215,0.012670000083744526
1.909000039100647,0.003169999923557043,0.0098935691639781,0.02047000080347061
1.9149999618530273,-3.060000017285347e-05,0.0025801490992307663,0.030570000410079956
1.9210000038146973,-0.0027099999133497477,-0.0014781957725062966,0.04244999960064888
1.9270000457763672,0.0012199999764561653,-0.0038514728657901287,0.05550999939441681
1.9329999685287476,-0.0008290000259876251,-0.007499162573367357,0.06870999932289124
1.9390000104904175,-0.006320000160485506,-0.013360447250306606,0.08026999980211258
1.9450000524520874,-0.0024999999441206455,-0.023813240230083466,0.08985999971628189
1.9509999752044678,0.003010000102221966,-0.04152218997478485,0.09623999893665314
1.9570000171661377,-0.0007639999967068434,-0.06551136821508408,0.0983399972319603
1.9630000591278076,-0.006560000125318766,-0.09136649966239929,0.09485000371932983
1.968999981880188,-0.004999999888241291,-0.11285975575447083,0.08405999839305878
1.975000023841858,0.0005740000051446259,-0.12711450457572937,0.06577000021934509
1.9809999465942383,0.0019600000232458115,-0.13666465878486633,0.039239998906850815
1.9869999885559082,-0.00215000007301569,-0.14284656941890717,0.004120000172406435
1.9930000305175781,-0.006659999955445528,-0.14581726491451263,-0.03970000147819519
1.9989999532699585,-0.006610000040382147,-0.1435783952474594,-0.09216000139713287
2.005000114440918,-0.0013299999991431832,-0.1351209282875061,-0.15216000378131866
2.010999917984009,0.002589999930933118,-0.12136731296777725,-0.21877999603748322
2.0169999599456787,0.0005419999943114817,-0.11015135794878006,-0.2906700074672699
2.0230000019073486,-0.0019499999471008778,-0.10679767280817032,-0.36601001024246216
2.0290000438690186,-0.003060000017285347,-0.1155814379453659,-0.4424099922180176
2.0350000858306885,-0.00634999992325902,-0.12836523354053497,-0.5174300074577332
2.0409998893737793,-0.007120000198483467,-0.13501028716564178,-0.5889599919319153
2.046999931335449,-0.0015899999998509884,-0.12591883540153503,-0.6547999978065491
2.052999973297119,0.0034099998883903027,-0.10417427122592926,-0.7124300003051758
2.059000015258789,0.00215000007301569,-0.07898673415184021,-0.759090006351471
2.065000057220459,-0.0031399999279528856,-0.06038646772503853,-0.7928699851036072
2.071000099182129,-0.00698000006377697,-0.04991953819990158,-0.8129199743270874
2.0769999027252197,-0.007120000198483467,-0.04018750041723251,-0.8185399770736694
2.0829999446868896,-0.005179999861866236,-0.024151111021637917,-0.8091099858283997
2.0889999866485596,-0.0017000000225380063,-0.00033262776560150087,-0.784250020980835
2.0950000286102295,0.0013000000035390258,0.021447762846946716,-0.7447199821472168
2.1010000705718994,0.0005709999823011458,0.0335683636367321,-0.6925600171089172
2.1070001125335693,-0.0011399999493733048,0.03615541756153107,-0.6298400163650513
2.11299991607666,0.0002390000008745119,0.035234179347753525,-0.5586000084877014
2.11899995803833,0.0031799999997019768,0.035355810075998306,-0.48107999563217163
2.125,0.003809999907389283,0.03798525780439377,-0.4001399874687195
2.13100004196167,0.0017000000225380063,0.04160723462700844,-0.31905999779701233
2.13700008392334,0.0018700000364333391,0.04176180809736252,-0.24062000215053558
2.1429998874664307,0.004699999932199717,0.03710508719086647,-0.16718000173568726
2.1489999294281006,0.0040799998678267,0.03136221319437027,-0.10074000060558319
2.1549999713897705,0.0035099999513477087,0.030957229435443878,-0.043299999088048935
2.1610000133514404,0.008559999987483025,0.035645999014377594,0.004050000105053186
2.1670000553131104,0.009569999761879444,0.03814248368144035,0.04072999954223633
2.1730000972747803,0.0005380000220611691,0.03348539397120476,0.0666700005531311
2.178999900817871,-0.006850000005215406,0.026638304814696312,0.08241000026464462
2.184999942779541,-0.004879999905824661,0.02492169290781021,0.08829999715089798
2.190999984741211,-0.0008379999781027436,0.029609043151140213,0.0862400010228157
2.197000026702881,0.0005210000090301037,0.03338402882218361,0.07794000208377838
2.203000068664551,0.00395999988541007,0.032971762120723724,0.06505999714136124
2.2090001106262207,0.00761000020429492,0.029002215713262558,0.04949000105261803
2.2149999141693115,0.0040699997916817665,0.026677260175347328,0.032189998775720596
2.2209999561309814,-0.0007089999853633344,0.02508939430117607,0.0154600003734231
2.2269999980926514,0.0014100000262260437,0.022952331230044365,0.0007469999836757779
2.2330000400543213,0.004470000043511391,0.021494634449481964,-0.011049999855458736
2.239000082015991,0.004000000189989805,0.022355688735842705,-0.019260000437498093
2.244999885559082,0.0018599999602884054,0.0252555962651968,-0.02428000047802925
2.250999927520752,-0.0031999999191612005,0.027927687391638756,-0.025609999895095825
2.256999969482422,-0.007679999805986881,0.027815857902169228,-0.023439999669790268
2.263000011444092,-0.004739999771118164,0.023774385452270508,-0.018379999324679375
2.2690000534057617,0.0018599999602884054,0.020246412605047226,-0.011180000379681587
2.2750000953674316,0.0033199999015778303,0.020946864038705826,-0.003019999945536256
2.2809998989105225,-0.0001049999991664663,0.027862632647156715,0.005520000122487545
2.2869999408721924,-0.0015899999998509884,0.034611303359270096,0.013810000382363796
2.2929999828338623,-0.000598000013269484,0.03540567681193352,0.021220000460743904
2.2990000247955322,-0.0010999999940395355,0.03106071613729,0.02725999988615513
2.305000066757202,-0.0006910000229254365,0.028181394562125206,0.03158000111579895
2.311000108718872,0.0021200000774115324,0.028579313308000565,0.0340999998152256
2.316999912261963,0.001879999996162951,0.0292410496622324,0.034929998219013214
2.322999954223633,-0.0016499999910593033,0.02806808054447174,0.0343099981546402
2.3289999961853027,-0.0024500000290572643,0.025725984945893288,0.032519999891519547
2.3350000381469727,0.0017300000181421638,0.024540554732084274,0.03003999963402748
2.3410000801086426,0.006060000043362379,0.02490207552909851,0.02717999927699566
2.3469998836517334,0.003280000062659383,0.023506006225943565,0.02428000047802925
2.3529999256134033,-0.0035200000274926424,0.019816067069768906,0.021630000323057175
2.3589999675750732,-0.004800000227987766,0.016476554796099663,0.019419999793171883
2.365000009536743,-0.003490000031888485,0.013152343221008778,0.01775999926030636
2.371000051498413,-0.005520000122487545,0.00868895836174488,0.01662999950349331
2.377000093460083,-0.004800000227987766,-8.839336078381166e-05,0.01590999960899353
2.382999897003174,0.0007639999967068434,-0.011498630046844482,0.015420000068843365
2.3889999389648438,0.001509999972768128,-0.02154350094497204,0.014949999749660492
2.3949999809265137,-0.0040799998678267,-0.026533380150794983,0.014279999770224094
2.4010000228881836,-0.004410000052303076,-0.026249047368764877,0.013260000385344028
2.4070000648498535,0.001930000027641654,-0.02092689462006092,0.011789999902248383
2.4130001068115234,0.0017300000181421638,-0.014540632255375385,0.009820000268518925
2.4189999103546143,-0.004660000093281269,-0.0076836468651890755,0.007379999849945307
2.424999952316284,-0.00431999983265996,-0.001181463012471795,0.004629999864846468
2.430999994277954,-0.00022899999748915434,0.007546550594270229,0.0017800000496208668
2.437000036239624,-0.0004579999949783087,0.017036881297826767,-0.0008800000068731606
2.443000078201294,-0.0002730000123847276,0.026146436110138893,-0.0030799999367445707
2.4489998817443848,0.00107999995816499,0.030927235260605812,-0.0045900000259280205
2.4549999237060547,-0.001550000044517219,0.030428890138864517,-0.005119999870657921
2.4609999656677246,-0.003220000071451068,0.027944883331656456,-0.004569999873638153
2.4670000076293945,0.0021299999207258224,0.02855057641863823,-0.0029100000392645597
2.4730000495910645,0.007689999882131815,0.032961662858724594,-0.00020199999562464654
2.4790000915527344,0.004999999888241291,0.03934970125555992,0.003329999977722764
2.484999895095825,-0.0005009999731555581,0.04760873317718506,0.007430000230669975
2.490999937057495,-0.00035200000274926424,0.06439558416604996,0.011660000309348106
2.496999979019165,0.002630000002682209,0.0902988389134407,0.01558000035583973
2.503000020980835,0.00571999978274107,0.09548398107290268,0.01875000074505806
2.509000062942505,0.008980000391602516,0.018217938020825386,0.020740000531077385
2.515000104904175,0.0035800000187009573,-0.16740140318870544,0.021229999139904976
2.5209999084472656,-0.012600000016391277,-0.3883235454559326,0.01996999979019165
2.5269999504089355,-0.022140000015497208,-0.501520037651062,0.01689000055193901
2.5329999923706055,-0.013650000095367432,-0.42396727204322815,0.012029999867081642
2.5390000343322754,4.9300001592200715e-06,-0.21986988186836243,0.005619999952614307
2.5450000762939453,0.0021299999207258224,-0.031238064169883728,-0.0019199999514967203
2.5510001182556152,-0.0014799999771639705,0.058175716549158096,-0.010099999606609344
2.556999921798706,0.005249999929219484,0.06576342135667801,-0.01834000088274479
2.562999963760376,0.01606000028550625,0.049510691314935684,-0.026040000841021538
2.569000005722046,0.013910000212490559,0.04220996052026749,-0.032590001821517944
2.575000047683716,0.0044200001284480095,0.04153962433338165,-0.03740999847650528
2.5810000896453857,0.0024500000290572643,0.039607737213373184,-0.04010999947786331
2.5869998931884766,0.004269999917596579,0.03467767313122749,-0.04042999818921089
2.5929999351501465,9.049999789567664e-05,0.029500413686037064,-0.03830000013113022
2.5989999771118164,-0.003530000103637576,0.026367312297225,-0.03384999930858612
2.6050000190734863,0.002749999985098839,0.023263344541192055,-0.02734999917447567
2.6110000610351562,0.00848000030964613,0.01989877223968506,-0.01931999996304512
2.617000102996826,0.002839999971911311,0.018774744123220444,-0.010370000265538692
2.622999906539917,-0.003530000103637576,0.02196132391691208,-0.001180000021122396
2.628999948501587,-0.0032399999909102917,0.026309706270694733,0.007459999993443489
2.634999990463257,-0.0027099999133497477,0.029656022787094116,0.014890000224113464
2.6410000324249268,-0.0003440000000409782,0.03119882009923458,0.02046000026166439
2.6470000743865967,0.005619999952614307,0.030419522896409035,0.02369000017642975
2.6530001163482666,0.004920000210404396,0.023457761853933334,0.02426999993622303
2.6589999198913574,-0.003100000089034438,0.008376172743737698,0.022040000185370445
2.6649999618530273,-0.00546000013127923,-0.011069249361753464,0.01713000051677227
2.6710000038146973,-0.001069999998435378,-0.028607485815882683,0.009859999641776085
2.677000045776367,-0.0017900000093504786,-0.04334617778658867,0.0006769999745301902
2.683000087738037,-0.007400000002235174,-0.05667351931333542,-0.009809999726712704
2.688999891281128,-0.006730000022798777,-0.07198338955640793,-0.020899999886751175
2.694999933242798,-0.001550000044517219,-0.08769562840461731,-0.03181000053882599
2.7009999752044678,-0.0004529999860096723,-0.09885712713003159,-0.04179999977350235
2.7070000171661377,-0.0014700000174343586,-0.09766103327274323,-0.05023999884724617
2.7130000591278076,-0.001820000004954636,-0.08408833295106888,-0.05663000047206879
2.7190001010894775,-0.0021200000774115324,-0.06343334168195724,-0.06061999872326851
2.7249999046325684,-0.0006569999968633056,-0.046492304652929306,-0.061980001628398895
2.7309999465942383,0.0003659999929368496,-0.03932458162307739,-0.060770001262426376
2.736999988555908,-0.0009830000344663858,-0.044618137180805206,-0.05719999969005585
2.743000030517578,-2.9999999242136255e-05,-0.06260145455598831,-0.051669999957084656
2.749000072479248,0.0027699999045580626,-0.09128286689519882,-0.04473999887704849
2.755000114440918,0.001560000004246831,-0.12370484322309494,-0.036970000714063644
2.760999917984009,-0.003169999923557043,-0.14880377054214478,-0.029069999232888222
2.7669999599456787,-0.006029999814927578,-0.15817609429359436,-0.02167999930679798
2.7730000019073486,-0.005810000002384186,-0.1512800008058548,-0.015390000306069851
2.7790000438690186,-0.007309999782592058,-0.1353984922170639,-0.010759999975562096
2.7850000858306885,-0.011210000142455101,-0.11750178039073944,-0.008080000057816505
2.7909998893737793,-0.010590000078082085,-0.09753115475177765,-0.007600000128149986
2.796999931335449,-0.004639999940991402,-0.07335999608039856,-0.009349999949336052
2.802999973297119,-0.0006339999963529408,-0.04690956696867943,-0.01322999969124794
2.809000015258789,-0.0009210000280290842,-0.022904260084033012,-0.01899000070989132
2.815000057220459,-0.0011899999808520079,-0.004718082025647163,-0.026179999113082886
2.821000099182129,0.0005890000029467046,0.006752421148121357,-0.034359999001026154
2.8269999027252197,0.0005389999714680016,0.014674190431833267,-0.04301000013947487
2.8329999446868896,-0.0014299999456852674,0.019680973142385483,-0.05163000151515007
2.8389999866485596,0.0010400000028312206,0.024344289675354958,-0.0597199983894825
2.8450000286102295,0.004559999797493219,0.0277326051145792,-0.06682000309228897
2.8510000705718994,0.000994000001810491,0.029793892055749893,-0.07259999960660934
2.8570001125335693,-0.0037499999161809683,0.02970964089035988,-0.07684999704360962
2.86299991607666,-0.003389999968931079,0.030827268958091736,-0.0794999971985817
2.86899995803833,-0.002630000002682209,0.03367109224200249,-0.08055999875068665
2.875,-0.0024800000246614218,0.0355728380382061,-0.08011999726295471
2.88100004196167,-0.000770999991800636,0.03231985121965408,-0.0784199982881546
2.88700008392334,-0.0004920000210404396,0.023457296192646027,-0.07574000209569931
2.8929998874664307,-0.0026599999982863665,0.013757205568253994,-0.07241000235080719
2.8989999294281006,-0.003700000001117587,0.007174278609454632,-0.06880000233650208
2.9049999713897705,-0.003100000089034438,0.004509583115577698,-0.06518000364303589
2.9110000133514404,-0.0035699999425560236,0.002813057042658329,-0.06187000125646591
2.9170000553131104,-0.0032099999953061342,0.00021231293794699013,-0.05909999832510948
2.9230000972747803,-0.00023700000019744039,0.00026258203433826566,-0.05705000087618828
2.928999900817871,-0.001120000029914081,0.0058569167740643024,-0.055879998952150345
2.934999942779541,-0.005419999826699495,0.015487497672438622,-0.05553999915719032
2.940999984741211,-0.00215000007301569,0.023045025765895844,-0.056040000170469284
2.947000026702881,0.005009999964386225,0.02708238549530506,-0.057339999824762344
2.953000068664551,0.0032500000670552254,0.029540691524744034,-0.05933000147342682
2.9590001106262207,-0.002240000059828162,0.03263837471604347,-0.06193999946117401
2.9649999141693115,0.0005099999834783375,0.0359138660132885,-0.06494999676942825
2.9709999561309814,0.008379999548196793,0.03837880492210388,-0.0682699978351593
2.9769999980926514,0.010080000385642052,0.03904605656862259,-0.07181999832391739
2.9830000400543213,0.0028299998957663774,0.03696509450674057,-0.0754999965429306
2.989000082015991,-0.004900000058114529,0.03316676616668701,-0.0792900025844574
2.994999885559082,-0.005280000157654285,0.027760567143559456,-0.0830800011754036
3.000999927520752,0.0009519999730400741,0.022627267986536026,-0.08686999976634979
3.006999969482422,0.006099999882280827,0.021914741024374962,-0.0906200036406517
3.013000011444092,0.0034099998883903027,0.026676861569285393,-0.0943399965763092
3.0190000534057617,-0.0001900000061141327,0.03301345184445381,-0.09803000092506409
3.0250000953674316,0.005900000222027302,0.0377427339553833,-0.10159000009298325
3.0309998989105225,0.01322999969124794,0.03842969238758087,-0.10499999672174454
3.0369999408721924,0.01039000041782856,0.03631699085235596,-0.10819000005722046
3.0429999828338623,0.0057299998588860035,0.03467332571744919,-0.11110000312328339
3.0490000247955322,0.00800000037997961,0.03327984735369682,-0.11367999762296677
3.055000066757202,0.010119999758899212,0.03201240301132202,-0.11576999723911285
3.061000108718872,0.005570000037550926,0.032029565423727036,-0.11734999716281891
3.066999912261963,0.001180000021122396,0.033657900989055634,-0.11836999654769897
3.072999954223633,0.004050000105053186,0.03461848199367523,-0.11881999671459198
3.0789999961853027,0.0076500000432133675,0.03497864678502083,-0.11878000199794769
3.0850000381469727,0.00535999983549118,0.03502531349658966,-0.11818999797105789
3.0910000801086426,0.0034099998883903027,0.033191028982400894,-0.11721000075340271
3.0969998836517334,0.006370000075548887,0.0271057840436697,-0.11597999930381775
3.1029999256134033,0.008209999650716782,0.016411075368523598,-0.11468999832868576
3.1089999675750732,0.0031799999997019768,0.0033466552849859,-0.11354999989271164
3.115000009536743,-0.0040799998678267,-0.007660869974642992,-0.1126599982380867
3.121000051498413,-0.0022299999836832285,-0.011458558030426502,-0.11225000023841858
3.127000093460083,0.007040000054985285,-0.0063809584826231,-0.11246000230312347
3.132999897003174,0.007790000177919865,0.004267176613211632,-0.11343999952077866
3.1389999389648438,-0.0017600000137463212,0.014593387953937054,-0.1152999997138977
3.1449999809265137,-0.0072200000286102295,0.019805902615189552,-0.11796999722719193
3.1510000228881836,-0.004259999841451645,0.020977798849344254,-0.12144000083208084
3.1570000648498535,-0.0009619999909773469,0.02099309302866459,-0.12560999393463135
3.1630001068115234,-0.0017300000181421638,0.022398250177502632,-0.1303499937057495
3.1689999103546143,-0.0020699999295175076,0.02457764372229576,-0.13553999364376068
3.174999952316284,0.001500000013038516,0.027200208976864815,-0.14086000621318817
3.180999994277954,0.00419999985024333,0.02937634103000164,-0.146139994263649
3.187000036239624,0.0024999999441206455,0.031697776168584824,-0.15116000175476074
3.193000078201294,-0.00017899999511428177,0.03345009312033653,-0.15577000379562378
3.1989998817443848,-0.000582000007852912,0.035485196858644485,-0.1598300039768219
3.2049999237060547,0.0018899999558925629,0.038308776915073395,-0.16317999362945557
3.2109999656677246,0.004939999897032976,0.044247616082429886,-0.16580000519752502
3.2170000076293945,0.005239999853074551,0.05361919477581978,-0.16773000359535217
3.2230000495910645,0.002950000111013651,0.06874223053455353,-0.16901999711990356
3.2290000915527344,7.709999772487208e-05,0.09221282601356506,-0.16981999576091766
3.234999895095825,0.0013599999947473407,0.09796400368213654,-0.17020000517368317
3.240999937057495,0.008860000409185886,0.027865750715136528,-0.17038999497890472
3.246999979019165,0.0086899995803833,-0.14904458820819855,-0.1705700010061264
3.253000020980835,-0.009859999641776085,-0.3633629381656647,-0.17091000080108643
3.259000062942505,-0.027550000697374344,-0.46997204422950745,-0.17156000435352325
3.265000104904175,-0.021050000563263893,-0.3838237226009369,-0.1725499927997589
3.2709999084472656,-0.0005360000068321824,-0.17697708308696747,-0.17399999499320984
3.2769999504089355,0.007519999984651804,0.004766243509948254,-0.17590999603271484
3.2829999923706055,0.0015699999639764428,0.08310919255018234,-0.17824000120162964
3.2890000343322754,0.00014600000577047467,0.08361279964447021,-0.1809300035238266
3.2950000762939453,0.00494999997317791,0.06200525164604187,-0.18374000489711761
3.3010001182556152,0.005810000002384186,0.04690096527338028,-0.18659000098705292
3.306999921798706,0.005659999791532755,0.03914082050323486,-0.18930000066757202
3.312999963760376,0.006630000192672014,0.03745667636394501,-0.19172999262809753
3.319000005722046,0.00215000007301569,0.04071411117911339,-0.19373999536037445
3.325000047683716,-0.002959999954327941,0.044684018939733505,-0.19517000019550323
3.3310000896453857,0.00017600000137463212,0.04671549052000046,-0.1959799975156784
3.3369998931884766,0.004050000105053186,0.04612622410058975,-0.1961899995803833
3.3429999351501465,-0.001550000044517219,0.040061090141534805,-0.19583000242710114
3.3489999771118164,-0.00860000029206276,0.028789568692445755,-0.19498999416828156
3.3550000190734863,-0.004490000195801258,0.017899837344884872,-0.193790003657341
3.3610000610351562,0.00431999983265996,0.011288465932011604,-0.19243000447750092
3.367000102996826,0.00571999978274107,0.00752891693264246,-0.19109000265598297
3.372999906539917,0.0031300000846385956,0.003264807164669037,-0.189970001578331
3.378999948501587,0.00139999995008111,-0.0035134656354784966,-0.1892399936914444
3.384999990463257,-0.0022799998987466097,-0.015143054537475109,-0.18904000520706177
3.3910000324249268,-0.005379999987781048,-0.03052332065999508,-0.1894800066947937
3.3970000743865967,-0.0038799999747425318,-0.04492397978901863,-0.1906300038099289
3.4030001163482666,-0.0009200000204145908,-0.0501190721988678,-0.19245000183582306
3.4089999198913574,-0.0005440000095404685,-0.04291825741529465,-0.19483999907970428
3.4149999618530273,-0.0025400000158697367,-0.03129075467586517,-0.19766999781131744
3.4210000038146973,-0.003539999946951866,-0.027025878429412842,-0.20076000690460205
3.427000045776367,-0.0030799999367445707,-0.03409068286418915,-0.20387999713420868
3.433000087738037,-0.004290000069886446,-0.05273457616567612,-0.20678000152111053
3.438999891281128,-0.005810000002384186,-0.07730219513177872,-0.2091899961233139
3.444999933242798,-0.0052999998442828655,-0.10221546143293381,-0.21089999377727509
3.4509999752044678,-0.00535999983549118,-0.12289465218782425,-0.21171000599861145
3.4570000171661377,-0.0076299998909235,-0.13560691475868225,-0.21151000261306763
3.4630000591278076,-0.01054999977350235,-0.14006954431533813,-0.21020999550819397
3.4690001010894775,-0.011289999820291996,-0.14045852422714233,-0.20780999958515167
3.4749999046325684,-0.00892999954521656,-0.14067409932613373,-0.20441000163555145
3.4809999465942383,-0.00749000022187829,-0.14374390244483948,-0.20017999410629272
3.486999988555908,-0.0081599997356534,-0.14653663337230682,-0.19532999396324158
3.493000030517578,-0.00687999976798892,-0.14189310371875763,-0.19011999666690826
3.499000072479248,-0.003969999961555004,-0.1283709853887558,-0.18479999899864197
3.505000114440918,-0.0032599999103695154,-0.11205820739269257,-0.17972999811172485
3.510999917984009,-0.00547999981790781,-0.09782669693231583,-0.1751900017261505
3.5169999599456787,-0.007019999902695417,-0.08489511162042618,-0.1714099943637848
3.5230000019073486,-0.0044200001284480095,-0.06988558173179626,-0.16857999563217163
3.5290000438690186,-0.0016499999910593033,-0.054930102080106735,-0.16675999760627747
3.5350000858306885,-0.0029200001154094934,-0.04475098475813866,-0.16606000065803528
3.5409998893737793,-0.003930000122636557,-0.03857032209634781,-0.1664399951696396
3.546999931335449,-0.0017099999822676182,-0.02900228090584278,-0.16775000095367432
3.552999973297119,0.0019199999514967203,-0.010148813016712666,-0.16979999840259552
3.559000015258789,0.005400000140070915,0.013886838220059872,-0.17227999866008759
3.565000057220459,0.0049600000493228436,0.03531697019934654,-0.17497000098228455
3.571000099182129,-0.0005440000095404685,0.047715600579977036,-0.17755000293254852
3.5769999027252197,-0.004910000134259462,0.04963028058409691,-0.1797100007534027
3.5829999446868896,-0.004110000096261501,0.045011766254901886,-0.18116000294685364
3.5889999866485596,-0.0014100000262260437,0.03900763764977455,-0.1815900057554245
3.5950000286102295,-0.00045900000259280205,0.03518113121390343,-0.1809300035238266
3.6010000705718994,0.0010400000028312206,0.033773038536310196,-0.1790499985218048
3.6070001125335693,0.004540000110864639,0.032892610877752304,-0.175929993391037
3.61299991607666,0.003909999970346689,0.03006599098443985,-0.17159000039100647
3.61899995803833,-0.0006549999816343188,0.026408540084958076,-0.16609999537467957
3.625,-5.410000085248612e-05,0.023224379867315292,-0.1597599983215332
3.63100004196167,0.00394000019878149,0.022550472989678383,-0.15277999639511108
3.63700008392334,0.0038300000596791506,0.0225908774882555,-0.14541999995708466
3.6429998874664307,0.002570000011473894,0.02358117327094078,-0.1379300057888031
3.6489999294281006,0.0035600000992417336,0.024747902527451515,-0.13054999709129333
3.6549999713897705,0.003389999968931079,0.027153082191944122,-0.12364999949932098
3.6610000133514404,0.0014100000262260437,0.03063264861702919,-0.11740999668836594
3.6670000553131104,0.0016199999954551458,0.0330665223300457,-0.11197999864816666
3.6730000972747803,0.004019999876618385,0.032295167446136475,-0.10745000094175339
3.678999900817871,0.00394000019878149,0.03147121146321297,-0.10379999876022339
3.684999942779541,0.0033400000538676977,0.03337138146162033,-0.10113999992609024
3.690999984741211,0.00686000008136034,0.03889233618974686,-0.09934999793767929
3.697000026702881,0.008369999937713146,0.044537659734487534,-0.09828999638557434
3.703000068664551,0.004110000096261501,0.046903982758522034,-0.09776999801397324
3.7090001106262207,0.0024399999529123306,0.0464157797396183,-0.09751000255346298
3.7149999141693115,0.005799999926239252,0.0458332821726799,-0.09745000302791595
3.7209999561309814,0.00848000030964613,0.045951150357723236,-0.09731999784708023
3.7269999980926514,0.009119999594986439,0.0455593578517437,-0.09690999984741211
3.7330000400543213,0.0083600003272295,0.04354861378669739,-0.09601999819278717
3.739000082015991,0.006140000186860561,0.038826365023851395,-0.0944100022315979
3.744999885559082,0.004769999999552965,0.032660264521837234,-0.09217000007629395
3.750999927520752,0.006550000049173832,0.026692936196923256,-0.0891600027680397
3.756999969482422,0.00851999968290329,0.024509521201252937,-0.0853400006890297
3.763000011444092,0.006180000025779009,0.026978932321071625,-0.08073999732732773
3.7690000534057617,0.0033599999733269215,0.03278583660721779,-0.07534000277519226
3.7750000953674316,0.004149999935179949,0.03920888155698776,-0.06941000372171402
3.7809998989105225,0.0021899999119341373,0.04352405667304993,-0.06300999969244003
3.7869999408721924,-0.0030499999411404133,0.047521017491817474,-0.05626000091433525
3.7929999828338623,-0.0026499999221414328,0.051713116466999054,-0.0492900013923645
3.7990000247955322,0.0012799999676644802,0.054036159068346024,-0.04224000126123428
3.805000066757202,0.0005970000056549907,0.05345455929636955,-0.03537999838590622
3.811000108718872,-0.0024300001095980406,0.04993916302919388,-0.028769999742507935
3.816999912261963,-0.0022899999748915434,0.04183013364672661,-0.022520000115036964
3.822999954223633,5.9300000430084765e-05,0.029439019039273262,-0.016720000654459
3.8289999961853027,0.0009500000160187483,0.017466336488723755,-0.011429999954998493
3.8350000381469727,0.0008430000161752105,0.012423595413565636,-0.006819999776780605
3.8410000801086426,0.0020000000949949026,0.016647104173898697,-0.002839999971911311
3.8469998836517334,0.0036200000904500484,0.023962361738085747,0.0005019999807700515
3.8529999256134033,0.0065299998968839645,0.02734502963721752,0.003220000071451068
3.8589999675750732,0.010820000432431698,0.027317414060235023,0.005309999920427799
3.865000009536743,0.010440000332891941,0.026371845975518227,0.006719999946653843
3.871000051498413,0.005080000031739473,0.027267836034297943,0.0075599998235702515
3.877000093460083,0.002240000059828162,0.030780751258134842,0.007890000008046627
3.882999897003174,0.0034099998883903027,0.03564467653632164,0.0077599999494850636
3.8889999389648438,0.005410000216215849,0.039159033447504044,0.007209999952465296
3.8949999809265137,0.007040000054985285,0.040421996265649796,0.006219999864697456
3.9010000228881836,0.007379999849945307,0.04060107469558716,0.004920000210404396
3.9070000648498535,0.0055599999614059925,0.041822779923677444,0.0034000000450760126
3.9130001068115234,0.002580000087618828,0.04459574818611145,0.0017300000181421638
3.9189999103546143,0.002469999948516488,0.04695958271622658,-2.1100000594742596e-05
3.924999952316284,0.006130000110715628,0.04679841175675392,-0.001829999964684248
3.930999994277954,0.008089999668300152,0.044168613851070404,-0.0035800000187009573
3.937000036239624,0.0083600003272295,0.04301154986023903,-0.005169999785721302
3.943000078201294,0.010689999908208847,0.049325503408908844,-0.0065299998968839645
3.9489998817443848,0.010110000148415565,0.07158693671226501,-0.007579999975860119
3.9549999237060547,0.004430000204592943,0.10264558345079422,-0.008329999633133411
3.9609999656677246,0.0014600000577047467,0.09916988015174866,-0.008709999732673168
3.9670000076293945,0.0017500000540167093,-0.003523236373439431,-0.008709999732673168
3.9730000495910645,-0.0041600000113248825,-0.21977002918720245,-0.008320000022649765
3.9790000915527344,-0.017230000346899033,-0.453095406293869,-0.007540000136941671
3.984999895095825,-0.024469999596476555,-0.5513848662376404,-0.006459999829530716
3.990999937057495,-0.018650000914931297,-0.4523014426231384,-0.0051299999468028545
3.996999979019165,-0.008990000002086163,-0.24174244701862335,-0.003650000086054206
4.002999782562256,-0.002899999963119626,-0.06340841203927994,-0.0020800000056624413
4.008999824523926,0.0006339999963529408,0.012281893752515316,-0.0004820000031031668
4.014999866485596,-0.00013000000035390258,0.01158490777015686,0.0010400000028312206
4.020999908447266,-0.0033400000538676977,-0.007690600585192442,0.002409999957308173
4.0269999504089355,-0.0026100000832229853,-0.01998778060078621,0.0035800000187009573
4.0329999923706055,-0.0005660000024363399,-0.019620558246970177,0.004540000110864639
4.039000034332275,-0.0016799999866634607,-0.011895501054823399,0.005280000157654285
4.045000076293945,-0.0015899999998509884,-0.0032134484499692917,0.005849999841302633
4.051000118255615,0.001769999973475933,0.0032172752544283867,0.006289999932050705
4.057000160217285,0.001829999964684248,0.010835005901753902,0.006690000183880329
4.063000202178955,-0.0032999999821186066,0.019926831126213074,0.0071299998089671135
4.068999767303467,-0.00394000019878149,0.02911495417356491,0.007699999958276749
4.074999809265137,0.0026000000070780516,0.03444899618625641,0.008500000461935997
4.080999851226807,0.004730000160634518,0.037647560238838196,0.009600000455975533
4.086999893188477,-0.00029200001154094934,0.03984815627336502,0.011060000397264957
4.0929999351501465,-0.003909999970346689,0.04211408272385597,0.012910000048577785
4.098999977111816,-0.004619999788701534,0.040616631507873535,0.015080000273883343
4.105000019073486,-0.002580000087618828,0.035984303802251816,0.0175199992954731
4.111000061035156,0.0032099999953061342,0.026791831478476524,0.02012000046670437
4.117000102996826,0.0049299998208880424,0.012654555030167103,0.022749999538064003
4.123000144958496,-0.0016499999910593033,-0.006617987062782049,0.02522999979555607
4.129000186920166,-0.006070000119507313,-0.02284957654774189,0.027370000258088112
4.135000228881836,-0.0011899999808520079,-0.028230074793100357,0.028950000181794167
4.140999794006348,0.003710000077262521,-0.022275855764746666,0.02979999966919422
4.146999835968018,0.00028700000257231295,-0.011343100108206272,0.02978000044822693
4.1529998779296875,-0.0029899999499320984,-0.001562633435241878,0.02879999950528145
4.158999919891357,0.00011500000255182385,0.0014885711716488004,0.026809999719262123
4.164999961853027,7.31999971321784e-05,-0.005552416201680899,0.023830000311136246
4.171000003814697,-0.00547999981790781,-0.020484009757637978,0.01996999979019165
4.177000045776367,-0.007160000037401915,-0.040346626192331314,0.015410000458359718
4.183000087738037,-0.005679999943822622,-0.06162663921713829,0.010379999876022339
4.189000129699707,-0.007139999885112047,-0.08332935720682144,0.005179999861866236
4.195000171661377,-0.008139999583363533,-0.1041874885559082,0.00014600000577047467
4.201000213623047,-0.004800000227987766,-0.11975894123315811,-0.004370000213384628
4.206999778747559,-0.0031399999279528856,-0.12879668176174164,-0.008050000295042992
4.2129998207092285,-0.007840000092983246,-0.12921461462974548,-0.010590000078082085
4.218999862670898,-0.009949999861419201,-0.11858611553907394,-0.01181000005453825
4.224999904632568,-0.003379999892786145,-0.0961918756365776,-0.011490000411868095
4.230999946594238,0.001019999966956675,-0.06849641352891922,-0.009630000218749046
4.236999988555908,-0.0022100000642240047,-0.04171564057469368,-0.0062699997797608376
4.243000030517578,-0.004689999856054783,-0.020163217559456825,-0.0015899999998509884
4.249000072479248,-0.004800000227987766,-0.004560708999633789,0.004100000020116568
4.255000114440918,-0.006260000169277191,0.0028118661139160395,0.010459999553859234
4.261000156402588,-0.007029999978840351,-1.90705104614608e-05,0.01703999936580658
4.267000198364258,-0.006060000043362379,-0.006828161887824535,0.023360000923275948
4.2729997634887695,-0.005619999952614307,-0.00863765086978674,0.028950000181794167
4.2789998054504395,-0.0053900000639259815,-0.0012505288468673825,0.033319998532533646
4.284999847412109,-0.0020600000862032175,0.010170165449380875,0.03610000014305115
4.290999889373779,0.0042500002309679985,0.01953781209886074,0.036979999393224716
4.296999931335449,0.006940000224858522,0.024182602763175964,0.03578000143170357
4.302999973297119,0.0031999999191612005,0.02645452506840229,0.03246000036597252
4.309000015258789,-0.00042100000428035855,0.02686539851129055,0.02711999975144863
4.315000057220459,0.0015300000086426735,0.02592538855969906,0.019990000873804092
4.321000099182129,0.005710000172257423,0.02594757452607155,0.011479999870061874
4.327000141143799,0.004600000102072954,0.028304018080234528,0.00203999993391335
4.333000183105469,-0.0005029999883845448,0.03129957616329193,-0.007790000177919865
4.339000225067139,-0.0002629999944474548,0.03149034455418587,-0.017410000786185265
4.34499979019165,0.002859999891370535,0.02980617620050907,-0.02622999995946884
4.35099983215332,0.0004020000051241368,0.027494220063090324,-0.033720001578330994
4.35699987411499,-0.0015300000086426735,0.02604452334344387,-0.03945999965071678
4.36299991607666,0.002570000011473894,0.024913594126701355,-0.04311000183224678
4.36899995803833,0.004689999856054783,0.024772150442004204,-0.04447000101208687
4.375,0.0022299999836832285,0.0271051786839962,-0.0435199998319149
4.38100004196167,0.0027000000700354576,0.03121531382203102,-0.04039999842643738
4.38700008392334,0.008220000192523003,0.03318151831626892,-0.03540999814867973
4.39300012588501,0.01155999954789877,0.03175870701670647,-0.028920000419020653
4.39900016784668,0.007160000037401915,0.029380593448877335,-0.021400000900030136
4.40500020980835,-4.959999932907522e-05,0.028835073113441467,-0.013410000130534172
4.410999774932861,-0.002460000105202198,0.030519770458340645,-0.005549999885261059
4.416999816894531,0.0001849999971454963,0.029783198609948158,0.0016599999507889152
4.422999858856201,0.002589999930933118,0.0236224178224802,0.007780000101774931
4.428999900817871,0.0001049999991664663,0.014257565140724182,0.012480000033974648
4.434999942779541,-0.00482999999076128,0.007749412674456835,0.015530000440776348
4.440999984741211,-0.006219999864697456,0.008817028254270554,0.016850000247359276
4.447000026702881,-0.0037400000728666782,0.018117601051926613,0.016499999910593033
4.453000068664551,0.0015800000401213765,0.02877628244459629,0.014689999632537365
4.459000110626221,0.007670000195503235,0.037100959569215775,0.011760000139474869
4.465000152587891,0.006479999981820583,0.04180778190493584,0.008139999583363533
4.4710001945495605,-0.002259999979287386,0.04378189519047737,0.004279999993741512
4.4770002365112305,-0.007160000037401915,0.04457348585128784,0.0006569999968633056
4.482999801635742,-0.0035200000274926424,0.043149448931217194,-0.002300000051036477
4.488999843597412,0.0028099999763071537,0.03955265134572983,-0.004230000078678131
4.494999885559082,0.005189999938011169,0.0374143049120903,-0.004860000219196081
4.500999927520752,0.0022700000554323196,0.03536278381943703,-0.004019999876618385
4.506999969482422,-0.0020699999295175076,0.03103042207658291,-0.0017000000225380063
4.513000011444092,-0.004879999905824661,0.020720863714814186,0.001979999942705035
4.519000053405762,-0.005169999785721302,0.004394785035401583,0.006750000175088644
4.525000095367432,-0.0025100000202655792,-0.009477180428802967,0.012249999679625034
4.531000137329102,0.00019500000053085387,-0.012579423375427723,0.018079999834299088
4.5370001792907715,0.0003870000073220581,-0.006109343841671944,0.023809999227523804
4.543000221252441,-0.0017600000137463212,0.005033855326473713,0.02897999994456768
4.548999786376953,-0.005429999902844429,0.013225073926150799,0.033149998635053635
4.554999828338623,-0.006599999964237213,0.01585666462779045,0.03595000132918358
4.560999870300293,-0.0028899998869746923,0.014547784812748432,0.03717999905347824
4.566999912261963,0.0009449999779462814,0.010860316455364227,0.036720000207424164
4.572999954223633,0.0007949999999254942,0.005512419622391462,0.03457000106573105
4.578999996185303,-0.0014400000218302011,-0.0009857836412265897,0.030799999833106995
4.585000038146973,-0.0016599999507889152,-0.007231673691421747,0.025699999183416367
4.591000080108643,-0.0009089999948628247,-0.008645938709378242,0.019610000774264336
4.5970001220703125,-0.004430000204592943,-0.0023472625762224197,0.012910000048577785
4.603000164031982,-0.007379999849945307,0.00778067484498024,0.006020000204443932
4.609000205993652,-0.0007619999814778566,0.01705649495124817,-0.0006580000044777989
4.614999771118164,0.007849999703466892,0.02242223173379898,-0.006709999870508909
4.620999813079834,0.006479999981820583,0.026499228551983833,-0.01181000005453825
4.626999855041504,-0.001120000029914081,0.031851671636104584,-0.01575000025331974
4.632999897003174,-0.004970000125467777,0.03903651982545853,-0.01840999908745289
4.638999938964844,-0.0028099999763071537,0.04409289360046387,-0.019780000671744347
4.644999980926514,0.0005150000215508044,0.04614000767469406,-0.019929999485611916
4.651000022888184,0.002099999925121665,0.04398722946643829,-0.01906999945640564
4.6570000648498535,0.004360000137239695,0.04161257669329643,-0.017470000311732292
4.663000106811523,0.00675999978557229,0.040371544659137726,-0.015429999679327011
4.669000148773193,0.0062500000931322575,0.04045257717370987,-0.013269999995827675
4.675000190734863,0.004459999967366457,0.043710000813007355,-0.01131999958306551
4.681000232696533,0.004220000002533197,0.052613791078329086,-0.009890000335872173
4.686999797821045,0.004889999981969595,0.07314759492874146,-0.009200000204145908
4.692999839782715,0.003920000046491623,0.09902690351009369,-0.009379999712109566
4.698999881744385,0.0014400000218302011,0.09124290943145752,-0.010459999553859234
4.704999923706055,3.5400000342633575e-05,-0.00992241594940424,-0.012369999662041664
4.710999965667725,-0.004110000096261501,-0.2067541927099228,-0.015010000206530094
4.7170000076293945,-0.013539999723434448,-0.3991043269634247,-0.01816999912261963
4.7230000495910645,-0.017720000818371773,-0.4507251977920532,-0.02157999947667122
4.729000091552734,-0.01071999967098236,-0.32666775584220886,-0.02490999922156334
4.735000133514404,-0.0013699999544769526,-0.1315096765756607,-0.027799999341368675
4.741000175476074,0.0035800000187009573,0.010069548152387142,-0.029980000108480453
4.747000217437744,0.0037400000728666782,0.060754306614398956,-0.031230000779032707
4.752999782562256,0.0009899999713525176,0.0629071518778801,-0.03135000169277191
4.758999824523926,0.0003440000000409782,0.05588693171739578,-0.030220000073313713
4.764999866485596,0.003109999932348728,0.04809961095452309,-0.027809999883174896
4.770999908447266,0.005030000116676092,0.039659492671489716,-0.024219999089837074
4.7769999504089355,0.004920000210404396,0.03445970639586449,-0.019600000232458115
4.7829999923706055,0.005400000140070915,0.03464862331748009,-0.014209999702870846
4.789000034332275,0.0048699998296797276,0.03578011691570282,-0.0083600003272295
4.795000076293945,-0.00017499999376013875,0.03548717871308327,-0.002400000113993883
4.801000118255615,-0.0027099999133497477,0.033255450427532196,0.003329999977722764
4.807000160217285,0.004509999882429838,0.03138800710439682,0.008500000461935997
4.813000202178955,0.010259999893605709,0.03174053505063057,0.012790000066161156
4.818999767303467,0.0060800001956522465,0.03283592313528061,0.015930000692605972
4.824999809265137,0.003909999970346689,0.032337941229343414,0.017729999497532845
4.830999851226807,0.008779999800026417,0.02888340689241886,0.01809000037610531
4.836999893188477,0.010060000233352184,0.026511868461966515,0.017009999603033066
4.8429999351501465,0.0062699997797608376,0.026435522362589836,0.014569999650120735
4.848999977111816,0.0063299997709691525,0.024515030905604362,0.010900000110268593
4.855000019073486,0.009410000406205654,0.017829613760113716,0.006219999864697456
4.861000061035156,0.005969999823719263,0.009306516498327255,0.0008120000129565597
4.867000102996826,-0.0012499999720603228,0.0037323187571018934,-0.005030000116676092
4.873000144958496,2.989999984492897e-06,-0.0013738437555730343,-0.010970000177621841
4.879000186920166,0.005210000090301037,-0.012025629170238972,-0.016669999808073044
4.885000228881836,0.0018500000005587935,-0.028214875608682632,-0.021859999746084213
4.890999794006348,-0.0034600000362843275,-0.040673110634088516,-0.026270000264048576
4.896999835968018,-0.00015199999324977398,-0.03845769912004471,-0.029680000618100166
4.9029998779296875,0.004279999993741512,-0.022885596379637718,-0.031939998269081116
4.908999919891357,0.0010400000028312206,-0.005605360493063927,-0.032919999212026596
4.914999961853027,-0.002050000010058284,-0.0007109650759957731,-0.03263000026345253
4.921000003814697,0.003100000089034438,-0.01322899479418993,-0.031109999865293503
4.927000045776367,0.005630000028759241,-0.03974800184369087,-0.028429999947547913
4.933000087738037,-0.0035600000992417336,-0.07459121942520142,-0.02474999986588955
4.939000129699707,-0.010329999960958958,-0.11121753603219986,-0.02020999975502491
4.945000171661377,-0.004809999838471413,-0.14259642362594604,-0.015060000121593475
4.951000213623047,-4.479999915929511e-05,-0.1629636287689209,-0.009530000388622284
4.956999778747559,-0.0035200000274926424,-0.16693396866321564,-0.003869999898597598
4.9629998207092285,-0.005410000216215849,-0.1502412110567093,0.0017099999822676182
4.968999862670898,-0.0006399999838322401,-0.1213223785161972,0.00698000006377697
4.974999904632568,0.002409999957308173,-0.09619858115911484,0.011760000139474869
4.980999946594238,-0.0020800000056624413,-0.08288943022489548,0.015860000625252724
4.986999988555908,-0.006200000178068876,-0.07656265795230865,0.019169999286532402
4.993000030517578,-0.0028099999763071537,-0.06531254947185516,0.02160000056028366
4.999000072479248,0.0025400000158697367,-0.041183311492204666,0.02311999909579754
5.005000114440918,0.003659999929368496,-0.008863692171871662,0.023730000481009483
5.011000156402588,0.0005929999751970172,0.021623006090521812,0.023499999195337296
5.017000198364258,-0.0040799998678267,0.04046955704689026,0.022530000656843185
5.0229997634887695,-0.0059899999760091305,0.045160066336393356,0.02094000019133091
5.0289998054504395,-0.004660000093281269,0.04137318953871727,0.018859999254345894
5.034999847412109,-0.0030700000934302807,0.03777211159467697,0.016459999606013298
5.040999889373779,-0.0004239999980200082,0.037628497928380966,0.013949999585747719
5.046999931335449,0.0030400000978261232,0.038202475756406784,0.01152000017464161
5.052999973297119,0.00343999988399446,0.03599754348397255,0.009290000423789024
5.059000015258789,0.0002099999983329326,0.03047935478389263,0.0073899999260902405
5.065000057220459,-0.0020600000862032175,0.02702675759792328,0.005890000145882368
5.071000099182129,0.0005070000188425183,0.028360892087221146,0.004879999905824661
5.077000141143799,0.003869999898597598,0.03384324908256531,0.004389999900013208
5.083000183105469,0.0029800001066178083,0.039746347814798355,0.004360000137239695
5.089000225067139,0.0018700000364333391,0.04372953996062279,0.004699999932199717
5.09499979019165,0.002460000105202198,0.04582633823156357,0.0052999998442828655
5.10099983215332,0.00047599998652003706,0.0457753911614418,0.006010000128298998
5.10699987411499,-0.0018500000005587935,0.04196726530790329,0.006690000183880329
5.11299991607666,-0.0009159999899566174,0.03406480699777603,0.007189999800175428
5.11899995803833,0.00011600000289035961,0.026123778894543648,0.007329999934881926
5.125,-0.0001539999939268455,0.02301349677145481,0.007019999902695417
5.13100004196167,0.0007130000158213079,0.02440522611141205,0.006130000110715628
5.13700008392334,0.0029200001154094934,0.026144862174987793,0.004629999864846468
5.14300012588501,0.004389999900013208,0.027085108682513237,0.002529999939724803
5.14900016784668,0.005309999920427799,0.026810377836227417,-0.00011800000356743112
5.15500020980835,0.006639999803155661,0.028538117185235023,-0.0031799999997019768
5.160999774932861,0.004170000087469816,0.03306159749627113,-0.0065100002102553844
5.166999816894531,-0.0024800000246614218,0.0385267436504364,-0.009929999709129333
5.172999858856201,-0.004050000105053186,0.0410999059677124,-0.01322999969124794
5.178999900817871,-0.00022600000374950469,0.040056172758340836,-0.016179999336600304
5.184999942779541,-0.00042600001324899495,0.037672869861125946,-0.018549999222159386
5.190999984741211,-0.0035099999513477087,0.03788450360298157,-0.020169999450445175
5.197000026702881,-0.003010000102221966,0.03952693194150925,-0.020899999886751175
5.203000068664551,-0.0016599999507889152,0.03671177476644516,-0.020640000700950623
5.209000110626221,-0.004149999935179949,0.02724136784672737,-0.01939000003039837
5.215000152587891,-0.006459999829530716,0.012655336409807205,-0.017149999737739563
5.2210001945495605,-0.003169999923557043,-0.0015719387447461486,-0.014039999805390835
5.2270002365112305,-0.0003260000084992498,-0.012261208146810532,-0.010239999741315842
5.232999801635742,-0.00418000016361475,-0.01395080704241991,-0.005950000137090683
5.238999843597412,-0.006240000016987324,-0.0059106918051838875,-0.0014700000174343586
5.244999885559082,-0.001610000035725534,0.008002122864127159,0.002940000034868717
5.250999927520752,0.0010900000343099236,0.020030807703733444,0.006990000139921904
5.256999969482422,-0.0003239999932702631,0.027140900492668152,0.010409999638795853
5.263000011444092,-0.0007849999819882214,0.029522623866796494,0.01295000035315752
5.269000053405762,-0.0007820000173524022,0.03022046945989132,0.014410000294446945
5.275000095367432,-0.0014700000174343586,0.029498429968953133,0.014680000022053719
5.281000137329102,-0.0009270000155083835,0.02597297728061676,0.01370999962091446
5.2870001792907715,0.00030300000798888505,0.020225413143634796,0.01152000017464161
5.293000221252441,-1.6399999367422424e-05,0.013589607551693916,0.008200000040233135
5.298999786376953,-0.00036899998667649925,0.005989994388073683,0.00394000019878149
5.304999828338623,0.0009239999926649034,-0.00487013254314661,-0.0010300000431016088
5.310999870300293,-0.0004799999878741801,-0.018412595614790916,-0.006430000066757202
5.316999912261963,-0.004650000017136335,-0.03007638268172741,-0.011939999647438526
5.322999954223633,-0.004509999882429838,-0.0324760302901268,-0.01727999933063984
5.328999996185303,-0.0028200000524520874,-0.024680277332663536,-0.022120000794529915
5.335000038146973,-0.005760000087320805,-0.011689604260027409,-0.026200000196695328
5.341000080108643,-0.0062500000931322575,0.0005739889456890523,-0.02928999997675419
5.3470001220703125,0.0008650000090710819,0.00802860502153635,-0.03125
5.353000164031982,0.007369999773800373,0.01307841669768095,-0.03200000151991844
5.359000205993652,0.00571999978274107,0.019512582570314407,-0.031539998948574066
5.364999771118164,-0.0004870000120718032,0.027706362307071686,-0.029920000582933426
5.370999813079834,-0.0008839999791234732,0.03453536331653595,-0.027300000190734863
5.376999855041504,0.00535999983549118,0.037930961698293686,-0.02387000061571598
5.382999897003174,0.006870000157505274,0.039660099893808365,-0.019899999722838402
5.388999938964844,0.0016899999463930726,0.043447595089673996,-0.015690000727772713
5.394999980926514,0.00012199999764561653,0.046497054398059845,-0.011479999870061874
5.401000022888184,0.004189999774098396,0.045904260128736496,-0.007579999975860119
5.4070000648498535,0.006659999955445528,0.04172062501311302,-0.004230000078678131
5.413000106811523,0.006490000057965517,0.03994385153055191,-0.0016599999507889152
5.419000148773193,0.007829999551177025,0.04461076855659485,-6.440000288421288e-05
5.425000190734863,0.006969999987632036,0.06040482223033905,0.0005169999785721302
5.431000232696533,0.0004440000047907233,0.08742170035839081,3.569999898900278e-05
5.436999797821045,-0.0009899999713525176,0.09832499176263809,-0.0014799999771639705
5.442999839782715,0.005979999899864197,0.03240694850683212,-0.00394000019878149
5.448999881744385,0.004009999800473452,-0.14311712980270386,-0.007280000019818544
5.454999923706055,-0.011590000241994858,-0.3623062074184418,-0.011250000447034836
5.460999965667725,-0.02206999994814396,-0.4796886146068573,-0.01568000018596649
5.4670000076293945,-0.016499999910593033,-0.4052608609199524,-0.0203699991106987
5.4730000495910645,-0.0036200000904500484,-0.19867253303527832,-0.025140000507235527
5.479000091552734,0.0038499999791383743,-0.006650292314589024,-0.029850000515580177
5.485000133514404,0.0036200000904500484,0.0829726979136467,-0.03432000055909157
5.491000175476074,0.0024300001095980406,0.08712290227413177,-0.03844999894499779
5.497000217437744,0.003329999977722764,0.06567049771547318,-0.042180001735687256
5.502999782562256,0.0035600000992417336,0.04914816468954086,-0.045499999076128006
5.508999824523926,0.002360000042244792,0.04037697985768318,-0.04837999865412712
5.514999866485596,0.002940000034868717,0.03577779233455658,-0.05087000131607056
5.520999908447266,0.006089999806135893,0.035591352730989456,-0.05302000045776367
5.5269999504089355,0.0042500002309679985,0.037792954593896866,-0.054910000413656235
5.5329999923706055,-0.004430000204592943,0.039126861840486526,-0.05657999962568283
5.539000034332275,-0.006070000119507313,0.037480663508176804,-0.05804000049829483
5.545000076293945,0.0024500000290572643,0.03273101896047592,-0.05933000147342682
5.551000118255615,0.004749999847263098,0.027759861201047897,-0.06049000099301338
5.557000160217285,-0.00215999991632998,0.02719000168144703,-0.06153000146150589
5.563000202178955,-0.004269999917596579,0.030086180195212364,-0.062380000948905945
5.568999767303467,0.0005259999888949096,0.03221265599131584,-0.0629199966788292
5.574999809265137,0.0019499999471008778,0.030302342027425766,-0.06312000006437302
5.580999851226807,-0.0005990000208839774,0.0252382755279541,-0.06293000280857086
5.586999893188477,0.0012199999764561653,0.0180378220975399,-0.06230999901890755
5.5929999351501465,0.005179999861866236,0.00952425692230463,-0.061159998178482056
5.598999977111816,0.0025400000158697367,-0.0012864968739449978,-0.059369999915361404
5.605000019073486,-0.003949999809265137,-0.013496826402842999,-0.05696000158786774
5.611000061035156,-0.007780000101774931,-0.02459407038986683,-0.05397000163793564
5.617000102996826,-0.008070000447332859,-0.030701054260134697,-0.05042999982833862
5.623000144958496,-0.004050000105053186,-0.03296102583408356,-0.046390000730752945
5.629000186920166,0.0006769999745301902,-0.032414887100458145,-0.041839998215436935
5.635000228881836,-0.00011600000289035961,-0.033315230160951614,-0.036959998309612274
5.640999794006348,-0.004459999967366457,-0.03738444671034813,-0.031849998980760574
5.646999835968018,-0.008460000157356262,-0.04617968201637268,-0.0266100000590086
5.6529998779296875,-0.010780000127851963,-0.05718407407402992,-0.02133999951183796
5.658999919891357,-0.008229999803006649,-0.06859476864337921,-0.01607999950647354
5.664999961853027,-0.00215999991632998,-0.07913373410701752,-0.010990000329911709
5.671000003814697,0.0005249999812804163,-0.0899256020784378,-0.006070000119507313
5.677000045776367,-0.0014400000218302011,-0.09696612507104874,-0.0013599999947473407
5.683000087738037,-0.0027799999807029963,-0.09241331368684769,0.003120000008493662
5.689000129699707,-0.0022700000554323196,-0.0721241682767868,0.007410000078380108
5.695000171661377,-0.003010000102221966,-0.04512949660420418,0.011409999802708626
5.701000213623047,-0.002309999894350767,-0.02325291931629181,0.015209999866783619
5.706999778747559,0.0014100000262260437,-0.009657873772084713,0.0188400000333786
5.7129998207092285,0.000391999987186864,-0.0015588663518428802,0.022280000150203705
5.718999862670898,-0.003640000009909272,0.003789530135691166,0.025529999285936356
5.724999904632568,-0.0001500000071246177,0.006658047437667847,0.02848000079393387
5.730999946594238,0.004780000075697899,0.006757807917892933,0.031129999086260796
5.736999988555908,0.0014900000533089042,0.006293749902397394,0.033440001308918
5.743000030517578,-0.0034600000362843275,0.006526239216327667,0.035339999943971634
5.749000072479248,-0.005169999785721302,0.009568126872181892,0.03675999864935875
5.755000114440918,-0.00634999992325902,0.017557306215167046,0.03751000016927719
5.761000156402588,-0.004619999788701534,0.029188957065343857,0.0376100018620491
5.767000198364258,0.0001720000000204891,0.03549925610423088,0.037039998918771744
5.7729997634887695,0.00039599998854100704,0.033696241676807404,0.0357699990272522
5.7789998054504395,-0.003289999905973673,0.02900007739663124,0.03386000171303749
5.784999847412109,-0.00023099999816622585,0.030119799077510834,0.031289998441934586
5.790999889373779,0.006940000224858522,0.0365472137928009,0.02824000082910061
5.796999931335449,0.005330000072717667,0.04315074533224106,0.024870000779628754
5.802999973297119,-0.00013099999341648072,0.04366523027420044,0.02135000005364418
5.809000015258789,0.0017999999690800905,0.03987734392285347,0.01792999915778637
5.815000057220459,0.004780000075697899,0.03538253530859947,0.014779999852180481
5.821000099182129,0.003800000064074993,0.033269867300987244,0.012140000239014626
5.827000141143799,0.00418000016361475,0.03575422987341881,0.010209999978542328
5.833000183105469,0.0035099999513477087,0.0407056100666523,0.009150000289082527
5.839000225067139,-0.0015200000489130616,0.04639377072453499,0.009100000374019146
5.84499979019165,-0.0045900000259280205,0.05095183104276657,0.010099999606609344
5.85099983215332,-0.0031399999279528856,0.054078638553619385,0.012129999697208405
5.85699987411499,-0.002460000105202198,0.05409351363778114,0.015119999647140503
5.86299991607666,-0.0031900000758469105,0.051363859325647354,0.018950000405311584
5.86899995803833,-0.0005859999801032245,0.04660500958561897,0.023420000448822975
5.875,0.002319999970495701,0.0441446378827095,0.028289999812841415
5.88100004196167,-0.0008270000107586384,0.042580828070640564,0.03328999876976013
5.88700008392334,-0.0036899999249726534,0.03901902958750725,0.03815999999642372
5.89300012588501,-0.00039400000241585076,0.03127720579504967,0.04262999817728996
5.89900016784668,0.0009270000155083835,0.020106038078665733,0.046459998935461044
5.90500020980835,-0.0013299999991431832,0.010613909922540188,0.04944999888539314
5.910999774932861,0.0007539999787695706,0.0033683120273053646,0.0514799989759922
5.916999816894531,0.003160000080242753,-0.005203177686780691,0.0524899996817112
5.922999858856201,-0.0017999999690800905,-0.01363332848995924,0.05245999991893768
5.928999900817871,-0.006800000090152025,-0.01536854263395071,0.051430001854896545
5.934999942779541,-0.003229999914765358,-0.005793468561023474,0.04952999949455261
5.940999984741211,0.0006220000213943422,0.009575851261615753,0.04693000018596649
5.947000026702881,-0.003599999938160181,0.02489018440246582,0.04382999986410141
5.953000068664551,-0.0061900001019239426,0.03280593454837799,0.04044000059366226
5.959000110626221,-0.002309999894350767,0.03375859931111336,0.03694000095129013
5.965000152587891,-0.002529999939724803,0.027541229501366615,0.03351999819278717
5.9710001945495605,-0.003659999929368496,0.02027561515569687,0.03034999966621399
5.9770002365112305,0.0044999998062849045,0.01703137904405594,0.027529999613761902
5.982999801635742,0.010110000148415565,0.018147669732570648,0.025140000507235527
5.988999843597412,0.002219999907538295,0.019016847014427185,0.02322000078856945
5.994999885559082,-0.005669999867677689,0.019429700449109077,0.021740000694990158
6.000999927520752,-0.0024900001008063555,0.022337889298796654,0.020679999142885208
6.006999969482422,0.003490000031888485,0.027394190430641174,0.019990000873804092
6.013000011444092,0.005289999768137932,0.030916672199964523,0.019589999690651894
6.019000053405762,0.007029999978840351,0.03035064786672592,0.019440000876784325
6.025000095367432,0.007540000136941671,0.028872685506939888,0.01948999986052513
6.031000137329102,0.001230000052601099,0.028961656615138054,0.019740000367164612
6.0370001792907715,-0.004100000020116568,0.030577411875128746,0.020169999450445175
6.043000221252441,-1.1799999811046291e-05,0.03171928599476814,0.020840000361204147
6.048999786376953,0.005659999791532755,0.03158745542168617,0.02175999991595745
6.054999828338623,0.006219999864697456,0.031389109790325165,0.023000000044703484
6.060999870300293,0.004910000134259462,0.03054339811205864,0.024560000747442245
6.066999912261963,0.0036100000143051147,0.028403256088495255,0.026440000161528587
6.072999954223633,0.0027699999045580626,0.022581785917282104,0.028669999912381172
6.078999996185303,0.0023499999660998583,0.012868586927652359,0.031209999695420265
6.085000038146973,-0.0008030000026337802,0.0034866277128458023,0.03390999883413315
6.091000080108643,-0.006500000134110451,0.0005969402845948935,0.03658000007271767
6.0970001220703125,-0.006819999776780605,0.00604457501322031,0.039009999483823776
6.103000164031982,0.003449999960139394,0.019358109682798386,0.041039999574422836
6.109000205993652,0.013509999960660934,0.03851918503642082,0.04253999888896942
6.114999771118164,0.010569999925792217,0.05720001086592674,0.043230000883340836
6.120999813079834,0.003160000080242753,0.0698712095618248,0.04301000013947487
6.126999855041504,0.003869999898597598,0.07190477102994919,0.04177999868988991
6.132999897003174,0.008340000174939632,0.06464190036058426,0.03957999870181084
6.138999938964844,0.011370000429451466,0.05067616328597069,0.036559998989105225
6.144999980926514,0.012439999729394913,0.038853175938129425,0.033070001751184464
6.151000022888184,0.007009999826550484,0.03413504734635353,0.029570000246167183
6.1570000648498535,-0.0016599999507889152,0.03644026443362236,0.026520000770688057
6.163000106811523,-0.0024399999529123306,0.04179234057664871,0.024390000849962234
6.169000148773193,0.002090000081807375,0.04975951835513115,0.023439999669790268
6.175000190734863,-8.540000271750614e-05,0.05885994806885719,0.024639999493956566
6.181000232696533,-0.004749999847263098,0.07865258306264877,0.02850000001490116
6.186999797821045,0.001560000004246831,0.1089342013001442,0.035360001027584076
6.192999839782715,0.012129999697208405,0.11795620620250702,0.045159999281167984
6.198999881744385,0.0106800002977252,0.03740014508366585,0.057089999318122864
6.204999923706055,-0.0009919999865815043,-0.16861547529697418,0.07145000249147415
6.210999965667725,-0.014390000142157078,-0.4190276861190796,0.08748999983072281
6.2170000076293945,-0.024399999529123306,-0.5439791679382324,0.10429000109434128
6.2230000495910645,-0.021549999713897705,-0.45385903120040894,0.12037000060081482
6.229000091552734,-0.007290000095963478,-0.22720281779766083,0.13338999450206757
6.235000133514404,0.0017999999690800905,-0.031054887920618057,0.14246000349521637
6.241000175476074,5.1399998483248055e-05,0.05317239090800285,0.14584000408649445
6.247000217437744,-0.004360000137239695,0.05463161692023277,0.1419599950313568
6.252999782562256,-0.005470000207424164,0.037632089108228683,0.12919999659061432
6.258999824523926,-0.003370000049471855,0.03033473715186119,0.10577999800443649
6.264999866485596,-0.0027099999133497477,0.03326589986681938,0.07141999900341034
6.270999908447266,-0.005779999773949385,0.04066583514213562,0.02572000026702881
6.2769999504089355,-0.005830000154674053,0.04982530325651169,-0.031129999086260796
6.2829999923706055,0.0015699999639764428,0.059089355170726776,-0.09841000288724899
6.289000034332275,0.005470000207424164,0.06364782154560089,-0.1747799962759018
6.295000076293945,-0.003920000046491623,0.06245068833231926,-0.25804001092910767
6.301000118255615,-0.01233999989926815,0.05416455119848251,-0.34595999121665955
6.307000160217285,-0.00471000000834465,0.04531970992684364,-0.43588998913764954
6.313000202178955,0.00547999981790781,0.036420900374650955,-0.5247099995613098
6.318999767303467,0.004490000195801258,0.027761150151491165,-0.6087200045585632
6.324999809265137,0.001970000099390745,0.019079428166151047,-0.6846699714660645
6.330999851226807,0.0042500002309679985,0.01514140609651804,-0.7500600218772888
6.336999893188477,0.004920000210404396,0.014159965328872204,-0.8025699853897095
6.3429999351501465,0.0013000000035390258,0.013141331262886524,-0.8399199843406677
6.348999977111816,-0.00430000014603138,0.011286361142992973,-0.8599299788475037
6.355000019073486,-0.0067900000140070915,0.01130156684666872,-0.861810028553009
6.361000061035156,-0.0013299999991431832,0.011830543167889118,-0.8461999893188477
6.367000102996826,0.007079999893903732,0.01056350115686655,-0.814050018787384
6.373000144958496,0.008050000295042992,0.008590618148446083,-0.7664899826049805
6.379000186920166,0.0015999999595806003,0.00927305594086647,-0.7049800157546997
6.385000228881836,-0.0015999999595806003,0.013476536609232426,-0.6320599913597107
6.390999794006348,0.0016499999910593033,0.017910437658429146,-0.5512999892234802
6.396999835968018,0.0036200000904500484,0.019840536639094353,-0.46595001220703125
6.4029998779296875,0.002950000111013651,0.019201025366783142,-0.37893998622894287
6.408999919891357,0.003470000112429261,0.018781986087560654,-0.29304999113082886
6.414999961853027,0.0034000000450760126,0.019667446613311768,-0.2112099975347519
6.421000003814697,0.0034199999645352364,0.021383073180913925,-0.13607999682426453
6.427000045776367,0.005530000198632479,0.02067689038813114,-0.06960000097751617
6.433000087738037,0.005090000107884407,0.015437211841344833,-0.013050000183284283
6.439000129699707,0.0008880000095814466,0.0060445815324783325,0.03286999836564064
6.445000171661377,-0.0027600000612437725,-0.008173988200724125,0.06756000220775604
6.451000213623047,-0.004739999771118164,-0.023695850744843483,0.09167999774217606
6.456999778747559,-0.004470000043511391,-0.030904319137334824,0.10610000044107437
6.4629998207092285,-0.0006249999860301614,-0.022835999727249146,0.1119299978017807
6.468999862670898,0.004129999782890081,-0.004148750565946102,0.11066000163555145
6.474999904632568,0.004209999926388264,0.010102499276399612,0.10321000218391418
6.480999946594238,-0.001500000013038516,0.008579207584261894,0.09194999933242798
6.486999988555908,-0.006289999932050705,-0.0052903941832482815,0.07861000299453735
6.493000030517578,-0.005619999952614307,-0.015851061791181564,0.06449999660253525
6.499000072479248,-0.0013299999991431832,-0.017065666615962982,0.05087000131607056
6.505000114440918,0.005410000216215849,-0.010692990384995937,0.037870001047849655
6.511000156402588,0.009770000353455544,-0.0025742847938090563,0.026890000328421593
6.517000198364258,0.004050000105053186,0.00599654670804739,0.018479999154806137
6.5229997634887695,-0.006810000166296959,0.014951921999454498,0.012659999541938305
6.5289998054504395,-0.009770000353455544,0.023249516263604164,0.00930000003427267
6.534999847412109,-0.003169999923557043,0.02455572411417961,0.00749000022187829
6.540999889373779,0.0009270000155083835,0.021990545094013214,0.007269999943673611
6.546999931335449,-0.005289999768137932,0.021688027307391167,0.008299999870359898
6.552999973297119,-0.011830000206828117,0.027128372341394424,0.010089999996125698
6.559000015258789,-0.008340000174939632,0.03451443463563919,0.012190000154078007
6.565000057220459,-0.0026400000788271427,0.0377611480653286,0.014000000432133675
6.571000099182129,-0.0023799999617040157,0.036292288452386856,0.015399999916553497
6.577000141143799,-0.002319999970495701,0.035536326467990875,0.01631000079214573
6.583000183105469,0.00076299998909235,0.036758147180080414,0.016759999096393585
6.589000225067139,0.003470000112429261,0.0382506363093853,0.01680999994277954
6.59499979019165,0.0036200000904500484,0.03872714936733246,0.016669999808073044
6.60099983215332,0.002300000051036477,0.03865315765142441,0.01647000014781952
6.60699987411499,0.000514000013936311,0.03872937336564064,0.01641000062227249
6.61299991607666,-0.001829999964684248,0.03864005580544472,0.016720000654459
6.61899995803833,-0.0016599999507889152,0.03745635971426964,0.017559999600052834
6.625,0.0030900000128895044,0.03463344648480415,0.019109999760985374
6.63100004196167,0.006969999987632036,0.031083090230822563,0.021330000832676888
6.63700008392334,0.006180000025779009,0.029026221483945847,0.024129999801516533
6.64300012588501,0.003379999892786145,0.02952185831964016,0.027380000799894333
6.64900016784668,0.001509999972768128,0.03156305104494095,0.030899999663233757
6.65500020980835,0.00215999991632998,0.033540450036525726,0.03448000177741051
6.660999774932861,0.00267999991774559,0.033294837921857834,0.0378899984061718
6.666999816894531,-6.849999772384763e-05,0.030601918697357178,0.04089999943971634
6.672999858856201,-0.001500000013038516,0.028035752475261688,0.04326999932527542
6.678999900817871,0.0015999999595806003,0.027853457257151604,0.04481000080704689
6.684999942779541,0.004509999882429838,0.02891276776790619,0.045419998466968536
6.690999984741211,0.003449999960139394,0.029546936973929405,0.04510999843478203
6.697000026702881,-0.0008319999906234443,0.03066958859562874,0.04390000179409981
6.703000068664551,-0.004530000034719706,0.03543160483241081,0.04188999906182289
6.709000110626221,-0.004279999993741512,0.04205193743109703,0.03917999938130379
6.715000152587891,-0.0016299999551847577,0.04602709412574768,0.03596999868750572
6.7210001945495605,0.0008009999874047935,0.04427148774266243,0.03246000036597252
6.7270002365112305,0.0028899998869746923,0.03940025717020035,0.028869999572634697
6.732999801635742,0.005590000189840794,0.03500831872224808,0.025350000709295273
6.738999843597412,0.007699999958276749,0.0324331559240818,0.022050000727176666
6.744999885559082,0.003969999961555004,0.03214453160762787,0.01909000054001808
6.750999927520752,-0.0034000000450760126,0.03311940282583237,0.016529999673366547
6.756999969482422,-0.002899999963119626,0.03509954363107681,0.014379999600350857
6.763000011444092,0.00430000014603138,0.037327639758586884,0.012609999626874924
6.769000053405762,0.00558000011369586,0.03834874927997589,0.011149999685585499
6.775000095367432,0.0005959999980404973,0.035811033099889755,0.009929999709129333
6.781000137329102,-0.0016799999866634607,0.031035304069519043,0.008870000019669533
6.7870001792907715,0.0001429999974789098,0.026515403762459755,0.007860000245273113
6.793000221252441,0.0013899999903514981,0.02582555264234543,0.006829999852925539
6.798999786376953,0.0019600000232458115,0.028410933911800385,0.005739999935030937
6.804999828338623,0.003809999907389283,0.031822532415390015,0.0045900000259280205
6.810999870300293,0.0019000000320374966,0.03078315407037735,0.003370000049471855
6.816999912261963,-0.00482999999076128,0.022178765386343002,0.0021299999207258224
6.822999954223633,-0.0060800001956522465,0.00818138848990202,0.0009190000128000975
6.828999996185303,-0.0006649999995715916,-0.006590507458895445,-0.00017499999376013875
6.835000038146973,0.0011099999537691474,-0.0195798110216856,-0.0010300000431016088
6.841000080108643,-0.001820000004954636,-0.030185680836439133,-0.0016299999551847577
6.8470001220703125,-0.003710000077262521,-0.03814711794257164,-0.0019099999917671084
6.853000164031982,-0.0037499999161809683,-0.039434704929590225,-0.0018400000408291817
6.859000205993652,-0.00279999990016222,-0.027506543323397636,-0.0014100000262260437
6.864999771118164,0.00010099999781232327,-0.005387002602219582,-0.0006350000039674342
6.870999813079834,0.0043299999088048935,0.01860934868454933,0.0003859999997075647
6.876999855041504,0.005189999938011169,0.03373226895928383,0.001560000004246831
6.882999897003174,0.001970000099390745,0.037365589290857315,0.0027699999045580626
6.888999938964844,0.0014900000533089042,0.03408459573984146,0.00394000019878149
6.894999980926514,0.004209999926388264,0.02945435792207718,0.0049600000493228436
6.901000022888184,0.003920000046491623,0.027432169765233994,0.0057299998588860035
6.9070000648498535,0.0017099999822676182,0.029515335336327553,0.006200000178068876
6.913000106811523,0.0016700000269338489,0.033247072249650955,0.006339999847114086
6.919000148773193,0.0028800000436604023,0.036554619669914246,0.0061599998734891415
6.925000190734863,0.0028800000436604023,0.04003305733203888,0.005739999935030937
6.931000232696533,0.001290000043809414,0.04659377783536911,0.005150000099092722
6.936999797821045,0.000666000007186085,0.06197812035679817,0.004519999958574772
6.942999839782715,0.0018599999602884054,0.09182395786046982,0.00395999988541007
6.948999881744385,0.0029200001154094934,0.1252785474061966,0.0035800000187009573
6.954999923706055,0.0038300000596791506,0.10719865560531616,0.0035200000274926424
6.960999965667725,0.0009670000290498137,-0.03265918418765068,0.0038499999791383743
6.9670000076293945,-0.010700000450015068,-0.276703804731369,0.004619999788701534
6.9730000495910645,-0.02322000078856945,-0.48175469040870667,0.005830000154674053
6.979000091552734,-0.02304000034928322,-0.49756723642349243,0.007410000078380108
6.985000133514404,-0.010329999960958958,-0.3168301582336426,0.009270000271499157
6.991000175476074,0.0011599999852478504,-0.08757944405078888,0.011289999820291996
6.997000217437744,0.0008019999950192869,0.05424637347459793,0.013290000148117542
7.002999782562256,-0.005439999978989363,0.08654773235321045,0.01508999988436699
7.008999824523926,-0.006300000008195639,0.07026781886816025,0.01647000014781952
7.014999866485596,-0.0034600000362843275,0.053871966898441315,0.017260000109672546
7.020999908447266,-0.003710000077262521,0.05067745968699455,0.017340000718832016
7.0269999504089355,-0.005900000222027302,0.054820042103528976,0.016610000282526016
7.0329999923706055,-0.005040000192821026,0.06068183854222298,0.01501999981701374
7.039000034332275,-0.0008069999748840928,0.06276699155569077,0.012550000101327896
7.045000076293945,0.00139999995008111,0.05911543592810631,0.009309999644756317
7.051000118255615,0.001290000043809414,0.05166367068886757,0.005439999978989363
7.057000160217285,0.004980000201612711,0.04429507255554199,0.001120000029914081
7.063000202178955,0.010250000283122063,0.038453664630651474,-0.00343999988399446
7.068999767303467,0.009850000031292439,0.03300900012254715,-0.008030000142753124
7.074999809265137,0.004809999838471413,0.025458846241235733,-0.012369999662041664
7.080999851226807,-0.0004360000020824373,0.016151627525687218,-0.016249999403953552
7.086999893188477,-0.003980000037699938,0.008469929918646812,-0.019500000402331352
7.0929999351501465,-0.0048500001430511475,0.005211174488067627,-0.021970000118017197
7.098999977111816,-0.0016400000313296914,0.0030369041487574577,-0.0236200001090765
7.105000019073486,0.00570000009611249,0.0012467814376577735,-0.024369999766349792
7.111000061035156,0.009940000250935555,0.002240353263914585,-0.024299999698996544
7.117000102996826,0.004769999999552965,0.007055237423628569,-0.023499999195337296
7.123000144958496,-0.002050000010058284,0.009361824952065945,-0.022140000015497208
7.129000186920166,-0.0018599999602884054,0.00448082247748971,-0.02043999917805195
7.135000228881836,0.0005990000208839774,-0.0090500358492136,-0.018549999222159386
7.140999794006348,-0.0012799999676644802,-0.02866223081946373,-0.01672999933362007
7.146999835968018,-0.004370000213384628,-0.051992449909448624,-0.015180000104010105
7.1529998779296875,-0.002300000051036477,-0.07568749785423279,-0.014089999720454216
7.158999919891357,0.0019399999873712659,-0.09473923593759537,-0.013629999943077564
7.164999961853027,0.001769999973475933,-0.10508895665407181,-0.01384000014513731
7.171000003814697,0.0009200000204145908,-0.10981499403715134,-0.014790000393986702
7.177000045776367,0.00215000007301569,-0.1087760329246521,-0.01647000014781952
7.183000087738037,-0.0009089999948628247,-0.09982147812843323,-0.01882000081241131
7.189000129699707,-0.005799999926239252,-0.08598189800977707,-0.021770000457763672
7.195000171661377,-0.002689999993890524,-0.07623130828142166,-0.025100000202655792
7.201000213623047,0.005189999938011169,-0.07665112614631653,-0.02865000069141388
7.206999778747559,0.0063599999994039536,-0.08546820282936096,-0.032269999384880066
7.2129998207092285,0.0010600000387057662,-0.09455565363168716,-0.03579000011086464
7.218999862670898,-0.000155999994603917,-0.09901287406682968,-0.039080001413822174
7.224999904632568,0.0026700000744313,-0.10003197938203812,-0.04194999858736992
7.230999946594238,-0.00017499999376013875,-0.10034385323524475,-0.04430999979376793
7.236999988555908,-0.005179999861866236,-0.1003483459353447,-0.04611000046133995
7.243000030517578,-0.0035200000274926424,-0.09744876623153687,-0.0473800003528595
7.249000072479248,-0.000577000027988106,-0.08882561326026917,-0.048179998993873596
7.255000114440918,-0.0006130000110715628,-0.0704897791147232,-0.04851999878883362
7.261000156402588,0.0024800000246614218,-0.04067523404955864,-0.04853999987244606
7.267000198364258,0.007180000189691782,-0.007094393949955702,-0.04836999997496605
7.2729997634887695,0.004230000078678131,0.019726896658539772,-0.048190001398324966
7.2789998054504395,-0.0040799998678267,0.03408066928386688,-0.04820000007748604
7.284999847412109,-0.004910000134259462,0.04012782499194145,-0.04845999926328659
7.290999889373779,0.00171999994199723,0.042502306401729584,-0.049150001257658005
7.296999931335449,0.002570000011473894,0.044046033173799515,-0.05037999898195267
7.302999973297119,-0.002730000065639615,0.04439359903335571,-0.0522099994122982
7.309000015258789,-0.004860000219196081,0.04425704479217529,-0.054740000516176224
7.315000057220459,-0.005400000140070915,0.043061498552560806,-0.05787000060081482
7.321000099182129,-0.0063299997709691525,0.040870144963264465,-0.061569999903440475
7.327000141143799,-0.0028299998957663774,0.035360999405384064,-0.06577000021934509
7.333000183105469,0.002570000011473894,0.029953574761748314,-0.07035999745130539
7.339000225067139,0.0026499999221414328,0.027314458042383194,-0.07524000108242035
7.34499979019165,-0.0024300001095980406,0.02903175540268421,-0.08015000075101852
7.35099983215332,-0.007259999867528677,0.03319358080625534,-0.08496999740600586
7.35699987411499,-0.008209999650716782,0.03857860341668129,-0.08957000076770782
7.36299991607666,-0.005309999920427799,0.043063778430223465,-0.0938199982047081
7.36899995803833,4.310000076657161e-05,0.04601006209850311,-0.09762000292539597
7.375,0.0035699999425560236,0.043894942849874496,-0.10081999748945236
7.38100004196167,0.0009629999985918403,0.03419681265950203,-0.10341999679803848
7.38700008392334,-0.003930000122636557,0.021834896877408028,-0.1054299995303154
7.39300012588501,-0.006039999891072512,0.010824654251337051,-0.10689999908208847
7.39900016784668,-0.005169999785721302,0.0038096471689641476,-0.10789000242948532
7.40500020980835,-0.0004070000140927732,0.00032912465394474566,-0.10842999815940857
7.410999774932861,0.0035500000230968,0.0038693691603839397,-0.10869999974966049
7.416999816894531,-0.0011599999852478504,0.016837486997246742,-0.10881999880075455
7.422999858856201,-0.007189999800175428,0.033590029925107956,-0.10892000049352646
7.428999900817871,-0.003980000037699938,0.0382254458963871,-0.10911999642848969
7.434999942779541,2.680000034160912e-05,0.029376735910773277,-0.10942000150680542
7.440999984741211,-0.006519999820739031,0.015226839110255241,-0.10992000252008438
7.447000026702881,-0.01486000046133995,0.0070565552450716496,-0.1106799989938736
7.453000068664551,-0.010440000332891941,0.008703634142875671,-0.11167000234127045
7.459000110626221,0.0006649999995715916,0.01719352789223194,-0.11288999766111374
7.465000152587891,0.0026499999221414328,0.027068236842751503,-0.11416000127792358
7.4710001945495605,-0.003000000026077032,0.032681893557310104,-0.11542999744415283
7.4770002365112305,-0.007319999858736992,0.02900760993361473,-0.1165900006890297
7.482999801635742,-0.009870000183582306,0.01841208152472973,-0.1175599992275238
7.488999843597412,-0.008750000037252903,0.01269204169511795,-0.11830999702215195
7.494999885559082,-0.0017099999822676182,0.01858660764992237,-0.11867000162601471
7.500999927520752,0.0040799998678267,0.031068796291947365,-0.11862999945878983
7.506999969482422,0.0014700000174343586,0.0396309457719326,-0.11821000277996063
7.513000011444092,-0.005840000230818987,0.041317399591207504,-0.11749999970197678
7.519000053405762,-0.008139999583363533,0.03785020858049393,-0.11666999757289886
7.525000095367432,-0.0035000001080334187,0.035845931619405746,-0.1157900020480156
7.531000137329102,-0.00026500000967644155,0.031777482479810715,-0.11507999897003174
7.5370001792907715,-0.0023399998899549246,0.02466203086078167,-0.11474999785423279
7.543000221252441,-0.006200000178068876,0.013073784299194813,-0.11501999944448471
7.548999786376953,-0.009340000338852406,-0.002379766432568431,-0.11618000268936157
7.554999828338623,-0.009669999592006207,-0.01738128252327442,-0.11834000051021576
7.560999870300293,-0.006839999929070473,-0.027581650763750076,-0.12163999676704407
7.566999912261963,-0.004230000078678131,-0.030060863122344017,-0.12615999579429626
7.572999954223633,-0.004189999774098396,-0.026232201606035233,-0.13192999362945557
7.578999996185303,-0.006599999964237213,-0.018591929227113724,-0.1388700008392334
7.585000038146973,-0.00786999985575676,-0.010344753973186016,-0.1467600017786026
7.591000080108643,-0.004170000087469816,-0.003935228101909161,-0.1553799957036972
7.5970001220703125,0.0005370000144466758,-0.0017039012163877487,-0.16444000601768494
7.603000164031982,0.0013699999544769526,-0.0013514376478269696,-0.17359000444412231
7.609000205993652,0.00018200000340584666,0.005577902775257826,-0.18242000043392181
7.614999771118164,0.00013899999612476677,0.020686015486717224,-0.19047999382019043
7.620999813079834,0.0034799999557435513,0.0362568274140358,-0.19744999706745148
7.626999855041504,0.009840000420808792,0.04201679304242134,-0.20302000641822815
7.632999897003174,0.014340000227093697,0.03929631784558296,-0.2069299966096878
7.638999938964844,0.013030000030994415,0.03454073891043663,-0.20901000499725342
7.644999980926514,0.007290000095963478,0.03279922157526016,-0.20914000272750854
7.651000022888184,0.003819999983534217,0.034120235592126846,-0.20744000375270844
7.6570000648498535,0.006300000008195639,0.03709220886230469,-0.20410999655723572
7.663000106811523,0.00788000039756298,0.04054340720176697,-0.1993899941444397
7.669000148773193,0.004769999999552965,0.04384121671319008,-0.19360999763011932
7.675000190734863,0.003389999968931079,0.04550829902291298,-0.18714000284671783
7.681000232696533,0.005009999964386225,0.04506732523441315,-0.1805099993944168
7.686999797821045,0.005040000192821026,0.04527817666530609,-0.17417000234127045
7.692999839782715,0.0037299999967217445,0.049850013107061386,-0.16850000619888306
7.698999881744385,0.003640000009909272,0.06434352695941925,-0.1638299971818924
7.704999923706055,0.0049299998208880424,0.0884595662355423,-0.1604200005531311
7.710999965667725,0.0067900000140070915,0.09522398561239243,-0.15846000611782074
7.7170000076293945,0.008419999852776527,0.02586856670677662,-0.15800000727176666
7.7230000495910645,0.005439999978989363,-0.15516828000545502,-0.15895000100135803
7.729000091552734,-0.00675999978557229,-0.37889564037323,-0.161080002784729
7.735000133514404,-0.018360000103712082,-0.49313679337501526,-0.164110004901886
7.741000175476074,-0.015279999934136868,-0.4058677554130554,-0.16767999529838562
7.747000217437744,-0.00394000019878149,-0.18954560160636902,-0.17137999832630157
7.752999782562256,0.0025400000158697367,-0.0014579629059880972,-0.17479999363422394
7.758999824523926,0.004749999847263098,0.07104667276144028,-0.17750999331474304
7.764999866485596,0.005640000104904175,0.06330627202987671,-0.17919999361038208
7.770999908447266,0.005200000014156103,0.041538361459970474,-0.17958000302314758
7.7769999504089355,0.005900000222027302,0.034149836748838425,-0.17850999534130096
7.7829999923706055,0.00687999976798892,0.03218473866581917,-0.17591999471187592
7.789000034332275,0.0034000000450760126,0.02931978739798069,-0.17186999320983887
7.795000076293945,-0.0020800000056624413,0.027611343190073967,-0.16662999987602234
7.801000118255615,-0.000750000006519258,0.028709635138511658,-0.16046999394893646
7.807000160217285,0.005609999876469374,0.03224245086312294,-0.1537500023841858
7.813000202178955,0.005789999850094318,0.034679580479860306,-0.14687000215053558
7.818999767303467,0.0019000000320374966,0.03241974115371704,-0.1402300000190735
7.824999809265137,0.003490000031888485,0.028267454355955124,-0.13436000049114227
7.830999851226807,0.00610999995842576,0.02732962928712368,-0.1295900046825409
7.836999893188477,0.0035800000187009573,0.02974446676671505,-0.12620000541210175
7.8429999351501465,0.000371000001905486,0.030851833522319794,-0.12434999644756317
7.848999977111816,-9.40000027185306e-05,0.026872863993048668,-0.12404999881982803
7.855000019073486,0.0021299999207258224,0.020053720101714134,-0.1253499984741211
7.861000061035156,0.005929999984800816,0.013841033913195133,-0.12804999947547913
7.867000102996826,0.00686000008136034,0.010462990961968899,-0.131850004196167
7.873000144958496,0.0031500000040978193,0.010506562888622284,-0.1363700032234192
7.879000186920166,-9.649999992689118e-05,0.012813853099942207,-0.14106999337673187
7.885000228881836,0.0013800000306218863,0.014431394636631012,-0.14560000598430634
7.890999794006348,0.003060000017285347,0.013346286490559578,-0.14945000410079956
7.896999835968018,-0.0006949999951757491,0.010121953673660755,-0.15218999981880188
7.9029998779296875,-0.004819999914616346,0.00775628536939621,-0.15343999862670898
7.908999919891357,-0.004519999958574772,0.004975468851625919,-0.15279999375343323
7.914999961853027,-0.004310000222176313,-0.004221427720040083,-0.15023000538349152
7.921000003814697,-0.004389999900013208,-0.01894482783973217,-0.1456100046634674
7.927000045776367,-0.0024999999441206455,-0.030900167301297188,-0.13898999989032745
7.933000087738037,-0.0035099999513477087,-0.03323725238442421,-0.13053999841213226
7.939000129699707,-0.006680000107735395,-0.03275137394666672,-0.12044999748468399
7.945000171661377,-0.004980000201612711,-0.037926655262708664,-0.10922999680042267
7.951000213623047,-0.001550000044517219,-0.048779476433992386,-0.09724000096321106
7.956999778747559,-0.004129999782890081,-0.052939318120479584,-0.08494000136852264
7.9629998207092285,-0.0076299998909235,-0.0445387177169323,-0.07276999950408936
7.968999862670898,-0.0018100000452250242,-0.027385760098695755,-0.061159998178482056
7.974999904632568,0.006779999937862158,-0.011275247670710087,-0.05065000057220459
7.980999946594238,0.0049299998208880424,0.0007345956983044744,-0.04152999818325043
7.986999988555908,-0.0005370000144466758,0.007389355450868607,-0.034040000289678574
7.993000030517578,0.0015699999639764428,0.01209738478064537,-0.028349999338388443
7.999000072479248,0.00430000014603138,0.016092557460069656,-0.02450999990105629
8.005000114440918,0.0022100000642240047,0.018990134820342064,-0.022619999945163727
8.01099967956543,0.002460000105202198,0.02105833776295185,-0.02250000089406967
8.017000198364258,0.006750000175088644,0.021838173270225525,-0.023919999599456787
8.02299976348877,0.00803999975323677,0.022121593356132507,-0.02662999927997589
8.029000282287598,0.0035000001080334187,0.02197203040122986,-0.030230000615119934
8.03499984741211,-0.0006510000093840063,0.023052740842103958,-0.03452000021934509
8.041000366210938,0.001509999972768128,0.02664278820157051,-0.03903999924659729
8.04699993133545,0.005969999823719263,0.03268595039844513,-0.043379999697208405
8.053000450134277,0.004970000125467777,0.03780713677406311,-0.04723000153899193
8.059000015258789,-0.0017000000225380063,0.041063737124204636,-0.050209999084472656
8.0649995803833,-0.0047599999234080315,0.0438816212117672,-0.0522099994122982
8.071000099182129,0.002580000087618828,0.04740435630083084,-0.052969999611377716
8.07699966430664,0.010089999996125698,0.04922423139214516,-0.05232999846339226
8.083000183105469,0.006550000049173832,0.04682030901312828,-0.050269998610019684
8.08899974822998,0.001180000021122396,0.04310373589396477,-0.046790000051259995
8.095000267028809,0.0027799999807029963,0.0414775088429451,-0.04210999980568886
8.10099983215332,0.003909999970346689,0.041396718472242355,-0.0363599993288517
8.107000350952148,0.0008709999965503812,0.03992471098899841,-0.029759999364614487
8.11299991607666,-0.0005549999768845737,0.03793218359351158,-0.0225600004196167
8.119000434875488,0.0027799999807029963,0.03490765765309334,-0.015069999732077122
8.125,0.009270000271499157,0.03133077546954155,-0.007670000195503235
8.130999565124512,0.014069999568164349,0.02713741734623909,-0.0006900000153109431
8.13700008392334,0.01155999954789877,0.024768024682998657,0.005609999876469374
8.142999649047852,0.0026599999982863665,0.025004878640174866,0.010970000177621841
8.14900016784668,-0.0026700000744313,0.02484665997326374,0.015209999866783619
8.154999732971191,0.0011899999808520079,0.02072983793914318,0.0181099995970726
8.16100025177002,0.004610000178217888,0.01713455654680729,0.019610000774264336
8.166999816894531,0.0010499999625608325,0.017901958897709846,0.019740000367164612
8.17300033569336,-0.0001429999974789098,0.022008346393704414,0.01858000084757805
8.178999900817871,0.005369999911636114,0.02427019737660885,0.0163199994713068
8.1850004196167,0.010060000233352184,0.02353089675307274,0.01310999970883131
8.190999984741211,0.010879999957978725,0.021555200219154358,0.009279999881982803
8.196999549865723,0.010230000130832195,0.022453559562563896,0.005160000175237656
8.20300006866455,0.00853000022470951,0.026547282934188843,0.0010900000343099236
8.208999633789062,0.00482999999076128,0.030572542920708656,-0.0025400000158697367
8.21500015258789,0.0017900000093504786,0.033872220665216446,-0.005499999970197678
8.220999717712402,0.004310000222176313,0.03625383973121643,-0.007420000154525042
8.22700023651123,0.007819999940693378,0.03678648918867111,-0.008089999668300152
8.232999801635742,0.004989999812096357,0.033437635749578476,-0.007360000163316727
8.23900032043457,0.0021699999924749136,0.028724996373057365,-0.005140000022947788
8.244999885559082,0.00431999983265996,0.02467825822532177,-0.0015200000489130616
8.25100040435791,0.003949999809265137,0.025022640824317932,0.0034000000450760126
8.256999969482422,0.0014100000262260437,0.02826669253408909,0.009440000168979168
8.262999534606934,0.00395999988541007,0.030539697036147118,0.01631000079214573
8.269000053405762,0.0051299999468028545,0.027509570121765137,0.023649999871850014
8.274999618530273,-0.0037499999161809683,0.02070188708603382,0.031039999797940254
8.281000137329102,-0.011590000241994858,0.014871534891426563,0.03809000179171562
8.286999702453613,-0.006289999932050705,0.016098011285066605,0.044429998844861984
8.293000221252441,7.200000254670158e-05,0.02220439538359642,0.049710001796483994
8.298999786376953,-0.003710000077262521,0.02838703989982605,0.053630001842975616
8.305000305175781,-0.005859999917447567,0.036254748702049255,0.05595000088214874
8.310999870300293,-0.0017600000137463212,0.047512203454971313,0.05657000094652176
8.317000389099121,-0.002950000111013651,0.05528933182358742,0.055479999631643295
8.322999954223633,-0.0081599997356534,0.05065673962235451,0.05276999995112419
8.329000473022461,-0.008059999905526638,0.034166134893894196,0.04864000156521797
8.335000038146973,-0.004819999914616346,0.017513463273644447,0.04332000017166138
8.340999603271484,-0.0035600000992417336,0.008603767491877079,0.03720000013709068
8.347000122070312,-0.0041600000113248825,0.004236181732267141,0.03067000024020672
8.352999687194824,-0.006490000057965517,-8.028229785850272e-05,0.024129999801516533
8.359000205993652,-0.012140000239014626,-0.008484604768455029,0.01802000030875206
8.364999771118164,-0.01795000024139881,-0.02313387580215931,0.012670000083744526
8.371000289916992,-0.015540000051259995,-0.037972696125507355,0.008440000005066395
8.376999855041504,-0.006810000166296959,-0.04328308627009392,0.005570000037550926
8.383000373840332,-0.004350000061094761,-0.0330352745950222,0.004220000002533197
8.388999938964844,-0.009100000374019146,-0.01187464315444231,0.004449999891221523
8.395000457763672,-0.010730000212788582,0.01008594874292612,0.006219999864697456
8.401000022888184,-0.007319999858736992,0.024717183783650398,0.009410000406205654
8.406999588012695,-0.004749999847263098,0.029762141406536102,0.013810000382363796
8.413000106811523,-0.0031300000846385956,0.027589701116085052,0.019139999523758888
8.418999671936035,0.0004600000102072954,0.025689786300063133,0.025059999898076057
8.425000190734863,0.0002099999983329326,0.028554264456033707,0.03125
8.430999755859375,-0.006810000166296959,0.03600786626338959,0.03734000027179718
8.437000274658203,-0.00788000039756298,0.043901700526475906,0.04303000122308731
8.442999839782715,-0.00031900001340545714,0.05082106217741966,0.04803000018000603
8.449000358581543,-0.00028700000257231295,0.05755765736103058,0.05203000083565712
8.454999923706055,-0.007110000122338533,0.0618317648768425,0.054919999092817307
8.461000442504883,-0.0044999998062849045,0.061026837676763535,0.05657999962568283
8.467000007629395,0.004569999873638153,0.058923713862895966,0.05697999894618988
8.472999572753906,0.006320000160485506,0.06673996150493622,0.056129999458789825
8.479000091552734,0.003229999914765358,0.08492417633533478,0.05407999828457832
8.484999656677246,0.004430000204592943,0.07544735074043274,0.05099000036716461
8.491000175476074,0.0048500001430511475,-0.02157905139029026,0.04701000079512596
8.496999740600586,-0.004889999981969595,-0.21968354284763336,0.04235000163316727
8.503000259399414,-0.019209999591112137,-0.42431414127349854,0.03717000037431717
8.508999824523926,-0.0266100000590086,-0.49452775716781616,0.031690001487731934
8.515000343322754,-0.023110000416636467,-0.3729974627494812,0.026079999282956123
8.520999908447266,-0.009879999794065952,-0.15476666390895844,0.02053000032901764
8.527000427246094,0.0028299998957663774,0.02010834403336048,0.015180000104010105
8.532999992370605,0.0030300000216811895,0.08742331713438034,0.010180000215768814
8.538999557495117,-0.0034799999557435513,0.08527794480323792,0.005679999943822622
8.545000076293945,-0.005499999970197678,0.0672861635684967,0.0017500000540167093
8.550999641418457,-0.0048500001430511475,0.056477464735507965,-0.001500000013038516
8.557000160217285,-0.005249999929219484,0.045874759554862976,-0.004019999876618385
8.562999725341797,-0.005900000222027302,0.03488122671842575,-0.00571999978274107
8.569000244140625,-0.00791999977082014,0.026691511273384094,-0.006539999973028898
8.574999809265137,-0.01104000024497509,0.02091500349342823,-0.0064199999906122684
8.581000328063965,-0.01051000040024519,0.016817213967442513,-0.005369999911636114
8.586999893188477,-0.00571999978274107,0.01567932218313217,-0.003370000049471855
8.593000411987305,-0.003379999892786145,0.018585609272122383,-0.0004689999914262444
8.598999977111816,-0.0048699998296797276,0.025593925267457962,0.003269999986514449
8.604999542236328,-0.00471000000834465,0.03377293050289154,0.007819999940693378
8.611000061035156,-0.0040799998678267,0.036583803594112396,0.01298999972641468
8.616999626159668,-0.004389999900013208,0.029810702428221703,0.018619999289512634
8.623000144958496,-0.0015800000401213765,0.01880679465830326,0.02449999935925007
8.628999710083008,-0.0001250000059371814,0.011342502199113369,0.030339999124407768
8.635000228881836,-0.0035500000230968,0.007004156243056059,0.03593999892473221
8.640999794006348,-0.0037899999879300594,-0.0018102966714650393,0.04098999872803688
8.647000312805176,-0.002959999954327941,-0.015846237540245056,0.04521999880671501
8.652999877929688,-0.009879999794065952,-0.028384609147906303,0.04836000129580498
8.659000396728516,-0.014720000326633453,-0.03363288938999176,0.05017000064253807
8.664999961853027,-0.006730000022798777,-0.03614072874188423,0.05048999935388565
8.670999526977539,0.0009139999747276306,-0.042691223323345184,0.04921000078320503
8.677000045776367,-0.004490000195801258,-0.05380018427968025,0.04633000120520592
8.682999610900879,-0.009999999776482582,-0.06613723933696747,0.04187000170350075
8.689000129699707,-0.0032599999103695154,-0.07477834820747375,0.035989999771118164
8.694999694824219,0.0033400000538676977,-0.07320721447467804,0.02889999933540821
8.701000213623047,0.001069999998435378,-0.056895747780799866,0.020919999107718468
8.706999778747559,0.0010499999625608325,-0.030907653272151947,0.012419999577105045
8.713000297546387,0.00571999978274107,-0.006629166193306446,0.0037899999879300594
8.718999862670898,0.005040000192821026,0.00820273719727993,-0.0044999998062849045
8.725000381469727,0.0001539999939268455,0.011627469211816788,-0.012070000171661377
8.730999946594238,0.0006670000148005784,0.006999743636697531,-0.01850000023841858
8.737000465393066,0.00687999976798892,-0.001406120602041483,-0.023479999974370003
8.743000030517578,0.0094200000166893,-0.009979925118386745,-0.026729999110102654
8.74899959564209,0.006380000151693821,-0.015519066713750362,-0.028060000389814377
8.755000114440918,0.007689999882131815,-0.015349860303103924,-0.02741999924182892
8.76099967956543,0.013949999585747719,-0.011839075945317745,-0.024890000000596046
8.767000198364258,0.014170000329613686,-0.008567947894334793,-0.020640000700950623
8.77299976348877,0.008329999633133411,-0.007821186445653439,-0.01489999983459711
8.779000282287598,0.005009999964386225,-0.007620146498084068,-0.008009999990463257
8.78499984741211,0.005200000014156103,-0.004566954914480448,-0.00036100001307204366
8.791000366210938,0.005489999894052744,0.0010656886734068394,0.007569999899715185
8.79699993133545,0.005979999899864197,0.00609050877392292,0.01534000039100647
8.803000450134277,0.008129999972879887,0.011287515982985497,0.022539999336004257
8.809000015258789,0.009990000165998936,0.01845153234899044,0.028780000284314156
8.8149995803833,0.01063000038266182,0.0268540196120739,0.033799998462200165
8.821000099182129,0.012559999711811543,0.03461058810353279,0.03734999895095825
8.82699966430664,0.012369999662041664,0.04026084765791893,0.039340000599622726
8.833000183105469,0.006810000166296959,0.04434353858232498,0.03976000100374222
8.83899974822998,0.005090000107884407,0.04639424383640289,0.038679998368024826
8.845000267028809,0.011710000224411488,0.046264830976724625,0.036320000886917114
8.85099983215332,0.01640000008046627,0.04373864457011223,0.03297000005841255
8.857000350952148,0.01432000007480383,0.040719173848629,0.028929999098181725
8.86299991607666,0.011989999562501907,0.03696991875767708,0.024539999663829803
8.869000434875488,0.012020000256597996,0.034915775060653687,0.020099999383091927
8.875,0.00949000008404255,0.0352717787027359,0.015939999371767044
8.880999565124512,0.004819999914616346,0.03605005145072937,0.012360000051558018
8.88700008392334,0.006459999829530716,0.03291511535644531,0.009560000151395798
8.892999649047852,0.012199999764561653,0.027413219213485718,0.007619999814778566
8.89900016784668,0.010449999943375587,0.023933764547109604,0.006579999811947346
8.904999732971191,0.0038300000596791506,0.025292327627539635,0.006339999847114086
8.91100025177002,0.00215000007301569,0.030639147385954857,0.0067900000140070915
8.916999816894531,0.0030400000978261232,0.036568667739629745,0.00773000018671155
8.92300033569336,0.0012700000079348683,0.03981270268559456,0.008940000087022781
8.928999900817871,-0.0006990000256337225,0.04018913954496384,0.01013999991118908
8.9350004196167,0.00026000000070780516,0.03780892491340637,0.011049999855458736
8.940999984741211,0.0020600000862032175,0.032805185765028,0.011429999954998493
8.946999549865723,0.0021100000012665987,0.027221526950597763,0.011099999770522118
8.95300006866455,0.0023499999660998583,0.023968787863850594,0.009949999861419201
8.958999633789062,0.0028699999675154686,0.024359645321965218,0.007960000075399876
8.96500015258789,0.0009840000420808792,0.0270419642329216,0.005179999861866236
8.970999717712402,-0.000526999996509403,0.028716668486595154,0.0017000000225380063
8.97700023651123,0.0006539999740198255,0.028163602575659752,-0.0022700000554323196
8.982999801635742,0.0013800000306218863,0.026359958574175835,-0.00646999990567565
8.98900032043457,0.0007089999853633344,0.022331448271870613,-0.010579999536275864
8.994999885559082,-0.0006070000235922635,0.015074106864631176,-0.01425000000745058
9.00100040435791,-0.0013899999903514981,0.005558149889111519,-0.017170000821352005
9.006999969482422,0.0006469999789260328,-0.002726422855630517,-0.01907999999821186
9.012999534606934,0.002940000034868717,-0.008012121543288231,-0.019759999588131905
9.019000053405762,0.0026599999982863665,-0.00881044752895832,-0.019039999693632126
9.024999618530273,0.0020099999383091927,-0.005993557628244162,-0.016820000484585762
9.031000137329102,0.0005559999844990671,-0.0015865134773775935,-0.013170000165700912
9.036999702453613,-0.002959999954327941,0.002910124370828271,-0.008209999650716782
9.043000221252441,-0.004910000134259462,0.007102838717401028,-0.0021800000686198473
9.048999786376953,-0.003289999905973673,0.0115281967446208,0.0045900000259280205
9.055000305175781,-0.0010499999625608325,0.01939590647816658,0.011730000376701355
9.060999870300293,0.0006309999735094607,0.030050350353121758,0.018810000270605087
9.067000389099121,0.004879999905824661,0.04084596782922745,0.0254100002348423
9.072999954223633,0.008990000002086163,0.045056041330099106,0.031109999865293503
9.079000473022461,0.003220000071451068,0.03965030983090401,0.03548000007867813
9.085000038146973,-0.008709999732673168,0.031239133328199387,0.03822999820113182
9.090999603271484,-0.011409999802708626,0.02939559519290924,0.03911999985575676
9.097000122070312,-0.004519999958574772,0.03155915439128876,0.03804999962449074
9.102999687194824,0.0006900000153109431,0.026895461603999138,0.035020001232624054
9.109000205993652,0.0011099999537691474,0.014575565233826637,0.03013000078499317
9.114999771118164,0.0005130000063218176,0.0022605054546147585,0.023590000346302986
9.121000289916992,0.0014900000533089042,-0.0013289623893797398,0.015780000016093254
9.126999855041504,0.0027000000700354576,0.0016241819830611348,0.007089999970048666
9.133000373840332,0.0017900000093504786,0.002766057150438428,-0.0020099999383091927
9.138999938964844,-0.0009169999975711107,-0.0011099446564912796,-0.010999999940395355
9.145000457763672,-0.004650000017136335,-0.0074616349302232265,-0.01939000003039837
9.151000022888184,-0.0065100002102553844,-0.013568738475441933,-0.02669999934732914
9.156999588012695,-0.0035099999513477087,-0.01628860831260681,-0.03255999833345413
9.163000106811523,-0.0011399999493733048,-0.015781331807374954,-0.03663000091910362
9.168999671936035,-0.0034799999557435513,-0.012702099978923798,-0.038679998368024826
9.175000190734863,-0.0035800000187009573,-0.006303587928414345,-0.03863999992609024
9.180999755859375,0.0022100000642240047,0.005532451439648867,-0.036559998989105225
9.187000274658203,0.006550000049173832,0.02398429624736309,-0.03262000158429146
9.192999839782715,0.0036299999337643385,0.042783964425325394,-0.027049999684095383
9.199000358581543,-0.0016499999910593033,0.05407334491610527,-0.020169999450445175
9.204999923706055,-0.002219999907538295,0.054852552711963654,-0.012439999729394913
9.211000442504883,-0.0008319999906234443,0.050320014357566833,-0.004350000061094761
9.217000007629395,-0.001339999958872795,0.048840101808309555,0.003650000086054206
9.222999572753906,-0.0005469999741762877,0.05433979630470276,0.011140000075101852
9.229000091552734,0.0004879999905824661,0.061244312673807144,0.0177800003439188
9.234999656677246,-0.0020200000144541264,0.06564826518297195,0.023259999230504036
9.241000175476074,-0.0047900001518428326,0.067524753510952,0.02734999917447567
9.246999740600586,-0.005169999785721302,0.06718962639570236,0.029980000108480453
9.253000259399414,-0.005489999894052744,0.06738928705453873,0.03116999939084053
9.258999824523926,-0.006240000016987324,0.072854183614254,0.03108000010251999
9.265000343322754,-0.004230000078678131,0.08962386101484299,0.029929999262094498
9.270999908447266,0.0016599999507889152,0.10467419773340225,0.028039999306201935
9.277000427246094,0.004339999984949827,0.06842336058616638,0.025760000571608543
9.282999992370605,-0.002630000002682209,-0.06973391026258469,0.02346000075340271
9.288999557495117,-0.013749999925494194,-0.2876740097999573,0.021469999104738235
9.295000076293945,-0.021800000220537186,-0.46980270743370056,0.020090000703930855
9.300999641418457,-0.02434000000357628,-0.4940009117126465,0.019619999453425407
9.307000160217285,-0.018149999901652336,-0.35176271200180054,0.02020999975502491
9.312999725341797,-0.005229999776929617,-0.14985007047653198,0.02191000059247017
9.319000244140625,0.0038900000508874655,-0.004310054238885641,0.024630000814795494
9.324999809265137,0.002409999957308173,0.053578343242406845,0.028179999440908432
9.331000328063965,-0.00267999991774559,0.061337050050497055,0.032329998910427094
9.336999893188477,-5.869999949936755e-05,0.05681012570858002,0.03677000105381012
9.343000411987305,0.005969999823719263,0.05177469179034233,0.04112999886274338
9.348999977111816,0.002529999939724803,0.04767401143908501,0.04498999938368797
9.354999542236328,-0.006539999973028898,0.04856853187084198,0.047919999808073044
9.361000061035156,-0.008849999867379665,0.05248301476240158,0.049619998782873154
9.366999626159668,-0.004650000017136335,0.05342976748943329,0.04983999952673912
9.373000144958496,-0.0004949999856762588,0.04795275256037712,0.04842999950051308
9.378999710083008,0.002050000010058284,0.0402110330760479,0.04535999894142151
9.385000228881836,0.003809999907389283,0.03346481919288635,0.04067999869585037
9.390999794006348,0.0024300001095980406,0.02671336941421032,0.034630000591278076
9.397000312805176,-0.0036299999337643385,0.02172003500163555,0.02751999907195568
9.402999877929688,-0.008379999548196793,0.022766295820474625,0.019770000129938126
9.409000396728516,-0.007110000122338533,0.03222949802875519,0.011880000121891499
9.414999961853027,-0.002529999939724803,0.043197304010391235,0.004370000213384628
9.420999526977539,0.0035000001080334187,0.04802629351615906,-0.0022700000554323196
9.427000045776367,0.007579999975860119,0.047229599207639694,-0.007569999899715185
9.432999610900879,0.005239999853074551,0.04547290876507759,-0.011169999837875366
9.439000129699707,0.0021899999119341373,0.0440516471862793,-0.012760000303387642
9.444999694824219,0.0042500002309679985,0.040515631437301636,-0.012179999612271786
9.451000213623047,0.005830000154674053,0.03348361328244209,-0.009460000321269035
9.456999778747559,0.0034000000450760126,0.02722415141761303,-0.004739999771118164
9.463000297546387,0.00215000007301569,0.024516556411981583,0.0017099999822676182
9.468999862670898,0.005229999776929617,0.022217003628611565,0.009469999931752682
9.475000381469727,0.008209999650716782,0.018302250653505325,0.018069999292492867
9.480999946594238,0.006169999949634075,0.008369826711714268,0.026930000633001328
9.487000465393066,0.00056900002527982,-0.008969968184828758,0.035509999841451645
9.493000030517578,-0.0030900000128895044,-0.03582511469721794,0.04324999824166298
9.49899959564209,0.0002570000069681555,-0.06879366934299469,0.049630001187324524
9.505000114440918,0.006870000157505274,-0.10040728747844696,0.05429999902844429
9.51099967956543,0.003800000064074993,-0.12100306898355484,0.05697000026702881
9.517000198364258,-0.005520000122487545,-0.1290884017944336,0.05753999948501587
9.52299976348877,-0.0017600000137463212,-0.1294291615486145,0.05601000040769577
9.529000282287598,0.009800000116229057,-0.13001252710819244,0.0524899996817112
9.53499984741211,0.007710000034421682,-0.1307872086763382,0.04729999974370003
9.541000366210938,-0.0026400000788271427,-0.12230725586414337,0.040860000997781754
9.54699993133545,-0.0037899999879300594,-0.09796585142612457,0.03361000120639801
9.553000450134277,0.0005929999751970172,-0.06257006525993347,0.026040000841021538
9.559000015258789,1.8000000636675395e-05,-0.029238032177090645,0.01858999952673912
9.5649995803833,-0.0014400000218302011,-0.007396476808935404,0.011739999987185001
9.571000099182129,0.0031300000846385956,0.0035007218830287457,0.005869999993592501
9.57699966430664,0.008740000426769257,0.009570672176778316,0.0012600000482052565
9.583000183105469,0.009479999542236328,0.01547793298959732,-0.0019600000232458115
9.58899974822998,0.0075599998235702515,0.022376252338290215,-0.0037700000684708357
9.595000267028809,0.004689999856054783,0.028422977775335312,-0.004259999841451645
9.60099983215332,0.0015399999683722854,0.03185467794537544,-0.0036100000143051147
9.607000350952148,0.0004569999873638153,0.03390464559197426,-0.0021100000012665987
9.61299991607666,0.0007699999841861427,0.036055341362953186,-9.819999831961468e-05
9.619000434875488,0.002259999979287386,0.03773977607488632,0.0020600000862032175
9.625,0.00506999995559454,0.03814912587404251,0.004040000028908253
9.630999565124512,0.005009999964386225,0.0381019227206707,0.005530000198632479
9.63700008392334,0.0013899999903514981,0.03830951824784279,0.006279999855905771
9.642999649047852,-0.002469999948516488,0.03908688947558403,0.006140000186860561
9.64900016784668,-0.004900000058114529,0.03815985471010208,0.005059999879449606
9.654999732971191,-0.003220000071451068,0.03522803634405136,0.0031399999279528856
9.66100025177002,0.00092299998505041,0.03164157643914223,0.0005150000215508044
9.666999816894531,0.0007999999797903001,0.028971027582883835,-0.0026199999265372753
9.67300033569336,-0.0015899999998509884,0.030005794018507004,-0.0059899999760091305
9.678999900817871,0.0001429999974789098,0.03433286398649216,-0.009329999797046185
9.6850004196167,0.0026000000070780516,0.037066929042339325,-0.012260000221431255
9.690999984741211,0.0002690000110305846,0.03689577803015709,-0.014560000039637089
9.696999549865723,-0.0025400000158697367,0.03607553616166115,-0.016049999743700027
9.70300006866455,-0.0006820000126026571,0.038779351860284805,-0.01662999950349331
9.708999633789062,0.0009350000182166696,0.04487165808677673,-0.01631000079214573
9.71500015258789,0.00017499999376013875,0.04925370588898659,-0.015119999647140503
9.720999717712402,0.0028699999675154686,0.04599952697753906,-0.013240000233054161
9.72700023651123,0.004370000213384628,0.0372588224709034,-0.010940000414848328
9.732999801635742,-0.001979999942705035,0.027502162382006645,-0.00853000022470951
9.73900032043457,-0.0056500001810491085,0.021784735843539238,-0.0063599999994039536
9.744999885559082,-0.0009079999872483313,0.019726179540157318,-0.004739999771118164
9.75100040435791,0.0017999999690800905,0.01878892444074154,-0.003969999961555004
9.756999969482422,0.0007309999782592058,0.01783115416765213,-0.004290000069886446
9.762999534606934,0.002589999930933118,0.02003389224410057,-0.005859999917447567
9.769000053405762,0.004209999926388264,0.023823048919439316,-0.008750000037252903
9.774999618530273,0.0002840000088326633,0.026768071576952934,-0.012860000133514404
9.781000137329102,-0.0033400000538676977,0.027385225519537926,-0.018050000071525574
9.786999702453613,-0.00044999999227002263,0.026431653648614883,-0.024059999734163284
9.793000221252441,0.0015899999998509884,0.024625001475214958,-0.030559999868273735
9.798999786376953,-0.0036700000055134296,0.023598266765475273,-0.0371600016951561
9.805000305175781,-0.006610000040382147,0.02451733872294426,-0.04340999945998192
9.810999870300293,-0.0004889999981969595,0.027852118015289307,-0.04893999919295311
9.817000389099121,0.0053900000639259815,0.03161997348070145,-0.05341000109910965
9.822999954223633,0.0031799999997019768,0.0349583700299263,-0.05654999986290932
9.829000473022461,-0.0023799999617040157,0.03901161253452301,-0.058159999549388885
9.835000038146973,-0.0032999999821186066,0.04358380287885666,-0.05812999978661537
9.840999603271484,-0.0004299999854993075,0.04425084963440895,-0.05654999986290932
9.847000122070312,0.00016700000560376793,0.038463979959487915,-0.05358000099658966
9.852999687194824,-0.00042100000428035855,0.028734466060996056,-0.04946000128984451
9.859000205993652,0.00047900000936351717,0.023071231320500374,-0.044530000537633896
9.864999771118164,0.0011099999537691474,0.02449181117117405,-0.039159998297691345
9.871000289916992,0.0034799999557435513,0.030574887990951538,-0.033799998462200165
9.876999855041504,0.006579999811947346,0.03688652440905571,-0.028839999809861183
9.883000373840332,0.003060000017285347,0.04236810281872749,-0.024630000814795494
9.888999938964844,-0.00343999988399446,0.045835353434085846,-0.02143999934196472
9.895000457763672,-0.0038300000596791506,0.044926051050424576,-0.019460000097751617
9.901000022888184,-0.002420000033453107,0.03956998139619827,-0.01882000081241131
9.906999588012695,-0.005270000081509352,0.03169122710824013,-0.01947000063955784
9.913000106811523,-0.005009999964386225,0.023877253755927086,-0.021290000528097153
9.918999671936035,0.0034799999557435513,0.0175961684435606,-0.024010000750422478
9.925000190734863,0.008379999548196793,0.01406604703515768,-0.027370000258088112
9.930999755859375,0.0023499999660998583,0.014585674740374088,-0.03101000003516674
9.937000274658203,-0.003060000017285347,0.015116154216229916,-0.03457000106573105
9.942999839782715,-0.0029899999499320984,0.009929734282195568,-0.037689998745918274
9.949000358581543,-0.004290000069886446,0.0014593321830034256,-0.03999999910593033
9.954999923706055,-0.0015800000401213765,-0.0017509560566395521,-0.04129999876022339
9.961000442504883,0.008849999867379665,0.0018461882136762142,-0.04140999913215637
9.967000007629395,0.011629999615252018,0.004237210378050804,-0.04024999961256981
9.972999572753906,0.000999000039882958,-0.0001278958225157112,-0.03784999996423721
9.979000091552734,-0.006070000119507313,-0.0053075882606208324,-0.03424999862909317
9.984999656677246,-0.00088900001719594,-0.0003297505318187177,-0.029750000685453415
9.991000175476074,0.003269999986514449,0.01407978031784296,-0.02457999996840954
9.996999740600586,-0.0018500000005587935,0.030255630612373352,-0.019039999693632126
10.003000259399414,-0.005950000137090683,0.0405627116560936,-0.013419999741017818
10.008999824523926,-0.0038499999791383743,0.044773466885089874,-0.007980000227689743
10.015000343322754,-0.0020000000949949026,0.045332346111536026,-0.0030799999367445707
10.020999908447266,0.00043399998685345054,0.04451894387602806,0.0011099999537691474
10.027000427246094,0.004310000222176313,0.04417853429913521,0.004470000043511391
10.032999992370605,0.002580000087618828,0.045574501156806946,0.006940000224858522
10.038999557495117,-0.0016700000269338489,0.048044830560684204,0.00860000029206276
10.045000076293945,0.0007389999809674919,0.049851492047309875,0.009479999542236328
10.050999641418457,0.00419999985024333,0.05151738226413727,0.009789999574422836
10.057000160217285,-0.0011599999852478504,0.05021485686302185,0.009730000048875809
10.062999725341797,-0.008779999800026417,0.04774881899356842,0.009560000151395798
10.069000244140625,-0.006430000066757202,0.053503427654504776,0.009530000388622284
10.074999809265137,0.000914999982342124,0.0784962996840477,0.009820000268518925
10.081000328063965,0.0022100000642240047,0.09379742294549942,0.010660000145435333
10.086999893188477,0.000666000007186085,0.025060662999749184,0.012190000154078007
10.093000411987305,-0.00279999990016222,-0.17152482271194458,0.014449999667704105
10.098999977111816,-0.01590000092983246,-0.41595351696014404,0.01744999922811985
10.104999542236328,-0.028550000861287117,-0.5403151512145996,0.021059999242424965
10.111000061035156,-0.02273000031709671,-0.4514632821083069,0.025200000032782555
10.116999626159668,-0.006140000186860561,-0.22646953165531158,0.02971000038087368
10.123000144958496,0.001560000004246831,-0.025148002430796623,0.03434000164270401
10.128999710083008,0.0012199999764561653,0.06787333637475967,0.03880999982357025
10.135000228881836,0.003860000055283308,0.07980792969465256,0.04287000000476837
10.140999794006348,0.003819999983534217,0.06924349069595337,0.04631999880075455
10.147000312805176,-0.005770000163465738,0.06375137716531754,0.048990000039339066
10.152999877929688,-0.009619999676942825,0.06272731721401215,0.05073000118136406
10.159000396728516,-5.249999958323315e-05,0.06211661174893379,0.05138999968767166
10.164999961853027,0.003819999983534217,0.06009994447231293,0.05090000107884407
10.170999526977539,-0.003640000009909272,0.05631174519658089,0.049320001155138016
10.177000045776367,-0.004920000210404396,0.05039563775062561,0.046720001846551895
10.182999610900879,0.00203000009059906,0.044483885169029236,0.04318999871611595
10.189000129699707,0.004149999935179949,0.037894319742918015,0.03886999934911728
10.194999694824219,0.0025500000920146704,0.029413966462016106,0.03392000123858452
10.201000213623047,0.005429999902844429,0.0224935170263052,0.028519999235868454
10.206999778747559,0.007689999882131815,0.021446149796247482,0.022870000451803207
10.213000297546387,0.0038999998942017555,0.026034124195575714,0.017149999737739563
10.218999862670898,0.0022899999748915434,0.030469371005892754,0.01157000008970499
10.225000381469727,0.004459999967366457,0.030239028856158257,0.006260000169277191
10.230999946594238,0.0014900000533089042,0.025578336790204048,0.0013599999947473407
10.237000465393066,-0.00279000005684793,0.01805694028735161,-0.003010000102221966
10.243000030517578,-0.0013500000350177288,0.007354096043854952,-0.006730000022798777
10.24899959564209,-0.00013699999544769526,-0.005771234631538391,-0.009669999592006207
10.255000114440918,-0.0015800000401213765,-0.01616857387125492,-0.011789999902248383
10.26099967956543,-0.0018599999602884054,-0.01941445656120777,-0.013039999641478062
10.267000198364258,-0.0022700000554323196,-0.02102789096534252,-0.013389999978244305
10.27299976348877,-0.0029700000304728746,-0.033539991825819016,-0.01281999982893467
10.279000282287598,-0.0024999999441206455,-0.0596732422709465,-0.01128000020980835
10.28499984741211,-0.0029299999587237835,-0.08912359178066254,-0.008779999800026417
10.291000366210938,-0.00279000005684793,-0.10909323394298553,-0.005419999826699495
10.29699993133545,0.0009660000214353204,-0.1179530993103981,-0.0012600000482052565
10.303000450134277,0.002319999970495701,-0.12597480416297913,0.003599999938160181
10.309000015258789,-0.00430000014603138,-0.13977882266044617,0.009089999832212925
10.3149995803833,-0.008870000019669533,-0.1551809161901474,0.015049999579787254
10.321000099182129,-0.0033599999733269215,-0.1642930656671524,0.021250000223517418
10.32699966430664,5.909999890718609e-05,-0.16748854517936707,0.02751000039279461
10.333000183105469,-0.004559999797493219,-0.1707414984703064,0.033640000969171524
10.33899974822998,-0.004769999999552965,-0.17452074587345123,0.03945999965071678
10.345000267028809,-0.00033999999868683517,-0.16678693890571594,0.04473000019788742
10.35099983215332,-4.740000076708384e-05,-0.1347421407699585,0.0492900013923645
10.357000350952148,0.0011399999493733048,-0.08330267667770386,0.05299999937415123
10.36299991607666,0.004410000052303076,-0.036145877093076706,0.05575999990105629
10.369000434875488,0.000391999987186864,-0.013745211064815521,0.05753999948501587
10.375,-0.007639999967068434,-0.017012281343340874,0.05827999860048294
10.380999565124512,-0.007660000119358301,-0.028555285185575485,0.05810000002384186
10.38700008392334,0.0004250000056345016,-0.02836102433502674,0.05711999908089638
10.392999649047852,0.006039999891072512,-0.009645765647292137,0.05550000071525574
10.39900016784668,0.002420000033453107,0.016730116680264473,0.05345999822020531
10.404999732971191,-0.005950000137090683,0.03713269904255867,0.05115000158548355
10.41100025177002,-0.008700000122189522,0.04338390752673149,0.04885999858379364
10.416999816894531,-0.0018700000364333391,0.037828296422958374,0.04682999849319458
10.42300033569336,0.005429999902844429,0.03073584847152233,0.04526999965310097
10.428999900817871,0.0042500002309679985,0.029575904831290245,0.044360000640153885
10.4350004196167,0.0013699999544769526,0.03551814705133438,0.04410000145435333
10.440999984741211,0.003800000064074993,0.043734196573495865,0.04456999897956848
10.446999549865723,0.006180000025779009,0.04980815201997757,0.04574999958276749
10.45300006866455,0.007579999975860119,0.05111370235681534,0.04755999892950058
10.458999633789062,0.0094200000166893,0.04920905828475952,0.04992000013589859
10.46500015258789,0.0059899999760091305,0.04654911160469055,0.05251000076532364
10.470999717712402,0.0015399999683722854,0.044230204075574875,0.05511000007390976
10.47700023651123,0.005040000192821026,0.040352437645196915,0.05748999863862991
10.482999801635742,0.008410000242292881,0.034197743982076645,0.059470001608133316
10.48900032043457,0.003269999986514449,0.029027394950389862,0.06095999851822853
10.494999885559082,-0.0018100000452250242,0.027516860514879227,0.06177999824285507
10.50100040435791,-0.00041199999395757914,0.029694082215428352,0.06194999814033508
10.506999969482422,0.0014600000577047467,0.03375638648867607,0.06153000146150589
10.512999534606934,0.0013500000350177288,0.0370706170797348,0.06066000089049339
10.519000053405762,0.0031900000758469105,0.037328243255615234,0.05954999849200249
10.524999618530273,0.004110000096261501,0.03543810173869133,0.05869999900460243
10.531000137329102,0.0022899999748915434,0.03382948040962219,0.05855000019073486
10.536999702453613,0.004910000134259462,0.03441864997148514,0.059539999812841415
10.543000221252441,0.00875999964773655,0.03530091419816017,0.06193999946117401
10.548999786376953,0.004379999823868275,0.03451722115278244,0.065700002014637
10.555000305175781,-6.4000000747910235e-06,0.031424108892679214,0.0715700015425682
10.560999870300293,0.003370000049471855,0.02754383534193039,0.0796699970960617
10.567000389099121,0.004720000084489584,0.024352893233299255,0.08997999876737595
10.572999954223633,0.0007810000097379088,0.023026132956147194,0.10199999809265137
10.579000473022461,0.0002640000020619482,0.023135976865887642,0.11445000022649765
10.585000038146973,0.0033199999015778303,0.02303224988281727,0.12735000252723694
10.590999603271484,0.002850000048056245,0.02152564749121666,0.13973000645637512
10.597000122070312,-0.0002880000101868063,0.020319266244769096,0.15053999423980713
10.602999687194824,2.9799999538226984e-05,0.021259794011712074,0.1582999974489212
10.609000205993652,0.00279000005684793,0.02235214225947857,0.16082000732421875
10.614999771118164,0.004040000028908253,0.022241847589612007,0.15750999748706818
10.621000289916992,0.005830000154674053,0.023740779608488083,0.14704999327659607
10.626999855041504,0.00887999963015318,0.02880203165113926,0.12842999398708344
10.633000373840332,0.009909999556839466,0.03641313314437866,0.10064999759197235
10.638999938964844,0.007180000189691782,0.04335073009133339,0.06266000121831894
10.645000457763672,0.0006019999855197966,0.04717174544930458,0.014870000071823597
10.651000022888184,-0.003640000009909272,0.04602405056357384,-0.04253000020980835
10.656999588012695,0.0003640000068116933,0.03958478197455406,-0.10881999880075455
10.663000106811523,0.002950000111013651,0.03223441168665886,-0.18279999494552612
10.668999671936035,-0.003160000080242753,0.029021406546235085,-0.2627300024032593
10.675000190734863,-0.005679999943822622,0.030119679868221283,-0.34630000591278076
10.680999755859375,0.002139999996870756,0.0328819714486599,-0.43136999011039734
10.687000274658203,0.008089999668300152,0.03479916974902153,-0.51555997133255
10.692999839782715,0.004410000052303076,0.03809960186481476,-0.5960299968719482
10.699000358581543,-0.0008650000090710819,0.04253915697336197,-0.6694899797439575
10.704999923706055,-0.0014400000218302011,0.04350605979561806,-0.7332800030708313
10.711000442504883,-0.001290000043809414,0.039293523877859116,-0.7856000065803528
10.717000007629395,-0.0016700000269338489,0.03328292444348335,-0.8247900009155273
10.722999572753906,-0.0009399999980814755,0.027739370241761208,-0.8491299748420715
10.729000091552734,-0.0028899998869746923,0.024241134524345398,-0.8569499850273132
10.734999656677246,-0.006260000169277191,0.01954128034412861,-0.8478900194168091
10.741000175476074,-0.005739999935030937,0.011617480777204037,-0.8229699730873108
10.746999740600586,-0.005179999861866236,0.00028430327074602246,-0.7833200097084045
10.753000259399414,-0.006810000166296959,-0.012669234536588192,-0.7301200032234192
10.758999824523926,-0.006399999838322401,-0.024594083428382874,-0.6647300124168396
10.765000343322754,-0.005919999908655882,-0.03244264796376228,-0.5895699858665466
10.770999908447266,-0.006099999882280827,-0.03282652050256729,-0.507889986038208
10.777000427246094,-0.0007089999853633344,-0.022061534225940704,-0.4226300120353699
10.782999992370605,0.007420000154525042,-0.0013085341779515147,-0.3363800048828125
10.788999557495117,0.006680000107735395,0.021346498280763626,-0.2515999972820282
10.795000076293945,-0.0016499999910593033,0.03793495148420334,-0.17095999419689178
10.800999641418457,-0.0033499998971819878,0.04707963764667511,-0.09681999683380127
10.807000160217285,0.0027099999133497477,0.05199811980128288,-0.030899999663233757
10.812999725341797,0.003490000031888485,0.05485380068421364,0.02558000013232231
10.819000244140625,-0.0010300000431016088,0.056811537593603134,0.07192999869585037
10.824999809265137,-0.0017300000181421638,0.05629996210336685,0.10741999745368958
10.831000328063965,-0.0005619999719783664,0.05188814178109169,0.1326799988746643
10.836999893188477,-0.0007009999826550484,0.04333861544728279,0.14847999811172485
10.843000411987305,0.0006389999762177467,0.034306131303310394,0.15570999681949615
10.848999977111816,0.0024399999529123306,0.03148118779063225,0.1556600034236908
10.854999542236328,0.0020800000056624413,0.03902628645300865,0.14904999732971191
10.861000061035156,0.0006929999799467623,0.05714421346783638,0.1381700038909912
10.866999626159668,0.0016599999507889152,0.08100508153438568,0.12469000369310379
10.873000144958496,0.00674000009894371,0.09335584938526154,0.10988999903202057
10.878999710083008,0.01080000028014183,0.04779043048620224,0.09497000277042389
10.885000228881836,0.006630000192672014,-0.09887158870697021,0.08014000207185745
10.890999794006348,-0.006020000204443932,-0.30832281708717346,0.06693000346422195
10.897000312805176,-0.01939000003039837,-0.44741174578666687,0.055980000644922256
10.902999877929688,-0.022539999336004257,-0.40828555822372437,0.047439999878406525
10.909000396728516,-0.012849999591708183,-0.21989144384860992,0.04129000008106232
10.914999961853027,-0.00014600000577047467,-0.023300986737012863,0.03677000105381012
10.920999526977539,0.005520000122487545,0.07748176902532578,0.033980000764131546
10.927000045776367,0.002360000042244792,0.08917249739170074,0.03262000158429146
10.932999610900879,-0.0031900000758469105,0.07136096060276031,0.032249998301267624
10.939000129699707,-0.004519999958574772,0.05558735132217407,0.03238999843597412
10.944999694824219,-0.004920000210404396,0.043498583137989044,0.03243999928236008
10.951000213623047,-0.007249999791383743,0.03209996968507767,0.03221999853849411
10.956999778747559,-0.005510000046342611,0.018269529566168785,0.03158999979496002
10.963000297546387,0.0003760000108741224,-0.002279131207615137,0.030500000342726707
10.968999862670898,0.0026199999265372753,-0.026201480999588966,0.0289900004863739
10.975000381469727,-0.00010099999781232327,-0.04184667021036148,0.027249999344348907
10.980999946594238,-0.00203999993391335,-0.04150009527802467,0.02539999969303608
10.987000465393066,5.610000152955763e-05,-0.02604045160114765,0.023669999092817307
10.993000030517578,0.0016299999551847577,-0.006904005538672209,0.02232000045478344
10.99899959564209,-0.002219999907538295,0.0061875274404883385,0.021609999239444733
11.005000114440918,-0.007910000160336494,0.00756068155169487,0.02181999944150448
11.01099967956543,-0.009979999624192715,0.0010112789459526539,0.02297000028192997
11.017000198364258,-0.007199999876320362,-0.009302851743996143,0.025059999898076057
11.02299976348877,-0.002240000059828162,-0.021146642044186592,0.028039999306201935
11.029000282287598,-0.0010999999940395355,-0.03481386601924896,0.03175999969244003
11.03499984741211,-0.00418000016361475,-0.04629205912351608,0.03604999929666519
11.041000366210938,-0.004689999856054783,-0.05143369361758232,0.040619999170303345
11.04699993133545,-0.0008539999835193157,-0.0502793975174427,0.04515000060200691
11.053000450134277,0.0025100000202655792,-0.04963352903723717,0.04933999851346016
11.059000015258789,0.0009369999752379954,-0.0541781410574913,0.052889999002218246
11.0649995803833,-0.00394000019878149,-0.06656699627637863,0.05553999915719032
11.071000099182129,-0.004769999999552965,-0.08318699151277542,0.05714000016450882
11.07699966430664,-0.001610000035725534,-0.1017213836312294,0.057590000331401825
11.083000183105469,-0.0012400000123307109,-0.11599687486886978,0.0568699985742569
11.08899974822998,-0.0011099999537691474,-0.12186460196971893,0.05500999838113785
11.095000267028809,0.0036200000904500484,-0.12030419707298279,0.05217999964952469
11.10099983215332,0.00622999994084239,-0.11824122071266174,0.04861000180244446
11.107000350952148,0.0005670000100508332,-0.12099968641996384,0.04455000162124634
11.11299991607666,-0.0047599999234080315,-0.12441081553697586,0.04027999937534332
11.119000434875488,-0.00022600000374950469,-0.12189733982086182,0.036090001463890076
11.125,0.0048500001430511475,-0.1143074482679367,0.032269999384880066
11.130999565124512,-0.0005000000237487257,-0.10963007062673569,0.029100000858306885
11.13700008392334,-0.005830000154674053,-0.11029345542192459,0.026750000193715096
11.142999649047852,-0.0022799998987466097,-0.1098560318350792,0.025359999388456345
11.14900016784668,0.0003440000000409782,-0.0997423455119133,0.02493000030517578
11.154999732971191,-0.0015699999639764428,-0.07871196419000626,0.02548000030219555
11.16100025177002,-0.0004419999895617366,-0.05101803317666054,0.026909999549388885
11.166999816894531,0.0032599999103695154,-0.0241765808314085,0.029079999774694443
11.17300033569336,0.003759999992325902,-0.004214187152683735,0.03175000101327896
11.178999900817871,0.0016700000269338489,0.00900171510875225,0.034609999507665634
11.1850004196167,0.0011899999808520079,0.017668480053544044,0.03742999956011772
11.190999984741211,0.0027099999133497477,0.023246949538588524,0.039900001138448715
11.196999549865723,0.0048500001430511475,0.02626756951212883,0.041749998927116394
11.20300006866455,0.008050000295042992,0.027366353198885918,0.04275999963283539
11.208999633789062,0.009759999811649323,0.030107760801911354,0.04269000142812729
11.21500015258789,0.00865000020712614,0.034865573048591614,0.041439998894929886
11.220999717712402,0.010329999960958958,0.039858803153038025,0.03894000127911568
11.22700023651123,0.013170000165700912,0.04306437075138092,0.03517000004649162
11.232999801635742,0.009189999662339687,0.04501635208725929,0.030230000615119934
11.23900032043457,0.003060000017285347,0.04591590166091919,0.024289999157190323
11.244999885559082,0.002360000042244792,0.04525728523731232,0.017580000683665276
11.25100040435791,0.0018400000408291817,0.04388551414012909,0.010379999876022339
11.256999969482422,-0.0026499999221414328,0.0414951927959919,0.0029800001066178083
11.262999534606934,-0.00394000019878149,0.037422508001327515,-0.004279999993741512
11.269000053405762,0.0015800000401213765,0.032572999596595764,-0.011009999550879002
11.274999618530273,0.00430000014603138,0.03066212870180607,-0.016860000789165497
11.281000137329102,-0.00018099999579135329,0.03181539475917816,-0.02151999995112419
11.286999702453613,-0.001019999966956675,0.033134691417217255,-0.02476000040769577
11.293000221252441,0.00482999999076128,0.03165070340037346,-0.02638000063598156
11.298999786376953,0.007849999703466892,0.029775021597743034,-0.026240000501275063
11.305000305175781,0.007240000180900097,0.03062422387301922,-0.024289999157190323
11.310999870300293,0.006390000227838755,0.034062448889017105,-0.02060999907553196
11.317000389099121,0.0029299999587237835,0.03764333948493004,-0.01537999976426363
11.322999954223633,-0.0007190000033006072,0.03970634564757347,-0.008820000104606152
11.329000473022461,0.00012599999899975955,0.037121158093214035,-0.0012600000482052565
11.335000038146973,0.0016700000269338489,0.027524521574378014,0.006930000148713589
11.340999603271484,-0.001019999966956675,0.013247737661004066,0.015300000086426735
11.347000122070312,-0.004579999949783087,0.0017372530419379473,0.02339000068604946
11.352999687194824,-0.004490000195801258,-0.002964663552120328,0.03077000007033348
11.359000205993652,-0.004339999984949827,-0.0019281480927020311,0.0370200015604496
11.364999771118164,-0.00675999978557229,8.190845255739987e-05,0.04180999845266342
11.371000289916992,-0.007160000037401915,0.0004845406219828874,0.044849999248981476
11.376999855041504,-0.0066200001165270805,4.43758544861339e-05,0.045979999005794525
11.383000373840332,-0.008750000037252903,0.00012887426419183612,0.04512999951839447
11.388999938964844,-0.007819999940693378,0.0020492414478212595,0.04235000163316727
11.395000457763672,-0.002099999925121665,0.005954045336693525,0.03782999888062477
11.401000022888184,0.0005970000056549907,0.009571990929543972,0.03189999982714653
11.406999588012695,-0.002309999894350767,0.011642029508948326,0.024940000846982002
11.413000106811523,-0.006219999864697456,0.014208964072167873,0.01735999993979931
11.418999671936035,-0.006670000031590462,0.018718739971518517,0.009600000455975533
11.425000190734863,-0.0034099998883903027,0.024143101647496223,0.002199999988079071
11.430999755859375,-0.001120000029914081,0.026337536051869392,-0.004370000213384628
11.437000274658203,-0.002529999939724803,0.023093758150935173,-0.009709999896585941
11.442999839782715,-0.004100000020116568,0.01517211738973856,-0.01355000026524067
11.449000358581543,-0.00092299998505041,0.010145293548703194,-0.015780000016093254
11.454999923706055,0.004509999882429838,0.01323726400732994,-0.016300000250339508
11.461000442504883,0.0029100000392645597,0.022072549909353256,-0.015209999866783619
11.467000007629395,-0.004720000084489584,0.027591466903686523,-0.012719999998807907
11.472999572753906,-0.006889999844133854,0.028025034815073013,-0.009209999814629555
11.479000091552734,-0.0031300000846385956,0.025558657944202423,-0.005150000099092722
11.484999656677246,-0.0009309999877586961,0.02665391005575657,-0.0010100000072270632
11.491000175476074,-0.00037200000951997936,0.031995490193367004,0.0026499999221414328
11.496999740600586,0.001120000029914081,0.0371859148144722,0.0053400001488626
11.503000259399414,0.0033400000538676977,0.03914061188697815,0.006599999964237213
11.508999824523926,0.004259999841451645,0.036366820335388184,0.006060000043362379
11.515000343322754,0.0018400000408291817,0.031265441328287125,0.0035600000992417336
11.520999908447266,-0.001180000021122396,0.02686474472284317,-0.0010400000028312206
11.527000427246094,-0.0009730000165291131,0.024591144174337387,-0.007639999967068434
11.532999992370605,0.0013500000350177288,0.019699037075042725,-0.016019999980926514
11.538999557495117,0.0029200001154094934,0.013153767213225365,-0.025760000571608543
11.545000076293945,0.00279999990016222,0.007830723188817501,-0.0362900011241436
11.550999641418457,0.0025500000920146704,0.009977017529308796,-0.04704999923706055
11.557000160217285,0.003100000089034438,0.01933811604976654,-0.057429999113082886
11.562999725341797,0.0038399999029934406,0.030286477878689766,-0.06678999960422516
11.569000244140625,0.005900000222027302,0.03793441131711006,-0.07451999932527542
11.574999809265137,0.0071000000461936,0.04235139489173889,-0.08004999905824661
11.581000328063965,0.004389999900013208,0.04487435892224312,-0.08307000249624252
11.586999893188477,0.0038900000508874655,0.04626607522368431,-0.0833899974822998
11.593000411987305,0.007530000060796738,0.047391340136528015,-0.08098000288009644
11.598999977111816,0.006579999811947346,0.04957636818289757,-0.07599999755620956
11.604999542236328,0.0029100000392645597,0.054391998797655106,-0.06871999800205231
11.611000061035156,0.0052200001664459705,0.05876912921667099,-0.05965999886393547
11.616999626159668,0.008139999583363533,0.06241655722260475,-0.049430001527071
11.623000144958496,0.0040699997916817665,0.067493736743927,-0.038690000772476196
11.628999710083008,0.0003389999910723418,0.07594472169876099,-0.028189999982714653
11.635000228881836,0.004689999856054783,0.08973432332277298,-0.018559999763965607
11.640999794006348,0.009879999794065952,0.10732177644968033,-0.010470000095665455
11.647000312805176,0.009720000438392162,0.10188138484954834,-0.004399999976158142
11.652999877929688,0.009449999779462814,0.019082525745034218,-0.0007619999814778566
11.659000396728516,0.005570000037550926,-0.16850486397743225,0.00017699999443721026
11.664999961853027,-0.009209999814629555,-0.3884190022945404,-0.001550000044517219
11.670999526977539,-0.019279999658465385,-0.4934353232383728,-0.005830000154674053
11.677000045776367,-0.0086899995803833,-0.40278875827789307,-0.012360000051558018
11.682999610900879,0.00773000018671155,-0.1919504553079605,-0.020749999210238457
11.689000129699707,0.011009999550879002,-0.008226973935961723,-0.030519999563694
11.694999694824219,0.006320000160485506,0.06981123238801956,-0.041030000895261765
11.701000213623047,0.00506999995559454,0.07381858676671982,-0.051660001277923584
11.706999778747559,0.004519999958574772,0.06349790841341019,-0.06185999885201454
11.713000297546387,0.0011699999449774623,0.06040830537676811,-0.07113000005483627
11.718999862670898,0.0029800001066178083,0.057802628725767136,-0.07908999919891357
11.725000381469727,0.009650000371038914,0.05384776368737221,-0.08540999889373779
11.730999946594238,0.009089999832212925,0.05161317437887192,-0.08991999924182892
11.737000465393066,0.004769999999552965,0.05013441666960716,-0.09261000156402588
11.743000030517578,0.008630000054836273,0.04656170681118965,-0.0936100035905838
11.74899959564209,0.014100000262260437,0.04265589267015457,-0.0931600034236908
11.755000114440918,0.010080000385642052,0.038325998932123184,-0.09153000265359879
11.76099967956543,0.003060000017285347,0.03342493996024132,-0.08912999927997589
11.767000198364258,0.0035000001080334187,0.02608557604253292,-0.08636000007390976
11.77299976348877,0.006479999981820583,0.018427778035402298,-0.0835999995470047
11.779000282287598,0.0029299999587237835,0.013586979359388351,-0.08128000050783157
11.78499984741211,-0.0014199999859556556,0.012578809633851051,-0.07957000285387039
11.791000366210938,0.0002770000137388706,0.013164939358830452,-0.07873000204563141
11.79699993133545,0.0006960000027902424,0.012955425307154655,-0.07890000194311142
11.803000450134277,-0.004149999935179949,0.011422760784626007,-0.0800900012254715
11.809000015258789,-0.0073899999260902405,0.007400522008538246,-0.0822800025343895
11.8149995803833,-0.006200000178068876,-0.00012127408990636468,-0.08517000079154968
11.821000099182129,-0.0041600000113248825,-0.009863068349659443,-0.088639996945858
11.82699966430664,-0.004569999873638153,-0.023590169847011566,-0.0924300029873848
11.833000183105469,-0.00622999994084239,-0.04175693169236183,-0.0963200032711029
11.83899974822998,-0.004769999999552965,-0.06403539329767227,-0.10012000054121017
11.845000267028809,-0.0013800000306218863,-0.08687815070152283,-0.10350999981164932
11.85099983215332,-0.0007529999711550772,-0.10717927664518356,-0.10640999674797058
11.857000350952148,-0.002240000059828162,-0.1228458508849144,-0.10875999927520752
11.86299991607666,-0.0027199999894946814,-0.1348143070936203,-0.11059000343084335
11.869000434875488,-0.0015699999639764428,-0.14031115174293518,-0.1120000034570694
11.875,-0.0004299999854993075,-0.139499232172966,-0.11305999755859375
11.880999565124512,0.0002579999854788184,-0.13948260247707367,-0.11400000005960464
11.88700008392334,0.001129999989643693,-0.14908376336097717,-0.11501000076532364
11.892999649047852,-0.0013800000306218863,-0.16589660942554474,-0.11632999777793884
11.89900016784668,-0.0061599998734891415,-0.1785876303911209,-0.11817000061273575
11.904999732971191,-0.002959999954327941,-0.17850881814956665,-0.12060999870300293
11.91100025177002,0.004629999864846468,-0.16732700169086456,-0.12375999987125397
11.916999816894531,0.0010300000431016088,-0.15182748436927795,-0.12762999534606934
11.92300033569336,-0.009320000186562538,-0.1363680213689804,-0.13217000663280487
11.928999900817871,-0.008919999934732914,-0.12247968465089798,-0.13726000487804413
11.9350004196167,-0.00019999999494757503,-0.10929838567972183,-0.1425900012254715
11.940999984741211,0.0007660000119358301,-0.09345002472400665,-0.147939994931221
11.946999549865723,-0.0045900000259280205,-0.07201284915208817,-0.15302999317646027
11.95300006866455,-0.002529999939724803,-0.04872901365160942,-0.15759000182151794
11.958999633789062,0.0026400000788271427,-0.027277959510684013,-0.16134999692440033
11.96500015258789,-0.0007580000092275441,-0.008038509637117386,-0.164000004529953
11.970999717712402,-0.004189999774098396,0.010329723358154297,-0.16543999314308167
11.97700023651123,0.0014700000174343586,0.023321345448493958,-0.16561000049114227
11.982999801635742,0.006490000057965517,0.02957739122211933,-0.16455000638961792
11.98900032043457,0.003389999968931079,0.03167262673377991,-0.1624000072479248
11.994999885559082,-0.002469999948516488,0.032477375119924545,-0.15931999683380127
12.00100040435791,-0.005960000213235617,0.02896193601191044,-0.1556600034236908
12.006999969482422,-0.007679999805986881,0.019498854875564575,-0.15177999436855316
12.012999534606934,-0.00851999968290329,0.006304518785327673,-0.148049995303154
12.019000053405762,-0.006020000204443932,-0.0057757762260735035,-0.1448799967765808
12.024999618530273,-0.0012499999720603228,-0.01497732661664486,-0.14259999990463257
12.031000137329102,-0.0006549999816343188,-0.021012675017118454,-0.1415500044822693
12.036999702453613,-0.004989999812096357,-0.020266877487301826,-0.14194999635219574
12.043000221252441,-0.009069999679923058,-0.009141473099589348,-0.14390000700950623
12.048999786376953,-0.009519999846816063,0.007860157638788223,-0.14735999703407288
12.055000305175781,-0.005609999876469374,0.02298937924206257,-0.15222999453544617
12.060999870300293,9.729999874252826e-05,0.031241342425346375,-0.15828000009059906
12.067000389099121,0.003490000031888485,0.03444778174161911,-0.16520999372005463
12.072999954223633,0.0023300000466406345,0.03589983657002449,-0.17258000373840332
12.079000473022461,-0.0018400000408291817,0.03641854599118233,-0.1798499971628189
12.085000038146973,-0.0020000000949949026,0.035685017704963684,-0.18657000362873077
12.090999603271484,0.003220000071451068,0.03214369714260101,-0.19228999316692352
12.097000122070312,0.00431999983265996,0.029304979369044304,-0.19659000635147095
12.102999687194824,-0.00011800000356743112,0.029102396219968796,-0.19912000000476837
12.109000205993652,-0.001069999998435378,0.03237491473555565,-0.1995300054550171
12.114999771118164,0.0027699999045580626,0.035732194781303406,-0.1977500021457672
12.121000289916992,0.005489999894052744,0.035900283604860306,-0.19378000497817993
12.126999855041504,0.0035800000187009573,0.0326247364282608,-0.18774999678134918
12.133000373840332,-0.001290000043809414,0.029399631544947624,-0.17985999584197998
12.138999938964844,-0.0035600000992417336,0.028611628338694572,-0.17042000591754913
12.145000457763672,-0.001120000029914081,0.029313595965504646,-0.15987999737262726
12.151000022888184,0.0014900000533089042,0.027602016925811768,-0.14876000583171844
12.156999588012695,-0.0006019999855197966,0.022339342162013054,-0.13752000033855438
12.163000106811523,-0.00547999981790781,0.01703585684299469,-0.1266299933195114
12.168999671936035,-0.005350000225007534,0.014809905551373959,-0.11653999984264374
12.175000190734863,0.0006099999882280827,0.017682211473584175,-0.10769999772310257
12.180999755859375,0.004290000069886446,0.025249894708395004,-0.10040000081062317
12.187000274658203,0.0034000000450760126,0.0338699035346508,-0.09481000155210495
12.192999839782715,0.002520000096410513,0.04068624973297119,-0.09104999899864197
12.199000358581543,0.004980000201612711,0.042664382606744766,-0.08906000107526779
12.204999923706055,0.009469999931752682,0.04088418558239937,-0.08883000165224075
12.211000442504883,0.009209999814629555,0.03803786262869835,-0.09006000310182571
12.217000007629395,0.003800000064074993,0.03744855895638466,-0.09247999638319016
12.222999572753906,0.002739999908953905,0.040245912969112396,-0.09576000273227692
12.229000091552734,0.0059899999760091305,0.04420677572488785,-0.09950999915599823
12.234999656677246,0.0041600000113248825,0.04790020361542702,-0.10345999896526337
12.241000175476074,-0.002219999907538295,0.05016035586595535,-0.10719999670982361
12.246999740600586,-0.005100000184029341,0.05011175200343132,-0.1103999987244606
12.253000259399414,-0.0028800000436604023,0.04675113782286644,-0.11283999681472778
12.258999824523926,-0.0009580000187270343,0.04164615273475647,-0.11429999768733978
12.265000343322754,-0.0014700000174343586,0.036759860813617706,-0.11480999737977982
12.270999908447266,-0.0006500000017695129,0.030915675684809685,-0.11428000032901764
12.277000427246094,0.0015200000489130616,0.023961160331964493,-0.11275000125169754
12.282999992370605,0.001339999958872795,0.016765540465712547,-0.11034999787807465
12.288999557495117,-0.0006709999870508909,0.013840164989233017,-0.10717999935150146
12.295000076293945,-0.0013200000394135714,0.014109247364103794,-0.10357999801635742
12.300999641418457,0.0013899999903514981,0.011715013533830643,-0.09973999857902527
12.307000160217285,0.003719999920576811,0.005250557791441679,-0.09585999697446823
12.312999725341797,-0.00072900002123788,-0.00102970190346241,-0.09212999790906906
12.319000244140625,-0.006149999797344208,-5.792513911728747e-05,-0.08866000175476074
12.324999809265137,-0.002409999957308173,0.007568418048322201,-0.08568000048398972
12.331000328063965,0.0048500001430511475,0.015532236546278,-0.08324000239372253
12.336999893188477,0.005140000022947788,0.020021766424179077,-0.08135999739170074
12.343000411987305,0.00020399999630171806,0.022637326270341873,-0.07998000085353851
12.348999977111816,-0.0019600000232458115,0.02396935038268566,-0.07895000278949738
12.354999542236328,0.0011599999852478504,0.025616008788347244,-0.07822000235319138
12.361000061035156,0.004579999949783087,0.027161646634340286,-0.07761000096797943
12.366999626159668,0.004800000227987766,0.029538698494434357,-0.07694000005722046
12.373000144958496,0.004050000105053186,0.033795520663261414,-0.07601000368595123
12.378999710083008,0.004350000061094761,0.03822341933846474,-0.07460000365972519
12.385000228881836,0.005770000163465738,0.0397234745323658,-0.07263000309467316
12.390999794006348,0.005080000031739473,0.03867402672767639,-0.06998000293970108
12.397000312805176,-0.0008440000237897038,0.03790254145860672,-0.06655000150203705
12.402999877929688,-0.005530000198632479,0.040663499385118484,-0.06233999878168106
12.409000396728516,-0.00343000004068017,0.052641745656728745,-0.057349998503923416
12.414999961853027,-0.0005050000036135316,0.07665007561445236,-0.05177000164985657
12.420999526977539,0.0010400000028312206,0.0888289362192154,-0.04569000005722046
12.427000045776367,0.004259999841451645,0.032810382544994354,-0.03929999843239784
12.432999610900879,0.001879999996162951,-0.1377885639667511,-0.03280000016093254
12.439000129699707,-0.012249999679625034,-0.37016284465789795,-0.02638000063598156
12.444999694824219,-0.02304000034928322,-0.5171532034873962,-0.020400000736117363
12.451000213623047,-0.013989999890327454,-0.4676719307899475,-0.015039999969303608
12.456999778747559,0.0015999999595806003,-0.26215749979019165,-0.010459999553859234
12.463000297546387,0.0036200000904500484,-0.05130785331130028,-0.006819999776780605
12.468999862670898,0.001449999981559813,0.056857358664274216,-0.004170000087469816
12.475000381469727,0.005799999926239252,0.06926719099283218,-0.002689999993890524
12.480999946594238,0.004530000034719706,0.05271460488438606,-0.0022899999748915434
12.487000465393066,-0.00215999991632998,0.04514703154563904,-0.0028699999675154686
12.493000030517578,0.0004140000091865659,0.04556252062320709,-0.004290000069886446
12.49899959564209,0.0053900000639259815,0.046403348445892334,-0.0062699997797608376
12.505000114440918,-0.00019500000053085387,0.04495437443256378,-0.008700000122189522
12.51099967956543,-0.006630000192672014,0.04295152798295021,-0.011239999905228615
12.517000198364258,-0.003800000064074993,0.04234001040458679,-0.01360000018030405
12.52299976348877,-0.0008249999955296516,0.04503399878740311,-0.01549999974668026
12.529000282287598,-0.0031399999279528856,0.05025165528059006,-0.016610000282526016
12.53499984741211,-0.001509999972768128,0.054689232259988785,-0.016839999705553055
12.541000366210938,0.004050000105053186,0.052917178720235825,-0.015969999134540558
12.54699993133545,0.003800000064074993,0.04704517126083374,-0.013890000060200691
12.553000450134277,0.00046499999007210135,0.04060676321387291,-0.010590000078082085
12.559000015258789,-0.0003539999888744205,0.03698759898543358,-0.0060800001956522465
12.5649995803833,-0.0017000000225380063,0.03558389097452164,-0.0005740000051446259
12.571000099182129,-0.0028099999763071537,0.032027680426836014,0.005770000163465738
12.57699966430664,-0.0024500000290572643,0.01974986493587494,0.01271000038832426
12.583000183105469,-0.004170000087469816,-0.0004182333068456501,0.01998000033199787
12.58899974822998,-0.005499999970197678,-0.024491101503372192,0.02725999988615513
12.595000267028809,-0.003370000049471855,-0.05234311893582344,0.03418999910354614
12.60099983215332,-0.0030300000216811895,-0.08566971123218536,0.04052000120282173
12.607000350952148,-0.006899999920278788,-0.12601804733276367,0.045990001410245895
12.61299991607666,-0.009530000388622284,-0.1597217619419098,0.05042000114917755
12.619000434875488,-0.007369999773800373,-0.1731065809726715,0.053630001842975616
12.625,-0.003490000031888485,-0.15879203379154205,0.05552000179886818
12.630999565124512,-0.0008229999803006649,-0.12585845589637756,0.056120000779628754
12.63700008392334,-0.00044299999717622995,-0.08895213156938553,0.05550999939441681
12.642999649047852,-0.005319999996572733,-0.06751957535743713,0.0538100004196167
12.64900016784668,-0.011009999550879002,-0.07041408866643906,0.05119000002741814
12.654999732971191,-0.007170000113546848,-0.09531368315219879,0.04780999943614006
12.66100025177002,0.0004459999909158796,-0.12444572150707245,0.04394000023603439
12.666999816894531,-0.0009790000040084124,-0.137329563498497,0.039820000529289246
12.67300033569336,-0.005799999926239252,-0.12405519187450409,0.035659998655319214
12.678999900817871,-0.0031300000846385956,-0.09251197427511215,0.031700000166893005
12.6850004196167,0.00279999990016222,-0.061266861855983734,0.028020000085234642
12.690999984741211,0.002469999948516488,-0.04628874734044075,0.024790000170469284
12.696999549865723,-0.0030799999367445707,-0.048499513417482376,0.022089999169111252
12.70300006866455,-0.0045900000259280205,-0.05420539528131485,0.019990000873804092
12.708999633789062,-0.0007029999978840351,-0.05293479934334755,0.018549999222159386
12.71500015258789,0.00031999999191612005,-0.04117431864142418,0.017710000276565552
12.720999717712402,-0.003490000031888485,-0.024019775912165642,0.01744999922811985
12.72700023651123,-0.005229999776929617,-0.0050518629141151905,0.01775999926030636
12.732999801635742,-0.00043899999582208693,0.01205410435795784,0.018610000610351562
12.73900032043457,0.005909999832510948,0.026654435321688652,0.020010000094771385
12.744999885559082,0.0053900000639259815,0.03576859086751938,0.021929999813437462
12.75100040435791,0.00022000000171829015,0.04163360223174095,0.0243500005453825
12.756999969482422,-0.0016799999866634607,0.04498510807752609,0.027289999648928642
12.762999534606934,-0.00015900000289548188,0.04735468700528145,0.030729999765753746
12.769000053405762,0.00343999988399446,0.04595550149679184,0.03463999927043915
12.774999618530273,0.007710000034421682,0.040063709020614624,0.03901999816298485
12.781000137329102,0.006029999814927578,0.032902516424655914,0.043790001422166824
12.786999702453613,7.280000136233866e-05,0.029325362294912338,0.04884999990463257
12.793000221252441,0.0007300000288523734,0.029368439689278603,0.05407999828457832
12.798999786376953,0.007120000198483467,0.02901623584330082,0.05923999845981598
12.805000305175781,0.007300000172108412,0.028175389394164085,0.06415999680757523
12.810999870300293,0.0007179999956861138,0.030621133744716644,0.06860999763011932
12.817000389099121,0.0003370000049471855,0.03681138902902603,0.0723399966955185
12.822999954223633,0.007890000008046627,0.0434592068195343,0.0751200020313263
12.829000473022461,0.009680000133812428,0.04710716754198074,0.07666999846696854
12.835000038146973,0.003530000103637576,0.047908440232276917,0.07681000232696533
12.840999603271484,-0.0007600000244565308,0.04843073710799217,0.07543999701738358
12.847000122070312,-0.0021800000686198473,0.049442581832408905,0.07249999791383743
12.852999687194824,-0.001970000099390745,0.05031353607773781,0.06801000237464905
12.859000205993652,0.0025599999353289604,0.04968874901533127,0.06208999827504158
12.864999771118164,0.006149999797344208,0.04849126935005188,0.054910000413656235
12.871000289916992,0.0010300000431016088,0.04932399094104767,0.046799998730421066
12.876999855041504,-0.007089999970048666,0.05376892909407616,0.038100000470876694
12.883000373840332,-0.005810000002384186,0.05834757909178734,0.02921999990940094
12.888999938964844,0.0028899998869746923,0.0579809695482254,0.0206300001591444
12.895000457763672,0.00506999995559454,0.0552043616771698,0.012740000151097775
12.901000022888184,3.400000059627928e-05,0.05701048672199249,0.005979999899864197
12.906999588012695,-0.002099999925121665,0.06759799271821976,0.0007050000131130219
12.913000106811523,-0.0016199999954551458,0.0806034654378891,-0.00279999990016222
12.918999671936035,-0.002300000051036477,0.08745409548282623,-0.00431999983265996
12.925000190734863,-0.0017300000181421638,0.08184780180454254,-0.003759999992325902
12.930999755859375,0.00014000000373926014,0.0694008469581604,-0.0011699999449774623
12.937000274658203,0.0012400000123307109,0.05707656592130661,0.003289999905973673
12.942999839782715,0.0020699999295175076,0.04927828907966614,0.009390000253915787
12.949000358581543,0.003389999968931079,0.04452246427536011,0.016759999096393585
12.954999923706055,0.003860000055283308,0.041420940309762955,0.025040000677108765
12.961000442504883,0.000944000028539449,0.03952814266085625,0.03373999893665314
12.967000007629395,-0.0017600000137463212,0.03980797156691551,0.04236000031232834
12.972999572753906,0.002739999908953905,0.04067311808466911,0.05048000067472458
12.979000091552734,0.009479999542236328,0.04180062934756279,0.05761000141501427
12.984999656677246,0.007319999858736992,0.04373137652873993,0.06345000118017197
12.991000175476074,-0.0011399999493733048,0.04845307767391205,0.06767000257968903
12.996999740600586,-0.0029899999499320984,0.052865494042634964,0.07011000066995621
13.003000259399414,0.003470000112429261,0.051833271980285645,0.07067999988794327
13.008999824523926,0.005849999841302633,0.0465422198176384,0.06936000287532806
13.015000343322754,0.0022700000554323196,0.041434504091739655,0.06629999727010727
13.020999908447266,0.004379999823868275,0.03926475718617439,0.06171000003814697
13.027000427246094,0.008899999782443047,0.041091546416282654,0.0558600015938282
13.032999992370605,0.003659999929368496,0.04831487312912941,0.049070000648498535
13.038999557495117,-0.004910000134259462,0.06058460474014282,0.04174000024795532
13.045000076293945,-0.005900000222027302,0.07395095378160477,0.03420000150799751
13.050999641418457,-0.0021800000686198473,0.08190016448497772,0.02686000056564808
13.057000160217285,0.0011699999449774623,0.0816863402724266,0.020069999620318413
13.062999725341797,0.002520000096410513,0.07729959487915039,0.014109999872744083
13.069000244140625,0.00015700000221841037,0.07040415704250336,0.009229999966919422
13.074999809265137,-0.0035699999425560236,0.06112942099571228,0.005619999952614307
13.081000328063965,-0.002570000011473894,0.051750801503658295,0.003389999968931079
13.086999893188477,0.002199999988079071,0.047535240650177,0.002589999930933118
13.093000411987305,0.0024399999529123306,0.048194993287324905,0.0031999999191612005
13.098999977111816,6.600000051548705e-05,0.04951097071170807,0.005109999794512987
13.104999542236328,0.004480000119656324,0.04890069365501404,0.008200000040233135
13.111000061035156,0.010040000081062317,0.04999929293990135,0.012249999679625034
13.116999626159668,0.006039999891072512,0.05672973021864891,0.01703999936580658
13.123000144958496,-0.0021299999207258224,0.06793196499347687,0.02230999991297722
13.128999710083008,-0.004619999788701534,0.07706719636917114,0.02776000089943409
13.135000228881836,-0.0011399999493733048,0.07927213609218597,0.03313999995589256
13.140999794006348,0.0023300000466406345,0.0737401694059372,0.03813000023365021
13.147000312805176,0.0008699999889358878,0.06371109187602997,0.042479999363422394
13.152999877929688,-0.002839999971911311,0.05421071872115135,0.04596000164747238
13.159000396728516,-0.003490000031888485,0.04823063313961029,0.04836000129580498
13.164999961853027,-0.000977999996393919,0.051680851727724075,0.049559999257326126
13.170999526977539,0.002319999970495701,0.06931854039430618,0.04946000128984451
13.177000045776367,0.0038999998942017555,0.10237962752580643,0.04803000018000603
13.182999610900879,0.004189999774098396,0.13413919508457184,0.04532000049948692
13.189000129699707,0.0066200001165270805,0.10195734351873398,0.041430000215768814
13.194999694824219,0.006730000022798777,-0.0518905445933342,0.036559998989105225
13.201000213623047,-0.0045900000259280205,-0.29944124817848206,0.030950000509619713
13.206999778747559,-0.02206999994814396,-0.49762025475502014,0.024900000542402267
13.213000297546387,-0.02638999931514263,-0.5077822804450989,0.018710000440478325
13.218999862670898,-0.010449999943375587,-0.32620149850845337,0.01269999984651804
13.225000381469727,0.005810000002384186,-0.0951119065284729,0.007230000104755163
13.230999946594238,0.003920000046491623,0.050101280212402344,0.0026100000832229853
13.237000465393066,-0.005640000104904175,0.08432019501924515,-0.0008989999769255519
13.243000030517578,-0.0065299998968839645,0.0644269734621048,-0.003109999932348728
13.24899959564209,0.00039599998854100704,0.04686484485864639,-0.003909999970346689
13.255000114440918,0.007960000075399876,0.04433455690741539,-0.003269999986514449
13.26099967956543,0.010300000198185444,0.05049021914601326,-0.0012700000079348683
13.267000198364258,0.0063599999994039536,0.053723402321338654,0.0019099999917671084
13.27299976348877,0.0038399999029934406,0.05191506817936897,0.006039999891072512
13.279000282287598,0.006810000166296959,0.046103496104478836,0.01080000028014183
13.28499984741211,0.008740000426769257,0.042247891426086426,0.01583000086247921
13.291000366210938,0.005520000122487545,0.04163406044244766,0.020719999447464943
13.29699993133545,0.002959999954327941,0.04289987310767174,0.02507999911904335
13.303000450134277,0.005799999926239252,0.04222387820482254,0.028610000386834145
13.309000015258789,0.00774999987334013,0.04064139351248741,0.031029999256134033
13.3149995803833,0.004739999771118164,0.03915945068001747,0.03217000141739845
13.321000099182129,0.004860000219196081,0.0373845100402832,0.031929999589920044
13.32699966430664,0.009639999829232693,0.03497619926929474,0.03034999966621399
13.333000183105469,0.008990000002086163,0.03149694949388504,0.027580000460147858
13.33899974822998,0.0013800000306218863,0.02819579467177391,0.02386000007390976
13.345000267028809,-0.0033499998971819878,0.027439992874860764,0.019540000706911087
13.35099983215332,-0.0002680000034160912,0.030597498640418053,0.014990000054240227
13.357000350952148,0.0026400000788271427,0.03415076062083244,0.01063000038266182
13.36299991607666,-0.0023300000466406345,0.03432667255401611,0.006829999852925539
13.369000434875488,-0.007350000087171793,0.02830648608505726,0.003980000037699938
13.375,-0.004339999984949827,0.018214406445622444,0.0023300000466406345
13.380999565124512,-0.0013899999903514981,0.005661698989570141,0.0020699999295175076
13.38700008392334,-0.005319999996572733,-0.01049585547298193,0.003269999986514449
13.392999649047852,-0.009139999747276306,-0.030260343104600906,0.005859999917447567
13.39900016784668,-0.005280000157654285,-0.049676910042762756,0.009689999744296074
13.404999732971191,0.002409999957308173,-0.05823158100247383,0.014440000057220459
13.41100025177002,0.0031900000758469105,-0.05653299018740654,0.019750000908970833
13.416999816894531,-0.004259999841451645,-0.05218053236603737,0.025219999253749847
13.42300033569336,-0.008940000087022781,-0.05540648102760315,0.03043000027537346
13.428999900817871,-0.004780000075697899,-0.06383978575468063,0.03497999906539917
13.4350004196167,0.0015999999595806003,-0.06413555890321732,0.03849000111222267
13.440999984741211,-3.809999907389283e-05,-0.047962430864572525,0.04072999954223633
13.446999549865723,-0.00877000018954277,-0.025031516328454018,0.04154999926686287
13.45300006866455,-0.01071999967098236,-0.011228644289076328,0.04092000052332878
13.458999633789062,-0.002739999908953905,-0.015506944619119167,0.03894999995827675
13.46500015258789,0.0010499999625608325,-0.034723907709121704,0.03587000072002411
13.470999717712402,-0.0033499998971819878,-0.05888907611370087,0.032019998878240585
13.47700023651123,-0.005799999926239252,-0.07988463342189789,0.02776999957859516
13.482999801635742,-0.0050200000405311584,-0.09246461093425751,0.023560000583529472
13.48900032043457,-0.008259999565780163,-0.09262733161449432,0.01979999989271164
13.494999885559082,-0.011819999665021896,-0.08205907046794891,0.01689000055193901
13.50100040435791,-0.00535999983549118,-0.05940261855721474,0.015119999647140503
13.506999969482422,0.004490000195801258,-0.02981177344918251,0.014720000326633453
13.512999534606934,0.0032099999953061342,-0.0015531312674283981,0.0157299991697073
13.519000053405762,-0.00343999988399446,0.013154260814189911,0.018120000138878822
13.524999618530273,-0.005080000031739473,0.011306779459118843,0.02166000008583069
13.531000137329102,-0.007079999893903732,0.001309503917582333,0.02607000060379505
13.536999702453613,-0.009089999832212925,-0.005814993754029274,0.030959999188780785
13.543000221252441,-0.003379999892786145,-0.00359326065517962,0.03589000180363655
13.548999786376953,0.002950000111013651,0.006067242939025164,0.04041000083088875
13.555000305175781,0.0008570000063627958,0.018085209652781487,0.044039998203516006
13.560999870300293,-0.0021800000686198473,0.025833195075392723,0.04642999917268753
13.567000389099121,0.0005600000149570405,0.026652168482542038,0.04729999974370003
13.572999954223633,0.0020000000949949026,0.02182077430188656,0.04651999846100807
13.579000473022461,-0.0010400000028312206,0.01914568431675434,0.04408000037074089
13.585000038146973,-0.0014100000262260437,0.02296275831758976,0.040119998157024384
13.590999603271484,-0.000534999999217689,0.029452675953507423,0.03491000086069107
13.597000122070312,-0.0036100000143051147,0.03428369760513306,0.028839999809861183
13.602999687194824,-0.0032999999821186066,0.03721147030591965,0.022360000759363174
13.609000205993652,0.0011399999493733048,0.03969166800379753,0.016030000522732735
13.614999771118164,-0.0012799999676644802,0.03973272815346718,0.010359999723732471
13.621000289916992,-0.005880000069737434,0.03505153954029083,0.005830000154674053
13.626999855041504,-0.0015999999595806003,0.025737516582012177,0.002850000048056245
13.633000373840332,0.004189999774098396,0.01998724788427353,0.0016899999463930726
13.638999938964844,0.0013699999544769526,0.019384676590561867,0.002529999939724803
13.645000457763672,-0.0055599999614059925,0.021048523485660553,0.005369999911636114
13.651000022888184,-0.008150000125169754,0.021781500428915024,0.010060000233352184
13.656999588012695,-0.005140000022947788,0.02432224340736866,0.0163199994713068
13.663000106811523,-0.00040600000647827983,0.030395621433854103,0.023739999160170555
13.668999671936035,0.0018400000408291817,0.04137236997485161,0.03181999921798706
13.675000190734863,0.00011800000356743112,0.05223428085446358,0.0400100015103817
13.680999755859375,-0.0002010000025620684,0.05765208601951599,0.047770000994205475
13.687000274658203,0.005249999929219484,0.0547000989317894,0.0546099990606308
13.692999839782715,0.00750999990850687,0.04685504734516144,0.06007999926805496
13.699000358581543,0.0016899999463930726,0.04082054644823074,0.0638199970126152
13.704999923706055,0.0003490000090096146,0.03859923034906387,0.06561999768018723
13.711000442504883,0.007350000087171793,0.038945071399211884,0.06543000042438507
13.717000007629395,0.010420000180602074,0.03924224153161049,0.06334000080823898
13.722999572753906,0.006399999838322401,0.038550082594156265,0.05951999872922897
13.729000091552734,0.003650000086054206,0.03791085630655289,0.054260000586509705
13.734999656677246,0.005979999899864197,0.03731856867671013,0.04797999933362007
13.741000175476074,0.009030000306665897,0.03673568740487099,0.041099999099969864
13.746999740600586,0.007840000092983246,0.03760785609483719,0.03407000005245209
13.753000259399414,0.0038900000508874655,0.03892790153622627,0.027300000190734863
13.758999824523926,0.0019399999873712659,0.0394303984940052,0.02116999961435795
13.765000343322754,0.0038799999747425318,0.038679804652929306,0.015960000455379486
13.770999908447266,0.006850000005215406,0.03900790214538574,0.011859999969601631
13.777000427246094,0.0062699997797608376,0.04111918434500694,0.008969999849796295
13.782999992370605,0.005169999785721302,0.044268377125263214,0.007280000019818544
13.788999557495117,0.00877000018954277,0.044740594923496246,0.006730000022798777
13.795000076293945,0.010259999893605709,0.042025018483400345,0.007110000122338533
13.800999641418457,0.004860000219196081,0.038533248007297516,0.008229999803006649
13.807000160217285,0.002319999970495701,0.03738870844244957,0.009850000031292439
13.812999725341797,0.006829999852925539,0.037806011736392975,0.011739999987185001
13.819000244140625,0.008249999955296516,0.03973209112882614,0.013729999773204327
13.824999809265137,0.0007890000124461949,0.04343900457024574,0.015639999881386757
13.831000328063965,-0.006010000128298998,0.04758846014738083,0.01735999993979931
13.836999893188477,-0.001769999973475933,0.04798506572842598,0.0188400000333786
13.843000411987305,0.006490000057965517,0.04249131307005882,0.020099999383091927
13.848999977111816,0.006310000084340572,0.03463472053408623,0.021209999918937683
13.854999542236328,0.0003549999964889139,0.03224971517920494,0.02230999991297722
13.861000061035156,-0.00203000009059906,0.03492773324251175,0.02346000075340271
13.866999626159668,0.0012600000482052565,0.03799629211425781,0.024790000170469284
13.873000144958496,0.0063599999994039536,0.03929677605628967,0.02638999931514263
13.878999710083008,0.00824000034481287,0.041185908019542694,0.02833000011742115
13.885000228881836,0.006670000031590462,0.04467884451150894,0.030629999935626984
13.890999794006348,0.0053400001488626,0.048899199813604355,0.033229999244213104
13.897000312805176,0.005119999870657921,0.051627933979034424,0.03604000061750412
13.902999877929688,0.00394000019878149,0.050979699939489365,0.03891000151634216
13.909000396728516,0.00039000000106170774,0.04503197968006134,0.041680000722408295
13.914999961853027,-0.001610000035725534,0.037052370607852936,0.044130001217126846
13.920999526977539,0.0015699999639764428,0.033226292580366135,0.04611999914050102
13.927000045776367,0.002050000010058284,0.04057521000504494,0.04746999964118004
13.932999610900879,-0.0030799999367445707,0.06108842417597771,0.04805999994277954
13.939000129699707,-0.00013299999409355223,0.06679937988519669,0.04780000075697899
13.944999694824219,0.011130000464618206,-0.008451825939118862,0.04667999967932701
13.951000213623047,0.010099999606609344,-0.20871786773204803,0.04479999840259552
13.956999778747559,-0.007290000095963478,-0.46306896209716797,0.04228999838232994
13.963000297546387,-0.020190000534057617,-0.602978527545929,0.039319999516010284
13.968999862670898,-0.016249999403953552,-0.513714611530304,0.036090001463890076
13.975000381469727,-0.005270000081509352,-0.2647078037261963,0.0328500010073185
13.980999946594238,0.0027799999807029963,-0.0313933901488781,0.029850000515580177
13.987000465393066,0.007369999773800373,0.07430807501077652,0.027329999953508377
13.993000030517578,0.005779999773949385,0.07945985347032547,0.025439999997615814
13.99899959564209,-0.0008779999916441739,0.06075549125671387,0.02426999993622303
14.005000114440918,-0.0029700000304728746,0.05250699445605278,0.023889999836683273
14.01099967956543,-0.0006249999860301614,0.04950512573122978,0.02425999939441681
14.017000198364258,-0.0013099999632686377,0.04707564413547516,0.025270000100135803
14.02299976348877,-0.003060000017285347,0.04691529646515846,0.026750000193715096
14.029000282287598,-0.001509999972768128,0.04741043597459793,0.028459999710321426
14.03499984741211,0.00203000009059906,0.047185543924570084,0.030169999226927757
14.041000366210938,0.00406000018119812,0.04693552479147911,0.03158000111579895
14.04699993133545,0.0021699999924749136,0.046719904989004135,0.03246999904513359
14.053000450134277,-0.0005910000181756914,0.04483122006058693,0.03260999917984009
14.059000015258789,-0.0001340000017080456,0.03982255980372429,0.031870000064373016
14.0649995803833,0.0009529999806545675,0.032013483345508575,0.030169999226927757
14.071000099182129,-0.00039000000106170774,0.02525837905704975,0.027529999613761902
14.07699966430664,-0.0010100000072270632,0.01782216504216194,0.02402999997138977
14.083000183105469,0.002420000033453107,0.004887814167886972,0.019840000197291374
14.08899974822998,0.00443999981507659,-0.016726559028029442,0.015209999866783619
14.095000267028809,-0.0020099999383091927,-0.04031108692288399,0.010470000095665455
14.10099983215332,-0.010040000081062317,-0.05541795864701271,0.005950000137090683
14.107000350952148,-0.009770000353455544,-0.05573055148124695,0.0019499999471008778
14.11299991607666,-0.0059899999760091305,-0.04351155832409859,-0.0012199999764561653
14.119000434875488,-0.005189999938011169,-0.029378533363342285,-0.003329999977722764
14.125,-0.004920000210404396,-0.023750286549329758,-0.004139999859035015
14.130999565124512,-0.0028099999763071537,-0.03080810233950615,-0.0035699999425560236
14.13700008392334,-0.0001250000059371814,-0.04179865121841431,-0.0016299999551847577
14.142999649047852,0.0005210000090301037,-0.043434374034404755,0.001560000004246831
14.14900016784668,-0.00021399999968707561,-0.0292810145765543,0.005750000011175871
14.154999732971191,0.0012499999720603228,-0.009589307010173798,0.010710000060498714
14.16100025177002,0.0010999999940395355,0.0006923493347130716,0.016049999743700027
14.166999816894531,-0.005760000087320805,-0.006221659481525421,0.021379999816417694
14.17300033569336,-0.011099999770522118,-0.028000494465231895,0.026259999722242355
14.178999900817871,-0.004999999888241291,-0.05591931566596031,0.030209999531507492
14.1850004196167,0.005210000090301037,-0.08225951343774796,0.032919999212026596
14.190999984741211,0.00343999988399446,-0.09969095885753632,0.03407000005245209
14.196999549865723,-0.009340000338852406,-0.1055503562092781,0.03344999998807907
14.20300006866455,-0.014750000089406967,-0.10233066231012344,0.0309200007468462
14.208999633789062,-0.00786999985575676,-0.09318821877241135,0.02645999938249588
14.21500015258789,-0.002199999988079071,-0.08080006390810013,0.020239999517798424
14.220999717712402,-0.0036299999337643385,-0.0705413669347763,0.012470000423491001
14.22700023651123,-0.006610000040382147,-0.06205607205629349,0.0034799999557435513
14.232999801635742,-0.006659999955445528,-0.050931353121995926,-0.0063299997709691525
14.23900032043457,-0.003920000046491623,-0.033031124621629715,-0.016529999673366547
14.244999885559082,-0.0022100000642240047,-0.008551560342311859,-0.026580000296235085
14.25100040435791,-0.0021899999119341373,0.015690021216869354,-0.036010000854730606
14.256999969482422,-0.0003389999910723418,0.03333892673254013,-0.04441000148653984
14.262999534606934,0.0019499999471008778,0.04350076615810394,-0.05139999836683273
14.269000053405762,0.0008079999824985862,0.04653790220618248,-0.056689999997615814
14.274999618530273,-0.00203999993391335,0.044681861996650696,-0.06004000082612038
14.281000137329102,-0.0007980000227689743,0.0402173213660717,-0.06142999976873398
14.286999702453613,0.0053400001488626,0.034830693155527115,-0.060920000076293945
14.293000221252441,0.007710000034421682,0.029156409204006195,-0.058639999479055405
14.298999786376953,0.0018400000408291817,0.023112455382943153,-0.05485999956727028
14.305000305175781,-0.004559999797493219,0.01653050258755684,-0.049880001693964005
14.310999870300293,-0.007040000054985285,0.012757234275341034,-0.04413999989628792
14.317000389099121,-0.007350000087171793,0.014064639806747437,-0.038100000470876694
14.322999954223633,-0.004389999900013208,0.019790418446063995,-0.03215000033378601
14.329000473022461,0.00039500001003034413,0.026138093322515488,-0.02669999934732914
14.335000038146973,0.0020099999383091927,0.029996681958436966,-0.022050000727176666
14.340999603271484,0.0007510000141337514,0.032146669924259186,-0.018559999763965607
14.347000122070312,0.0013299999991431832,0.03484347090125084,-0.01640000008046627
14.352999687194824,0.004279999993741512,0.037643712013959885,-0.015650000423192978
14.359000205993652,0.004089999943971634,0.03969791531562805,-0.016259999945759773
14.364999771118164,0.0004440000047907233,0.040741611272096634,-0.0181099995970726
14.371000289916992,0.0008019999950192869,0.04173913970589638,-0.02101000025868416
14.376999855041504,0.00535999983549118,0.042825691401958466,-0.02469000034034252
14.383000373840332,0.0071299998089671135,0.043092601001262665,-0.02882000058889389
14.388999938964844,0.0038399999029934406,0.04329082369804382,-0.032979998737573624
14.395000457763672,-0.0018899999558925629,0.04375993832945824,-0.03686000034213066
14.401000022888184,-0.004110000096261501,0.04494607821106911,-0.04010999947786331
14.406999588012695,2.5400000595254824e-05,0.046130310744047165,-0.04244000092148781
14.413000106811523,0.0035800000187009573,0.04558955132961273,-0.04363999888300896
14.418999671936035,0.0026199999265372753,0.041746050119400024,-0.04349000006914139
14.425000190734863,0.002570000011473894,0.03650406375527382,-0.04202999919652939
14.430999755859375,0.005150000099092722,0.03251616656780243,-0.03925999999046326
14.437000274658203,0.005489999894052744,0.030871985480189323,-0.03531000018119812
14.442999839782715,0.0017999999690800905,0.031115269288420677,-0.03034999966621399
14.449000358581543,-0.0008440000237897038,0.033095087856054306,-0.02457999996840954
14.454999923706055,0.0009800000116229057,0.03627254068851471,-0.018379999324679375
14.461000442504883,0.002420000033453107,0.03819259628653526,-0.012020000256597996
14.467000007629395,0.0009629999985918403,0.03634924814105034,-0.005799999926239252
14.472999572753906,0.00016599999798927456,0.033829182386398315,3.189999915775843e-05
14.479000091552734,6.849999772384763e-05,0.034649718552827835,0.005289999768137932
14.484999656677246,0.00035200000274926424,0.03998502343893051,0.009739999659359455
14.491000175476074,0.003449999960139394,0.04467572271823883,0.01331000030040741
14.496999740600586,0.007439999841153622,0.04524247348308563,0.01597999967634678
14.503000259399414,0.008080000057816505,0.04238855093717575,0.017820000648498535
14.508999824523926,0.0044999998062849045,0.03958055377006531,0.018950000405311584
14.515000343322754,0.0006810000049881637,0.03767608106136322,0.01947000063955784
14.520999908447266,0.0023799999617040157,0.0366462878882885,0.019600000232458115
14.527000427246094,0.007569999899715185,0.03706739470362663,0.019540000706911087
14.532999992370605,0.007849999703466892,0.0391048789024353,0.019509999081492424
14.538999557495117,0.0013299999991431832,0.039961885660886765,0.019710000604391098
14.545000076293945,-0.0038900000508874655,0.03782070800662041,0.02019999921321869
14.550999641418457,-0.0005929999751970172,0.033309172838926315,0.021129999309778214
14.557000160217285,0.004000000189989805,0.03002380020916462,0.022539999336004257
14.562999725341797,4.479999915929511e-06,0.02897309884428978,0.02442999929189682
14.569000244140625,-0.0036200000904500484,0.029261182993650436,0.02676999941468239
14.574999809265137,0.0017600000137463212,0.028393030166625977,0.029360000044107437
14.581000328063965,0.005200000014156103,0.027368061244487762,0.03215000033378601
14.586999893188477,0.0014799999771639705,0.025280142202973366,0.03497999906539917
14.593000411987305,-0.0004729999927803874,0.024149244651198387,0.03773000091314316
14.598999977111816,6.340000254567713e-05,0.026013128459453583,0.04027999937534332
14.604999542236328,-0.0014100000262260437,0.03036906011402607,0.04245999827980995
14.611000061035156,-0.0008919999818317592,0.03398468717932701,0.044270001351833344
14.616999626159668,0.003379999892786145,0.03506094217300415,0.04569000005722046
14.623000144958496,0.0034000000450760126,0.03586805984377861,0.04676000028848648
14.628999710083008,-0.001560000004246831,0.0374458022415638,0.04751000180840492
14.635000228881836,-0.0010499999625608325,0.038675639778375626,0.048020001500844955
14.640999794006348,0.004430000204592943,0.03774971514940262,0.04843999817967415
14.647000312805176,0.00547999981790781,0.03753609210252762,0.04887999966740608
14.652999877929688,0.003860000055283308,0.041425179690122604,0.04944999888539314
14.659000396728516,0.0026700000744313,0.04970613867044449,0.05019000172615051
14.664999961853027,-0.0006259999936446548,0.056850895285606384,0.05115000158548355
14.670999526977539,-0.0012000000569969416,0.058526117354631424,0.0523499995470047
14.677000045776367,0.00406000018119812,0.05496600642800331,0.0537399984896183
14.682999610900879,0.007829999551177025,0.050963908433914185,0.055240001529455185
14.689000129699707,0.007780000101774931,0.050025708973407745,0.056689999997615814
14.694999694824219,0.008539999835193157,0.04458557069301605,0.05793000012636185
14.701000213623047,0.009449999779462814,-0.003195759141817689,0.058809999376535416
14.706999778747559,0.005189999938011169,-0.1283446103334427,0.05917999893426895
14.713000297546387,-0.003909999970346689,-0.30044886469841003,0.058889999985694885
14.718999862670898,-0.010239999741315842,-0.42010068893432617,0.057840000838041306
14.725000381469727,-0.01027000043541193,-0.4011511206626892,0.05595000088214874
14.730999946594238,-0.0065299998968839645,-0.2539212107658386,0.05325999855995178
14.737000465393066,0.0007769999792799354,-0.08390878140926361,0.04983000084757805
14.743000030517578,0.00839999970048666,0.02398868277668953,0.04580000042915344
14.74899959564209,0.007639999967068434,0.06123974546790123,0.041370000690221786
14.755000114440918,-0.0021800000686198473,0.062258683145046234,0.03675999864935875
14.76099967956543,-0.010200000368058681,0.05539192259311676,0.03223000094294548
14.767000198364258,-0.007439999841153622,0.0514196939766407,0.028039999306201935
14.77299976348877,-0.00013800000306218863,0.049170125275850296,0.02442000061273575
14.779000282287598,-0.0002099999983329326,0.048258692026138306,0.021630000323057175
14.78499984741211,-0.003719999920576811,0.047702204436063766,0.019829999655485153
14.791000366210938,-0.0014400000218302011,0.04628051072359085,0.019109999760985374
14.79699993133545,0.0012700000079348683,0.04382096976041794,0.019500000402331352
14.803000450134277,-0.0014700000174343586,0.04205550253391266,0.020959999412298203
14.809000015258789,-0.004100000020116568,0.04270659014582634,0.023399999365210533
14.8149995803833,-0.0024399999529123306,0.043537840247154236,0.026680000126361847
14.821000099182129,-0.00041599999531172216,0.038989827036857605,0.030549999326467514
14.82699966430664,-0.002090000081807375,0.023841284215450287,0.034779999405145645
14.833000183105469,-0.004220000002533197,-0.0007029318367131054,0.03911999985575676
14.83899974822998,-0.0034199999645352364,-0.02541617676615715,0.04334999993443489
14.845000267028809,-0.004230000078678131,-0.04405838996171951,0.04723000153899193
14.85099983215332,-0.007309999782592058,-0.054701510816812515,0.05056000128388405
14.857000350952148,-0.005400000140070915,-0.059457164257764816,0.053210001438856125
14.86299991607666,0.0004239999980200082,-0.05747345834970474,0.05511999875307083
14.869000434875488,0.0006440000142902136,-0.05252800136804581,0.056279998272657394
14.875,-0.006209999788552523,-0.043554697185754776,0.05665000155568123
14.880999565124512,-0.009700000286102295,-0.032445356249809265,0.056290000677108765
14.88700008392334,-0.00395999988541007,-0.022918783128261566,0.0552700012922287
14.892999649047852,0.0006649999995715916,-0.023021835833787918,0.05372999981045723
14.89900016784668,-0.004100000020116568,-0.03713420405983925,0.051899999380111694
14.904999732971191,-0.01051000040024519,-0.06393153220415115,0.049800001084804535
14.91100025177002,-0.011389999650418758,-0.09295863658189774,0.04757000133395195
14.916999816894531,-0.008100000210106373,-0.11248231679201126,0.04532000049948692
14.92300033569336,-0.004339999984949827,-0.12143600732088089,0.04320000112056732
14.928999900817871,-0.0051299999468028545,-0.12032053619623184,0.04140999913215637
14.9350004196167,-0.00901000015437603,-0.1115957722067833,0.04004000127315521
14.940999984741211,-0.00788000039756298,-0.09695646166801453,0.0392800010740757
14.946999549865723,-0.002850000048056245,-0.08399239182472229,0.03926999866962433
14.95300006866455,-0.0024399999529123306,-0.08502444624900818,0.040130000561475754
14.958999633789062,-0.006149999797344208,-0.10356093943119049,0.041930001229047775
14.96500015258789,-0.005940000060945749,-0.1278831511735916,0.045049998909235
14.970999717712402,-0.0021299999207258224,-0.1382654756307602,0.049720000475645065
14.97700023651123,-0.002580000087618828,-0.12658822536468506,0.05610999837517738
14.982999801635742,-0.005350000225007534,-0.09658700972795486,0.06414999812841415
14.98900032043457,-0.0032999999821186066,-0.06301376968622208,0.07338999956846237
14.994999885559082,-0.00010299999848939478,-0.03376102074980736,0.0842600017786026
15.00100040435791,-2.2899999748915434e-05,-0.012673426419496536,0.09656000137329102
15.006999969482422,-0.0011699999449774623,0.0019133125897496939,0.10997000336647034
15.012999534606934,-0.0036700000055134296,0.011365823447704315,0.12374000251293182
15.019000053405762,-0.004029999952763319,0.016908926889300346,0.13634000718593597
15.024999618530273,0.001930000027641654,0.022366521880030632,0.1476600021123886
15.031000137329102,0.0055599999614059925,0.0280014518648386,0.1566299945116043
15.036999702453613,0.00023099999816622585,0.035051096230745316,0.16220000386238098
15.043000221252441,-0.002469999948516488,0.04379160702228546,0.16301999986171722
15.048999786376953,0.005950000137090683,0.053372059017419815,0.15713000297546387
15.055000305175781,0.01056000031530857,0.06020703911781311,0.144119992852211
15.060999870300293,-0.0006389999762177467,0.06319502741098404,0.12300000339746475
15.067000389099121,-0.009650000371038914,0.062255654484033585,0.09312000125646591
15.072999954223633,-0.0018400000408291817,0.05926155298948288,0.05397000163793564
15.079000473022461,0.005640000104904175,0.05215386673808098,0.005160000175237656
15.085000038146973,0.0021699999924749136,0.043159518390893936,-0.05251000076532364
15.090999603271484,0.0016499999910593033,0.03613670542836189,-0.11830999702215195
15.097000122070312,0.005609999876469374,0.036647189408540726,-0.19107000529766083
15.102999687194824,0.0008079999824985862,0.04300021007657051,-0.26910001039505005
15.109000205993652,-0.009499999694526196,0.04728119075298309,-0.35010001063346863
15.114999771118164,-0.01071999967098236,0.04604792967438698,-0.4315600097179413
15.121000289916992,-0.004019999876618385,0.041742559522390366,-0.5111899971961975
15.126999855041504,-0.0018400000408291817,0.03981303423643112,-0.5865700244903564
15.133000373840332,-0.0037799999117851257,0.04371142387390137,-0.6549299955368042
15.138999938964844,-0.0008040000102482736,0.049324121326208115,-0.7131699919700623
15.145000457763672,0.0058200000785291195,0.05302206054329872,-0.7590399980545044
15.151000022888184,0.0083600003272295,0.053214527666568756,-0.7913100123405457
15.156999588012695,0.002259999979287386,0.04949255660176277,-0.8089600205421448
15.163000106811523,-0.009069999679923058,0.04319250211119652,-0.8109999895095825
15.168999671936035,-0.011819999665021896,0.03743471950292587,-0.7966200113296509
15.175000190734863,-0.0012600000482052565,0.03405717760324478,-0.7662799954414368
15.180999755859375,0.007459999993443489,0.034477394074201584,-0.721780002117157
15.187000274658203,0.004480000119656324,0.037551652640104294,-0.6649799942970276
15.192999839782715,-0.0019600000232458115,0.04085278511047363,-0.5977100133895874
15.199000358581543,-0.002460000105202198,0.04246041551232338,-0.5219900012016296
15.204999923706055,0.0009410000056959689,0.039840154349803925,-0.4405899941921234
15.211000442504883,0.0002570000069681555,0.03435090184211731,-0.3568499982357025
15.217000007629395,-0.004040000028908253,0.029634078964591026,-0.27362000942230225
15.222999572753906,-0.0035500000230968,0.030066071078181267,-0.1933699995279312
15.229000091552734,0.002219999907538295,0.03520049527287483,-0.1182899996638298
15.234999656677246,0.005630000028759241,0.040464505553245544,-0.05057999864220619
15.241000175476074,0.0036299999337643385,0.043269868940114975,0.008209999650716782
15.246999740600586,0.001069999998435378,0.04216684773564339,0.057100001722574234
15.253000259399414,0.002300000051036477,0.03969309851527214,0.09557999670505524
15.258999824523926,0.0032500000670552254,0.03844081982970238,0.12366999685764313
15.265000343322754,-0.00010399999882793054,0.038599643856287,0.14131000638008118
15.270999908447266,-0.004050000105053186,0.035980626940727234,0.14985999464988708
15.277000427246094,-0.005499999970197678,0.028327511623501778,0.15060999989509583
15.282999992370605,-0.004120000172406435,0.019290128722786903,0.1448500007390976
15.288999557495117,-0.0013000000035390258,0.015230403281748295,0.13414999842643738
15.295000076293945,-0.0029700000304728746,0.017164088785648346,0.11931999772787094
15.300999641418457,-0.008170000277459621,0.020028991624712944,0.10261999815702438
15.307000160217285,-0.00795000046491623,0.016513412818312645,0.08558999747037888
15.312999725341797,-0.0034099998883903027,0.0047590360045433044,0.06928999722003937
15.319000244140625,-0.0027199999894946814,-0.010662354528903961,0.05468999966979027
15.324999809265137,-0.0058200000785291195,-0.023878440260887146,0.04171999916434288
15.331000328063965,-0.00698000006377697,-0.031248467043042183,0.031449999660253525
15.336999893188477,-0.004579999949783087,-0.03345818445086479,0.024170000106096268
15.343000411987305,-0.0025500000920146704,-0.03361280634999275,0.01978999935090542
15.348999977111816,-0.0036899999249726534,-0.03155416250228882,0.018069999292492867
15.354999542236328,-0.006260000169277191,-0.02598712220788002,0.01817999966442585
15.361000061035156,-0.006730000022798777,-0.014172966592013836,0.01996999979019165
15.366999626159668,-0.0016899999463930726,0.0014907576842233539,0.023070000112056732
15.373000144958496,0.004550000187009573,0.01997513137757778,0.027009999379515648
15.378999710083008,0.002950000111013651,0.038914669305086136,0.03136000037193298
15.385000228881836,-0.0016299999551847577,0.05232511833310127,0.035670001059770584
15.390999794006348,0.0007140000234358013,0.05696563422679901,0.03970000147819519
15.397000312805176,0.0030400000978261232,0.05509040504693985,0.04332999885082245
15.402999877929688,-0.002630000002682209,0.05303901061415672,0.04651999846100807
15.409000396728516,-0.007319999858736992,0.055183716118335724,0.04926000162959099
15.414999961853027,-0.0015999999595806003,0.05763816088438034,0.0516900010406971
15.420999526977539,0.007590000052005053,0.057160161435604095,0.05383000150322914
15.427000045776367,0.00887999963015318,0.053156573325395584,0.05575999990105629
15.432999610900879,0.005760000087320805,0.05128633230924606,0.05758000165224075
15.439000129699707,0.007329999934881926,0.05582350492477417,0.05934999883174896
15.444999694824219,0.010490000247955322,0.06866303086280823,0.061149999499320984
15.451000213623047,0.010759999975562096,0.08728727698326111,0.06289999932050705
15.456999778747559,0.011880000121891499,0.10754171013832092,0.06449999660253525
15.463000297546387,0.014539999887347221,0.10175701975822449,0.06583999842405319
15.468999862670898,0.013380000367760658,0.015318701975047588,0.06677000224590302
15.475000381469727,0.003229999914765358,-0.17395173013210297,0.06713999807834625
15.480999946594238,-0.014120000414550304,-0.3922830820083618,0.06685999780893326
15.487000465393066,-0.025539999827742577,-0.4928024113178253,0.06583999842405319
15.493000030517578,-0.019509999081492424,-0.3981386423110962,0.06401000171899796
15.49899959564209,-0.0013299999991431832,-0.1842518448829651,0.061400000005960464
15.505000114440918,0.012020000256597996,0.0022237789817154408,0.058079998940229416
15.51099967956543,0.011230000294744968,0.08477481454610825,0.054249998182058334
15.517000198364258,0.006430000066757202,0.08825031667947769,0.05012999847531319
15.52299976348877,0.009820000268518925,0.07331842184066772,0.04597000032663345
15.529000282287598,0.015639999881386757,0.06805473566055298,0.04202999919652939
15.53499984741211,0.015060000121593475,0.06744618713855743,0.03863000124692917
15.541000366210938,0.01143999956548214,0.06567265838384628,0.03602999821305275
15.54699993133545,0.009800000116229057,0.06029370054602623,0.03443999961018562
15.553000450134277,0.009379999712109566,0.055280063301324844,0.03401000052690506
15.559000015258789,0.008630000054836273,0.053052809089422226,0.03474999964237213
15.5649995803833,0.009709999896585941,0.05198783054947853,0.03666999936103821
15.571000099182129,0.012659999541938305,0.04855134338140488,0.03960999846458435
15.57699966430664,0.010619999840855598,0.04395720362663269,0.04334999993443489
15.583000183105469,0.0036100000143051147,0.04060156270861626,0.04757000133395195
15.58899974822998,0.0018400000408291817,0.0394781269133091,0.05187999829649925
15.595000267028809,0.006000000052154064,0.03978540003299713,0.05593999847769737
15.60099983215332,0.00773000018671155,0.04064241051673889,0.05933000147342682
15.607000350952148,0.006039999891072512,0.04174422100186348,0.06171000003814697
15.61299991607666,0.005289999768137932,0.041993048042058945,0.06277000159025192
15.619000434875488,0.006440000142902136,0.03946227952837944,0.06230999901890755
15.625,0.007170000113546848,0.03337832912802696,0.06023000180721283
15.630999565124512,0.006380000151693821,0.01998812146484852,0.05655999854207039
15.63700008392334,0.002899999963119626,-0.002539783250540495,0.051419999450445175
15.642999649047852,-0.0055599999614059925,-0.029311472550034523,0.045049998909235
15.64900016784668,-0.012190000154078007,-0.05145815387368202,0.037790000438690186
15.654999732971191,-0.00791999977082014,-0.0651116594672203,0.030090000480413437
15.66100025177002,-0.0029800001066178083,-0.07429638504981995,0.022390000522136688
15.666999816894531,-0.009739999659359455,-0.08712750673294067,0.015150000341236591
15.67300033569336,-0.017430000007152557,-0.10841701924800873,0.008799999952316284
15.678999900817871,-0.013609999790787697,-0.13748173415660858,0.0037299999967217445
15.6850004196167,-0.0057299998588860035,-0.1653791069984436,0.0002770000137388706
15.690999984741211,-0.004600000102072954,-0.1825842261314392,-0.0013899999903514981
15.696999549865723,-0.008249999955296516,-0.18411295115947723,-0.0011899999808520079
15.70300006866455,-0.01104000024497509,-0.17579375207424164,0.0008040000102482736
15.708999633789062,-0.0134699996560812,-0.1664198935031891,0.00443999981507659
15.71500015258789,-0.013949999585747719,-0.15826095640659332,0.009449999779462814
15.720999717712402,-0.009189999662339687,-0.14911212027072906,0.015440000221133232
15.72700023651123,-0.005799999926239252,-0.1421467512845993,0.021980000659823418
15.732999801635742,-0.008820000104606152,-0.13986048102378845,0.028629999607801437
15.73900032043457,-0.011119999922811985,-0.13758783042430878,0.0348999984562397
15.744999885559082,-0.008129999972879887,-0.12967120110988617,0.04039999842643738
15.75100040435791,-0.002899999963119626,-0.11103766411542892,0.04473999887704849
15.756999969482422,-0.00011300000187475234,-0.08521918952465057,0.04764999821782112
15.762999534606934,-0.004310000222176313,-0.05796310678124428,0.04896000027656555
15.769000053405762,-0.012260000221431255,-0.03520456328988075,0.04859999939799309
15.774999618530273,-0.013810000382363796,-0.017437169328331947,0.0466499999165535
15.781000137329102,-0.007189999800175428,-0.004827186930924654,0.04328000172972679
15.786999702453613,-0.0022700000554323196,0.006348838098347187,0.03872999921441078
15.793000221252441,-0.005369999911636114,0.01617739163339138,0.033330000936985016
15.798999786376953,-0.00791999977082014,0.02412411756813526,0.02744000032544136
15.805000305175781,-0.0025500000920146704,0.029089123010635376,0.021490000188350677
15.810999870300293,0.0002739999908953905,0.031394798308610916,0.015879999846220016
15.817000389099121,-0.006440000142902136,0.03225095197558403,0.010950000025331974
15.822999954223633,-0.01140000019222498,0.032046444714069366,0.00698000006377697
15.829000473022461,-0.008559999987483025,0.03333643451333046,0.0041600000113248825
15.835000038146973,-0.005669999867677689,0.0383889339864254,0.0026499999221414328
15.840999603271484,-0.005410000216215849,0.045775238424539566,0.0024800000246614218
15.847000122070312,-0.0022499999031424522,0.048990026116371155,0.0035699999425560236
15.852999687194824,0.0020000000949949026,0.04535384848713875,0.005750000011175871
15.859000205993652,-0.0012499999720603228,0.03731023147702217,0.008750000037252903
15.864999771118164,-0.006889999844133854,0.03221562132239342,0.012299999594688416
15.871000289916992,-0.001509999972768128,0.03145930916070938,0.01607999950647354
15.876999855041504,0.008139999583363533,0.03258603438735008,0.01972999982535839
15.883000373840332,0.007259999867528677,0.030825862661004066,0.022940000519156456
15.888999938964844,0.0022899999748915434,0.02831954136490822,0.025350000709295273
15.895000457763672,0.005369999911636114,0.027476679533720016,0.02679000049829483
15.901000022888184,0.01030999980866909,0.030000653117895126,0.027049999684095383
15.906999588012695,0.00622999994084239,0.035194091498851776,0.02604999952018261
15.913000106811523,-0.001019999966956675,0.041180580854415894,0.023770000785589218
15.918999671936035,0.00012099999730708078,0.04435063526034355,0.020239999517798424
15.925000190734863,0.0035699999425560236,0.04319941997528076,0.01568000018596649
15.930999755859375,-0.0003020000003743917,0.038127534091472626,0.010300000198185444
15.937000274658203,-0.002139999996870756,0.03251272812485695,0.00431999983265996
15.942999839782715,0.005270000081509352,0.028504475951194763,-0.001970000099390745
15.949000358581543,0.01107999961823225,0.027129778638482094,-0.008290000259876251
15.954999923706055,0.008329999633133411,0.028066476806998253,-0.014310000464320183
15.961000442504883,0.003329999977722764,0.030536247417330742,-0.019759999588131905
15.967000007629395,0.0026499999221414328,0.03407974913716316,-0.024460000917315483
15.972999572753906,0.005830000154674053,0.03761201724410057,-0.0282600000500679
15.979000091552734,0.008630000054836273,0.03983467444777489,-0.03109000064432621
15.984999656677246,0.009650000371038914,0.03977852687239647,-0.03286999836564064
15.991000175476074,0.009510000236332417,0.03713993728160858,-0.03367000073194504
15.996999740600586,0.006889999844133854,0.035384517163038254,-0.03361000120639801
16.003000259399414,0.001990000018849969,0.037521976977586746,-0.032829999923706055
16.009000778198242,7.239999831654131e-05,0.04054833948612213,-0.03156999871134758
16.014999389648438,0.006409999914467335,0.040632061660289764,-0.029980000108480453
16.020999908447266,0.013860000297427177,0.03814825043082237,-0.02831999957561493
16.027000427246094,0.00937000010162592,0.0360993966460228,-0.026809999719262123
16.033000946044922,0.0006830000202171504,0.03521841764450073,-0.02565000019967556
16.038999557495117,0.00418000016361475,0.03355088829994202,-0.025019999593496323
16.045000076293945,0.011549999937415123,0.031140485778450966,-0.024960000067949295
16.051000595092773,0.010329999960958958,0.02914763055741787,-0.02556999959051609
16.05699920654297,0.007969999685883522,0.028924554586410522,-0.02686999924480915
16.062999725341797,0.008170000277459621,0.030338875949382782,-0.028839999809861183
16.069000244140625,0.005280000157654285,0.034374985843896866,-0.03141000121831894
16.075000762939453,0.0038300000596791506,0.04058420658111572,-0.034380000084638596
16.08099937438965,0.007739999797195196,0.045958977192640305,-0.037629999220371246
16.086999893188477,0.006810000166296959,0.04774479940533638,-0.04100999981164932
16.093000411987305,-0.0015300000086426735,0.046037521213293076,-0.04436999931931496
16.099000930786133,-0.0020600000862032175,0.04045679420232773,-0.047600001096725464
16.104999542236328,0.00687999976798892,0.02985537424683571,-0.05046999827027321
16.111000061035156,0.007290000095963478,0.01759256236255169,-0.05290000140666962
16.117000579833984,-0.0009459999855607748,0.00791116151958704,-0.05485000088810921
16.12299919128418,-0.0022299999836832285,0.00370212784036994,-0.056290000677108765
16.128999710083008,0.0014400000218302011,0.001447782851755619,-0.05728999897837639
16.135000228881836,0.001180000021122396,-0.0011623864993453026,-0.057829998433589935
16.141000747680664,-0.00012799999967683107,-0.004801000002771616,-0.05803000181913376
16.14699935913086,-0.0005310000269673765,-0.0038943032268434763,-0.058010000735521317
16.152999877929688,-0.002940000034868717,0.004586872644722462,-0.057909999042749405
16.159000396728516,-0.006180000025779009,0.02070654183626175,-0.05795000120997429
16.165000915527344,-0.00547999981790781,0.03754175826907158,-0.05820000171661377
16.17099952697754,0.0009820000268518925,0.04887834191322327,-0.058809999376535416
16.177000045776367,0.007809999864548445,0.05349288135766983,-0.05990999937057495
16.183000564575195,0.008030000142753124,0.05623307451605797,-0.06159999966621399
16.18899917602539,0.0015399999683722854,0.06018733233213425,-0.06397999823093414
16.19499969482422,-0.004310000222176313,0.06413152813911438,-0.0669500008225441
16.201000213623047,-0.0023499999660998583,0.06399396061897278,-0.07055000215768814
16.207000732421875,0.0026100000832229853,0.059620022773742676,-0.0746999979019165
16.21299934387207,0.00107999995816499,0.055019401013851166,-0.07931999862194061
16.2189998626709,-0.0025500000920146704,0.05346592143177986,-0.08428999781608582
16.225000381469727,-0.001339999958872795,0.05588821321725845,-0.089369997382164
16.231000900268555,-0.0010499999625608325,0.06762897968292236,-0.09443999826908112
16.23699951171875,-0.0047599999234080315,0.08479728549718857,-0.09933000057935715
16.243000030517578,-0.006320000160485506,0.07431963831186295,-0.10389000177383423
16.249000549316406,-0.005979999899864197,-0.02487958036363125,-0.1080000028014183
16.2549991607666,-0.01269999984651804,-0.23077771067619324,-0.11145000159740448
16.26099967956543,-0.026200000196695328,-0.4475816786289215,-0.1141899973154068
16.267000198364258,-0.02993999980390072,-0.5194718241691589,-0.11619000136852264
16.273000717163086,-0.016930000856518745,-0.3892963230609894,-0.11744999885559082
16.27899932861328,-0.00394000019878149,-0.15971989929676056,-0.11802999675273895
16.28499984741211,-0.0017000000225380063,0.019463589414954185,-0.1179099977016449
16.291000366210938,-0.001230000052601099,0.08676595240831375,-0.11726000159978867
16.297000885009766,0.0016199999954551458,0.08370029926300049,-0.11620999872684479
16.30299949645996,0.0006859999848529696,0.06522918492555618,-0.11492999643087387
16.30900001525879,-0.002099999925121665,0.05112030729651451,-0.11360999941825867
16.315000534057617,0.0021899999119341373,0.04184345155954361,-0.11235000193119049
16.320999145507812,0.009399999864399433,0.039210304617881775,-0.11134999990463257
16.32699966430664,0.00687999976798892,0.03915736451745033,-0.11076000332832336
16.33300018310547,0.0008709999965503812,0.03641313314437866,-0.11069999635219574
16.339000701904297,0.005080000031739473,0.03199364244937897,-0.11129000037908554
16.344999313354492,0.009970000013709068,0.028122222051024437,-0.11251000314950943
16.35099983215332,0.004050000105053186,0.023038040846586227,-0.11440999805927277
16.35700035095215,-0.0006479999865405262,0.015309142880141735,-0.11699000000953674
16.363000869750977,0.004269999917596579,0.00838826410472393,-0.120169997215271
16.368999481201172,0.006440000142902136,0.007556156720966101,-0.1238899976015091
16.375,0.000291000003926456,0.012451675720512867,-0.12796999514102936
16.381000518798828,0.0002530000056140125,0.017365194857120514,-0.13231000304222107
16.386999130249023,0.010490000247955322,0.017488284036517143,-0.1367499977350235
16.39299964904785,0.012360000051558018,0.015267948620021343,-0.14114999771118164
16.39900016784668,0.0022499999031424522,0.012878221459686756,-0.14535999298095703
16.405000686645508,0.0005569999921135604,0.009412959218025208,-0.14917999505996704
16.410999298095703,0.008419999852776527,0.005022239405661821,-0.1525299996137619
16.41699981689453,0.007430000230669975,0.0020064308773726225,-0.15530000627040863
16.42300033569336,-0.00023999999393709004,0.00021530910453293473,-0.15741999447345734
16.429000854492188,0.0010600000387057662,-0.004284238908439875,-0.15883000195026398
16.434999465942383,0.007770000025629997,-0.016334734857082367,-0.15947000682353973
16.44099998474121,0.007139999885112047,-0.03195345029234886,-0.15940000116825104
16.44700050354004,0.004149999935179949,-0.048658810555934906,-0.15865999460220337
16.452999114990234,0.00698000006377697,-0.07057182490825653,-0.15730999410152435
16.458999633789062,0.004110000096261501,-0.10022814571857452,-0.1554500013589859
16.46500015258789,-0.009119999594986439,-0.13172505795955658,-0.15315000712871552
16.47100067138672,-0.01351999957114458,-0.1557803601026535,-0.1505800038576126
16.476999282836914,-0.0038499999791383743,-0.16781660914421082,-0.14786000549793243
16.482999801635742,0.0020200000144541264,-0.17634360492229462,-0.14512999355793
16.48900032043457,-0.0014100000262260437,-0.1854771077632904,-0.14253999292850494
16.4950008392334,-0.0047599999234080315,-0.19151224195957184,-0.1401599943637848
16.500999450683594,-0.004910000134259462,-0.18660219013690948,-0.13812999427318573
16.506999969482422,-0.0036100000143051147,-0.17000500857830048,-0.13654999434947968
16.51300048828125,-0.0003809999907389283,-0.14967495203018188,-0.13547000288963318
16.518999099731445,0.0015800000401213765,-0.1338263750076294,-0.13492999970912933
16.524999618530273,-0.0034600000362843275,-0.12017805129289627,-0.13495999574661255
16.5310001373291,-0.009320000186562538,-0.10382717102766037,-0.13553999364376068
16.53700065612793,-0.005539999809116125,-0.08253157138824463,-0.13665999472141266
16.542999267578125,0.0010999999940395355,-0.05845692753791809,-0.1382399946451187
16.548999786376953,0.0010600000387057662,-0.03613804653286934,-0.14020000398159027
16.55500030517578,-0.0007120000082068145,-0.017606934532523155,-0.14247000217437744
16.56100082397461,-0.002409999957308173,-0.005285806488245726,-0.14496000111103058
16.566999435424805,-0.007340000011026859,0.0002816598571371287,-0.14755000174045563
16.572999954223633,-0.008489999920129776,0.001939709996804595,-0.1501300036907196
16.57900047302246,-0.001500000013038516,0.007512863725423813,-0.1525299996137619
16.584999084472656,0.002460000105202198,0.0180802121758461,-0.1546899974346161
16.590999603271484,-0.00419999985024333,0.030815009027719498,-0.15650999546051025
16.597000122070312,-0.009870000183582306,0.03997243195772171,-0.1578799933195114
16.60300064086914,-0.004509999882429838,0.04519711807370186,-0.15871000289916992
16.608999252319336,8.379999781027436e-05,0.045986030250787735,-0.1588599979877472
16.614999771118164,-0.005009999964386225,0.04333478957414627,-0.15835000574588776
16.621000289916992,-0.006539999973028898,0.03909678012132645,-0.15713000297546387
16.62700080871582,0.0014199999859556556,0.0342392735183239,-0.15519000589847565
16.632999420166016,0.004780000075697899,0.026454554870724678,-0.1525299996137619
16.638999938964844,-0.0021699999924749136,0.013396629132330418,-0.14911000430583954
16.645000457763672,-0.008510000072419643,-0.0031975063029676676,-0.14507000148296356
16.650999069213867,-0.007960000075399876,-0.0188586488366127,-0.1404999941587448
16.656999588012695,-0.0064199999906122684,-0.02744193561375141,-0.13549000024795532
16.663000106811523,-0.0066999997943639755,-0.02701626531779766,-0.13015000522136688
16.66900062561035,-0.004430000204592943,-0.019224487245082855,-0.1245800033211708
16.674999237060547,-0.0026700000744313,-0.00715318089351058,-0.1190200001001358
16.680999755859375,-0.0061900001019239426,0.005995626095682383,-0.1136000007390976
16.687000274658203,-0.008469999767839909,0.0206878911703825,-0.1084899976849556
16.69300079345703,-0.006539999973028898,0.03576618432998657,-0.10380999743938446
16.698999404907227,-0.005470000207424164,0.047167494893074036,-0.09960000216960907
16.704999923706055,-0.003599999938160181,0.05024003982543945,-0.0960799977183342
16.711000442504883,0.0008040000102482736,0.04577144235372543,-0.09325999766588211
16.716999053955078,0.0016299999551847577,0.03969629481434822,-0.09115000069141388
16.722999572753906,-0.0024900001008063555,0.03833713009953499,-0.08968999981880188
16.729000091552734,-0.004290000069886446,0.04329914599657059,-0.08873999863862991
16.735000610351562,-0.0007719999994151294,0.048065200448036194,-0.08833000063896179
16.740999221801758,0.0013299999991431832,0.04734798148274422,-0.08822999894618988
16.746999740600586,-0.0007800000021234155,0.04158538207411766,-0.08827000111341476
16.753000259399414,-0.00036100001307204366,0.03817068412899971,-0.08822999894618988
16.759000778198242,0.003160000080242753,0.03911203145980835,-0.08787000179290771
16.764999389648438,0.0030499999411404133,0.041666630655527115,-0.08714000135660172
16.770999908447266,-0.000493000028654933,0.04408417269587517,-0.08583000302314758
16.777000427246094,-0.002570000011473894,0.04686225950717926,-0.0838100016117096
16.783000946044922,-0.0010100000072270632,0.0471990630030632,-0.08099000155925751
16.788999557495117,0.00215000007301569,0.040879715234041214,-0.07728999853134155
16.795000076293945,0.0026000000070780516,0.03135284036397934,-0.07288999855518341
16.801000595092773,0.001550000044517219,0.02735876850783825,-0.06780999898910522
16.80699920654297,0.002859999891370535,0.03161410242319107,-0.06218000128865242
16.812999725341797,0.005009999964386225,0.036536455154418945,-0.056129999458789825
16.819000244140625,0.00634999992325902,0.03598598390817642,-0.04980999976396561
16.825000762939453,0.006719999946653843,0.03270596265792847,-0.043549999594688416
16.83099937438965,0.0052200001664459705,0.03319988772273064,-0.03750000149011612
16.836999893188477,0.004000000189989805,0.039118025451898575,-0.03181000053882599
16.843000411987305,0.005330000072717667,0.047774288803339005,-0.02662000060081482
16.849000930786133,0.00877000018954277,0.05647699907422066,-0.021970000118017197
16.854999542236328,0.01331000030040741,0.060856807976961136,-0.018050000071525574
16.861000061035156,0.015030000358819962,0.05893062800168991,-0.014800000004470348
16.867000579833984,0.010590000078082085,0.053806353360414505,-0.012149999849498272
16.87299919128418,0.0034199999645352364,0.04875363036990166,-0.009990000165998936
16.878999710083008,-0.0001939999929163605,0.04456052929162979,-0.008170000277459621
16.885000228881836,0.0009389999904669821,0.03869018331170082,-0.006639999803155661
16.891000747680664,0.0007900000200606883,0.030239401385188103,-0.005189999938011169
16.89699935913086,-0.002689999993890524,0.022560615092515945,-0.0036299999337643385
16.902999877929688,-0.0027199999894946814,0.019800426438450813,-0.001829999964684248
16.909000396728516,0.0008120000129565597,0.018800053745508194,0.00032900000223889947
16.915000915527344,0.0009159999899566174,0.012905309908092022,0.00279999990016222
16.92099952697754,-0.001979999942705035,-0.0018436150858178735,0.005669999867677689
16.927000045776367,-0.004670000169426203,-0.019366689026355743,0.008899999782443047
16.933000564575195,-0.006899999920278788,-0.027487223967909813,0.012430000118911266
16.93899917602539,-0.006610000040382147,-0.018549373373389244,0.01616000011563301
16.94499969482422,-0.0026700000744313,0.004055045545101166,0.019829999655485153
16.951000213623047,0.0025599999353289604,0.029212670400738716,0.023339999839663506
16.957000732421875,0.005169999785721302,0.04883021116256714,0.02655000053346157
16.96299934387207,0.0038999998942017555,0.0588039830327034,0.02930999919772148
16.9689998626709,0.003000000026077032,0.058578841388225555,0.031530000269412994
16.975000381469727,0.0043299999088048935,0.051514897495508194,0.03303999826312065
16.981000900268555,0.004290000069886446,0.04393962025642395,0.03387000039219856
16.98699951171875,0.00267999991774559,0.039678510278463364,0.03407000005245209
16.993000030517578,0.00279000005684793,0.03864380717277527,0.03370000049471855
16.999000549316406,0.005679999943822622,0.03934488445520401,0.03290000185370445
17.0049991607666,0.008779999800026417,0.04486223682761192,0.031769998371601105
17.01099967956543,0.009109999984502792,0.054238371551036835,0.030549999326467514
17.017000198364258,0.009109999984502792,0.06921681761741638,0.029440000653266907
17.023000717163086,0.010479999706149101,0.09267651289701462,0.028620000928640366
17.02899932861328,0.009359999559819698,0.12118774652481079,0.02824000082910061
17.03499984741211,0.007269999943673611,0.11744682490825653,0.02841000072658062
17.041000366210938,0.00610999995842576,0.017451604828238487,0.02923000045120716
17.047000885009766,-0.001769999973475933,-0.1983785480260849,0.030719999223947525
17.05299949645996,-0.01592000015079975,-0.43125486373901367,0.032839998602867126
17.05900001525879,-0.02133999951183796,-0.5209710597991943,0.03547000139951706
17.065000534057617,-0.012719999998807907,-0.3993820250034332,0.038419999182224274
17.070999145507812,-0.0024999999441206455,-0.1703055202960968,0.04152999818325043
17.07699966430664,0.0010000000474974513,0.00871928222477436,0.04456999897956848
17.08300018310547,0.003659999929368496,0.07053378224372864,0.04729999974370003
17.089000701904297,0.0071000000461936,0.06358583271503448,0.04950999841094017
17.094999313354492,0.005319999996572733,0.05074043944478035,0.0509600006043911
17.10099983215332,0.002529999939724803,0.04851502925157547,0.05150999873876572
17.10700035095215,0.003539999946951866,0.045409973710775375,0.051089998334646225
17.113000869750977,0.0016199999954551458,0.04100148379802704,0.04966000095009804
17.118999481201172,-0.0026000000070780516,0.03942330554127693,0.047290001064538956
17.125,-0.0016599999507889152,0.03924567997455597,0.04408000037074089
17.131000518798828,0.0001849999971454963,0.03745713829994202,0.04021000117063522
17.136999130249023,-0.0025400000158697367,0.033365942537784576,0.035920001566410065
17.14299964904785,-0.0047599999234080315,0.028236351907253265,0.03149000182747841
17.14900016784668,-0.0024900001008063555,0.02222384512424469,0.027240000665187836
17.155000686645508,0.00020500000391621143,0.015660034492611885,0.023439999669790268
17.160999298095703,5.2600000344682485e-05,0.007290932349860668,0.0203699991106987
17.16699981689453,-0.0008500000112690032,-0.001948068500496447,0.018239999189972878
17.17300033569336,-0.002300000051036477,-0.011688541620969772,0.017240000888705254
17.179000854492188,-0.004550000187009573,-0.02028173767030239,0.017480000853538513
17.184999465942383,-0.0025599999353289604,-0.025127295404672623,0.0189800001680851
17.19099998474121,0.0010999999940395355,-0.02431023120880127,0.021689999848604202
17.19700050354004,-0.0038300000596791506,-0.020287442952394485,0.025459999218583107
17.202999114990234,-0.013299999758601189,-0.020144186913967133,0.03012000024318695
17.208999633789062,-0.014430000446736813,-0.029959386214613914,0.035440001636743546
17.21500015258789,-0.008050000295042992,-0.04882847145199776,0.041110001504421234
17.22100067138672,-0.0047900001518428326,-0.07041491568088531,0.04681999981403351
17.226999282836914,-0.008299999870359898,-0.09075549244880676,0.052299998700618744
17.232999801635742,-0.011370000429451466,-0.10772135853767395,0.057259999215602875
17.23900032043457,-0.00887999963015318,-0.12376870214939117,0.061469998210668564
17.2450008392334,-0.0061599998734891415,-0.1365462690591812,0.06473000347614288
17.250999450683594,-0.0075599998235702515,-0.14505577087402344,0.06694000214338303
17.256999969482422,-0.010490000247955322,-0.14760927855968475,0.06802999973297119
17.26300048828125,-0.011830000206828117,-0.15039144456386566,0.06802999973297119
17.268999099731445,-0.009909999556839466,-0.15782350301742554,0.06701000034809113
17.274999618530273,-0.006800000090152025,-0.16940225660800934,0.06510999798774719
17.2810001373291,-0.005499999970197678,-0.17435573041439056,0.06255000084638596
17.28700065612793,-0.00471000000834465,-0.16467022895812988,0.05954999849200249
17.292999267578125,-0.005210000090301037,-0.14087967574596405,0.05634000152349472
17.298999786376953,-0.008999999612569809,-0.116207554936409,0.05313999950885773
17.30500030517578,-0.011350000277161598,-0.09944498538970947,0.05017999932169914
17.31100082397461,-0.007829999551177025,-0.09064444899559021,0.04766999930143356
17.316999435424805,-0.001610000035725534,-0.08707352727651596,0.04575999826192856
17.322999954223633,0.0005520000122487545,-0.08731695264577866,0.044530000537633896
17.32900047302246,-0.0032099999953061342,-0.08640693873167038,0.04399999976158142
17.334999084472656,-0.006310000084340572,-0.07933629304170609,0.044130001217126846
17.340999603271484,-0.004269999917596579,-0.06184019520878792,0.04487000033259392
17.347000122070312,-0.00042699999175965786,-0.03623626381158829,0.04608000069856644
17.35300064086914,0.003060000017285347,-0.007633218076080084,0.047600001096725464
17.358999252319336,0.005450000055134296,0.018628964200615883,0.04918999969959259
17.364999771118164,0.004980000201612711,0.037915442138910294,0.05065999925136566
17.371000289916992,0.0032999999821186066,0.04712295159697533,0.05180000141263008
17.37700080871582,0.002959999954327941,0.04958711192011833,0.05243999883532524
17.382999420166016,0.003120000008493662,0.049673695117235184,0.05240999907255173
17.388999938964844,0.00171999994199723,0.05080527067184448,0.051600001752376556
17.395000457763672,0.0009219999774359167,0.05019601061940193,0.04997999966144562
17.400999069213867,0.005439999978989363,0.045468199998140335,0.04755000025033951
17.406999588012695,0.009239999577403069,0.038957227021455765,0.04436999931931496
17.413000106811523,0.0032999999821186066,0.03488911688327789,0.04058000072836876
17.41900062561035,-0.0027799999807029963,0.03525110334157944,0.036320000886917114
17.424999237060547,0.001560000004246831,0.038542043417692184,0.031860001385211945
17.430999755859375,0.006490000057965517,0.042105887085199356,0.027400000020861626
17.437000274658203,0.00443999981507659,0.0436965674161911,0.023169999942183495
17.44300079345703,0.003120000008493662,0.04318142309784889,0.01940000057220459
17.448999404907227,0.005429999902844429,0.040565937757492065,0.016289999708533287
17.454999923706055,0.004910000134259462,0.03882903233170509,0.014010000042617321
17.461000442504883,0.0029200001154094934,0.03907164931297302,0.012640000320971012
17.466999053955078,0.006829999852925539,0.038954611867666245,0.012210000306367874
17.472999572753906,0.010979999788105488,0.03597225993871689,0.01269999984651804
17.479000091552734,0.005880000069737434,0.031001603230834007,0.014010000042617321
17.485000610351562,0.0005300000193528831,0.026781383901834488,0.016030000522732735
17.490999221801758,0.004739999771118164,0.02555534616112709,0.0185100007802248
17.496999740600586,0.009390000253915787,0.027281049638986588,0.021250000223517418
17.503000259399414,0.006610000040382147,0.03128441050648689,0.02401999942958355
17.509000778198242,0.002240000059828162,0.03681569918990135,0.026590000838041306
17.514999389648438,0.0019600000232458115,0.04176071286201477,0.028780000284314156
17.520999908447266,0.0036100000143051147,0.04361562430858612,0.030409999191761017
17.527000427246094,0.003019999945536256,0.04330842196941376,0.03136000037193298
17.533000946044922,0.0015300000086426735,0.042949188500642776,0.031599998474121094
17.538999557495117,0.001970000099390745,0.04401198774576187,0.031150000169873238
17.545000076293945,0.0033400000538676977,0.04438861832022667,0.03010999970138073
17.551000595092773,0.006279999855905771,0.042092304676771164,0.028599999845027924
17.55699920654297,0.009429999627172947,0.038071226328611374,0.02679000049829483
17.562999725341797,0.0063299997709691525,0.035401079803705215,0.024890000000596046
17.569000244140625,-0.0005629999795928597,0.03714407607913017,0.02311999909579754
17.575000762939453,-0.0021200000774115324,0.04228692129254341,0.021689999848604202
17.58099937438965,0.0006350000039674342,0.045917827636003494,0.020759999752044678
17.586999893188477,0.001180000021122396,0.04437839612364769,0.02047000080347061
17.593000411987305,0.0004440000047907233,0.038773924112319946,0.020880000665783882
17.599000930786133,0.0031399999279528856,0.03410286083817482,0.02199999988079071
17.604999542236328,0.006440000142902136,0.03443555161356926,0.023770000785589218
17.611000061035156,0.0047900001518428326,0.03677981346845627,0.026089999824762344
17.617000579833984,0.0027099999133497477,0.03693414852023125,0.02879999950528145
17.62299919128418,0.004000000189989805,0.03463301807641983,0.031690001487731934
17.628999710083008,0.001829999964684248,0.03263348340988159,0.034540001302957535
17.635000228881836,-0.0034799999557435513,0.03293238952755928,0.03711999952793121
17.641000747680664,-0.0022499999031424522,0.03565427288413048,0.039250001311302185
17.64699935913086,0.004650000017136335,0.03888947516679764,0.04077000170946121
17.652999877929688,0.006659999955445528,0.03967004641890526,0.04156000167131424
17.659000396728516,0.00019700000120792538,0.03663646802306175,0.04152999818325043
17.665000915527344,-0.0058200000785291195,0.03286277875304222,0.040709998458623886
17.67099952697754,-0.004019999876618385,0.03034474141895771,0.03914999961853027
17.677000045776367,-0.001069999998435378,0.02766583301126957,0.036990001797676086
17.683000564575195,-0.0026100000832229853,0.021502919495105743,0.034380000084638596
17.68899917602539,-0.0024999999441206455,0.010583199560642242,0.03149000182747841
17.69499969482422,0.0009270000155083835,0.0004087139677722007,0.028540000319480896
17.701000213623047,0.0013099999632686377,-0.004842816386371851,0.025699999183416367
17.707000732421875,-0.001509999972768128,-0.00448772544041276,0.023159999400377274
17.71299934387207,-0.0014600000577047467,-0.0003218978235963732,0.02102999947965145
17.7189998626709,0.0013699999544769526,0.007405122742056847,0.019440000876784325
17.725000381469727,-6.0599999414989725e-05,0.016794880852103233,0.018400000408291817
17.731000900268555,-0.004650000017136335,0.027640359476208687,0.017890000715851784
17.73699951171875,-0.003860000055283308,0.036255549639463425,0.017839999869465828
17.743000030517578,-1.1500000255182385e-05,0.04123632609844208,0.01816999912261963
17.749000549316406,0.00014400000509340316,0.040405672043561935,0.018789999186992645
17.7549991607666,2.59000007645227e-05,0.037354808300733566,0.019530000165104866
17.76099967956543,0.0024399999529123306,0.03543549403548241,0.020269999280571938
17.767000198364258,0.003449999960139394,0.037319116294384,0.020910000428557396
17.773000717163086,0.001449999981559813,0.042539019137620926,0.021379999816417694
17.77899932861328,-0.00013800000306218863,0.04931590333580971,0.02167999930679798
17.78499984741211,0.0024900001008063555,0.052184201776981354,0.021810000762343407
17.791000366210938,0.005859999917447567,0.05132819339632988,0.0218299999833107
17.797000885009766,0.0030900000128895044,0.052163634449243546,0.02184000052511692
17.80299949645996,-0.0028099999763071537,0.06640567630529404,0.021959999576210976
17.80900001525879,-0.00279999990016222,0.09076390415430069,0.022339999675750732
17.815000534057617,0.0045900000259280205,0.08511479943990707,0.02314000017940998
17.820999145507812,0.010089999996125698,-0.011576635763049126,0.024450000375509262
17.82699966430664,0.003220000071451068,-0.20553535223007202,0.026359999552369118
17.83300018310547,-0.01104000024497509,-0.40301942825317383,0.028909999877214432
17.839000701904297,-0.01664000004529953,-0.4625132977962494,0.03206000104546547
17.844999313354492,-0.010049999691545963,-0.3414049744606018,0.035750001668930054
17.85099983215332,-0.0006130000110715628,-0.14013977348804474,0.03982999920845032
17.85700035095215,0.005229999776929617,0.007997811771929264,0.044119998812675476
17.863000869750977,0.006479999981820583,0.06046275421977043,0.04839999973773956
17.868999481201172,0.003329999977722764,0.060360055416822433,0.05237000063061714
17.875,-0.0018599999602884054,0.057847216725349426,0.0557899996638298
17.881000518798828,-0.0019399999873712659,0.05882849544286728,0.05843999981880188
17.886999130249023,0.004920000210404396,0.05472297593951225,0.06013999879360199
17.89299964904785,0.0074800001457333565,0.04557764530181885,0.06072999909520149
17.89900016784668,0.0016299999551847577,0.03790394589304924,0.060100000351667404
17.905000686645508,-0.0011899999808520079,0.032548267394304276,0.05824999883770943
17.910999298095703,0.0020000000949949026,0.029675155878067017,0.05528999865055084
17.91699981689453,0.0031399999279528856,0.028541753068566322,0.05138000100851059
17.92300033569336,0.0009749999735504389,0.027434485033154488,0.046709999442100525
17.929000854492188,-3.909999941242859e-05,0.026804529130458832,0.041519999504089355
17.934999465942383,0.0019000000320374966,0.028285745531320572,0.036090001463890076
17.94099998474121,0.003449999960139394,0.03287462145090103,0.030740000307559967
17.94700050354004,0.00011200000153621659,0.0368683859705925,0.025709999725222588
17.952999114990234,-0.005410000216215849,0.03592995926737785,0.021250000223517418
17.958999633789062,-0.00559999980032444,0.026968171820044518,0.0175199992954731
17.96500015258789,0.0007719999994151294,0.011159172281622887,0.014650000259280205
17.97100067138672,0.004900000058114529,-0.008784718811511993,0.012649999931454659
17.976999282836914,-0.0010400000028312206,-0.026227569207549095,0.011500000022351742
17.982999801635742,-0.009290000423789024,-0.034825921058654785,0.011099999770522118
17.98900032043457,-0.0083600003272295,-0.03222791478037834,0.011339999735355377
17.9950008392334,-0.0026100000832229853,-0.024759309366345406,0.012020000256597996
18.000999450683594,-0.0005389999714680016,-0.02095765434205532,0.012930000200867653
18.006999969482422,-0.0008590000215917826,-0.027868716046214104,0.013860000297427177
18.01300048828125,-0.0008019999950192869,-0.04293770715594292,0.014659999869763851
18.018999099731445,-0.0017999999690800905,-0.06177704781293869,0.015250000171363354
18.024999618530273,-0.004550000187009573,-0.07987426221370697,0.015549999661743641
18.0310001373291,-0.004739999771118164,-0.0932297557592392,0.015530000440776348
18.03700065612793,-0.0008210000232793391,-0.1028607115149498,0.01522000040858984
18.042999267578125,-0.0003600000054575503,-0.10917725414037704,0.0147299999371171
18.048999786376953,-0.0038399999029934406,-0.11551524698734283,0.014240000396966934
18.05500030517578,-0.001990000018849969,-0.1264181137084961,0.013949999585747719
18.06100082397461,0.0012100000167265534,-0.14371047914028168,0.013989999890327454
18.066999435424805,-0.003949999809265137,-0.1645365208387375,0.014530000276863575
18.072999954223633,-0.01056000031530857,-0.17966780066490173,0.0157299991697073
18.07900047302246,-0.00937000010162592,-0.17972470819950104,0.017680000513792038
18.084999084472656,-0.00535999983549118,-0.16449004411697388,0.020409999415278435
18.090999603271484,-0.003930000122636557,-0.14389130473136902,0.023889999836683273
18.097000122070312,-0.0015999999595806003,-0.1252879947423935,0.02800000086426735
18.10300064086914,0.0007750000222586095,-0.11156152933835983,0.032590001821517944
18.108999252319336,-0.003640000009909272,-0.09803217649459839,0.037450000643730164
18.114999771118164,-0.009189999662339687,-0.07979174703359604,0.04228999838232994
18.121000289916992,-0.006060000043362379,-0.053620290011167526,0.046859998255968094
18.12700080871582,-0.002199999988079071,-0.024646272882819176,0.05090000107884407
18.132999420166016,-0.004840000066906214,0.0024933400563895702,0.05418999865651131
18.138999938964844,-0.004800000227987766,0.023128805682063103,0.0565200001001358
18.145000457763672,0.0009200000204145908,0.03573101386427879,0.05772000178694725
18.150999069213867,0.004050000105053186,0.039803456515073776,0.05776999890804291
18.156999588012695,0.0023900000378489494,0.03942376375198364,0.056699998676776886
18.163000106811523,0.00010299999848939478,0.03913102298974991,0.05460000038146973
18.16900062561035,-0.001069999998435378,0.04330864176154137,0.05163000151515007
18.174999237060547,-0.0024500000290572643,0.048864901065826416,0.04797999933362007
18.180999755859375,-0.0037700000684708357,0.04873451963067055,0.043960001319646835
18.187000274658203,-0.003329999977722764,0.042049672454595566,0.03984000161290169
18.19300079345703,-0.0021899999119341373,0.03529848903417587,0.035909999161958694
18.198999404907227,-0.00027099999715574086,0.03392470255494118,0.032430000603199005
18.204999923706055,0.003329999977722764,0.03860996663570404,0.029610000550746918
18.211000442504883,0.004860000219196081,0.04319151118397713,0.027639999985694885
18.216999053955078,0.003269999986514449,0.043904758989810944,0.02662000060081482
18.222999572753906,0.002050000010058284,0.04265055060386658,0.026580000296235085
18.229000091552734,0.001290000043809414,0.04175826534628868,0.027489999309182167
18.235000610351562,0.0017900000093504786,0.0410873144865036,0.02923000045120716
18.240999221801758,0.005160000175237656,0.038766466081142426,0.03164000064134598
18.246999740600586,0.0066999997943639755,0.03528222441673279,0.03452000021934509
18.253000259399414,0.002409999957308173,0.03474593907594681,0.03764000162482262
18.259000778198242,-0.0024900001008063555,0.039411984384059906,0.04075999930500984
18.264999389648438,-0.000699999975040555,0.04612848907709122,0.0436599999666214
18.270999908447266,0.004730000160634518,0.04888790100812912,0.04611999914050102
18.277000427246094,0.005900000222027302,0.04505506157875061,0.04797999933362007
18.283000946044922,0.0065899998880922794,0.036467816680669785,0.049139998853206635
18.288999557495117,0.010700000450015068,0.028529435396194458,0.049539998173713684
18.295000076293945,0.008200000040233135,0.024449922144412994,0.04918999969959259
18.301000595092773,-0.0016400000313296914,0.02431330271065235,0.048170000314712524
18.30699920654297,-0.0039900001138448715,0.026277681812644005,0.0465800017118454
18.312999725341797,0.0026499999221414328,0.029451321810483932,0.04456999897956848
18.319000244140625,0.0063599999994039536,0.034194111824035645,0.042319998145103455
18.325000762939453,0.00482999999076128,0.03975369781255722,0.04004000127315521
18.33099937438965,0.003019999945536256,0.04389389976859093,0.037939999252557755
18.336999893188477,0.00010800000018207356,0.04551535099744797,0.03618000075221062
18.343000411987305,-0.004430000204592943,0.046189624816179276,0.03488999977707863
18.349000930786133,-0.0035500000230968,0.04630323871970177,0.03413999825716019
18.354999542236328,0.002259999979287386,0.047073379158973694,0.03401999920606613
18.361000061035156,0.002219999907538295,0.04797257110476494,0.03451000154018402
18.367000579833984,-0.0010300000431016088,0.04778323695063591,0.0355600006878376
18.37299919128418,0.003100000089034438,0.04451402276754379,0.037060000002384186
18.378999710083008,0.008670000359416008,0.03872840106487274,0.03880999982357025
18.385000228881836,0.006029999814927578,0.03335215523838997,0.04066000133752823
18.391000747680664,0.00044800000614486635,0.03166898712515831,0.042399998754262924
18.39699935913086,0.00015999999595806003,0.032436154782772064,0.04383999854326248
18.402999877929688,0.0028200000524520874,0.034076862037181854,0.044780001044273376
18.409000396728516,0.0009120000177063048,0.03601570054888725,0.04501999914646149
18.415000915527344,-0.003490000031888485,0.03852291777729988,0.04447999969124794
18.42099952697754,-0.0013699999544769526,0.041080448776483536,0.043049998581409454
18.427000045776367,0.005319999996572733,0.044319286942481995,0.04072999954223633
18.433000564575195,0.00774999987334013,0.04770038276910782,0.037539999932050705
18.43899917602539,0.005140000022947788,0.049089379608631134,0.033569999039173126
18.44499969482422,0.0014199999859556556,0.046116989105939865,0.028999999165534973
18.451000213623047,-0.0009219999774359167,0.04154670238494873,0.023989999666810036
18.457000732421875,-0.001019999966956675,0.040188007056713104,0.018769999966025352
18.46299934387207,0.0009069999796338379,0.040393244475126266,0.013580000028014183
18.4689998626709,0.0037799999117851257,0.037403855472803116,0.00865000020712614
18.475000381469727,0.003869999898597598,0.029499320313334465,0.004259999841451645
18.481000900268555,0.0005249999812804163,0.025017691776156425,0.0005849999724887311
18.48699951171875,7.409999670926481e-05,0.026791809126734734,-0.002219999907538295
18.493000030517578,0.005270000081509352,0.03157009556889534,-0.004040000028908253
18.499000549316406,0.011500000022351742,0.033578626811504364,-0.004819999914616346
18.5049991607666,0.013050000183284283,0.034656547009944916,-0.004509999882429838
18.51099967956543,0.007139999885112047,0.03818373382091522,-0.003229999914765358
18.517000198364258,-0.0008670000243000686,0.04440866410732269,-0.0010900000343099236
18.523000717163086,-0.0032999999821186066,0.049903299659490585,0.0017399999778717756
18.52899932861328,-0.0010600000387057662,0.05148041620850563,0.00506999995559454
18.53499984741211,0.0013099999632686377,0.04931652173399925,0.008700000122189522
18.541000366210938,0.00171999994199723,0.04768264293670654,0.012380000203847885
18.547000885009766,0.0013299999991431832,0.04991520196199417,0.015890000388026237
18.55299949645996,0.003860000055283308,0.05346114933490753,0.019029999151825905
18.55900001525879,0.0072200000286102295,0.055403806269168854,0.02160000056028366
18.565000534057617,0.005499999970197678,0.05867060646414757,0.02353000082075596
18.570999145507812,0.0013800000306218863,0.07087873667478561,0.024730000644922256
18.57699966430664,0.0028800000436604023,0.0950486958026886,0.025180000811815262
18.58300018310547,0.011380000039935112,0.104525126516819,0.024870000779628754
18.589000701904297,0.016899999231100082,0.04497611150145531,0.023830000311136246
18.594999313354492,0.008320000022649765,-0.11961112916469574,0.022199999541044235
18.60099983215332,-0.008960000239312649,-0.33422887325286865,0.020109999924898148
18.60700035095215,-0.018389999866485596,-0.4630669355392456,0.01768999919295311
18.613000869750977,-0.013539999723434448,-0.41300567984580994,0.015060000121593475
18.618999481201172,-0.0017500000540167093,-0.23191983997821808,0.012269999831914902
18.625,0.005270000081509352,-0.04929821938276291,0.00949000008404255
18.631000518798828,0.0030799999367445707,0.04763566702604294,0.006769999861717224
18.636999130249023,-0.0010900000343099236,0.06767482310533524,0.004149999935179949
18.64299964904785,0.0004729999927803874,0.05874129384756088,0.0016299999551847577
18.64900016784668,0.006380000151693821,0.045317910611629486,-0.0008449999731965363
18.655000686645508,0.00853000022470951,0.034002918750047684,-0.0032999999821186066
18.660999298095703,0.0033400000538676977,0.031176652759313583,-0.005810000002384186
18.66699981689453,-0.00027200000477023423,0.03701229393482208,-0.008449999615550041
18.67300033569336,0.002959999954327941,0.04397746920585632,-0.01128000020980835
18.679000854492188,0.004670000169426203,0.04694068431854248,-0.014340000227093697
18.684999465942383,0.003109999932348728,0.04544226452708244,-0.01761999912559986
18.69099998474121,0.0051299999468028545,0.04374611750245094,-0.021139999851584435
18.69700050354004,0.007910000160336494,0.044187381863594055,-0.02483000047504902
18.702999114990234,0.00559999980032444,0.04333147034049034,-0.028599999845027924
18.708999633789062,0.0012199999764561653,0.03744542598724365,-0.03229000046849251
18.71500015258789,-0.0008999999845400453,0.029970375820994377,-0.03570999950170517
18.72100067138672,-0.0012199999764561653,0.023883212357759476,-0.03871000185608864
18.726999282836914,0.00013699999544769526,0.01960894837975502,-0.04112999886274338
18.732999801635742,0.0039900001138448715,0.01228955015540123,-0.0427899993956089
18.73900032043457,0.004980000201612711,0.0024921533185988665,-0.043529998511075974
18.7450008392334,-0.0008670000243000686,-0.006946740206331015,-0.043219998478889465
18.750999450683594,-0.0049299998208880424,-0.013591072522103786,-0.04185999929904938
18.756999969482422,-0.0028200000524520874,-0.02059231884777546,-0.039489999413490295
18.76300048828125,-0.0029100000392645597,-0.02948814630508423,-0.03616999834775925
18.768999099731445,-0.006209999788552523,-0.042142365127801895,-0.03203999996185303
18.774999618530273,-0.007280000019818544,-0.0579339824616909,-0.027289999648928642
18.7810001373291,-0.008259999565780163,-0.07580593228340149,-0.02222999930381775
18.78700065612793,-0.01104000024497509,-0.09362183511257172,-0.01713000051677227
18.792999267578125,-0.011830000206828117,-0.11066985875368118,-0.012269999831914902
18.798999786376953,-0.008750000037252903,-0.12546996772289276,-0.00788000039756298
18.80500030517578,-0.00546000013127923,-0.14135725796222687,-0.004240000154823065
18.81100082397461,-0.006810000166296959,-0.15852925181388855,-0.001550000044517219
18.816999435424805,-0.01042999979108572,-0.17201098799705505,6.209999992279336e-05
18.822999954223633,-0.00953999999910593,-0.17633351683616638,0.0005840000230818987
18.82900047302246,-0.0038300000596791506,-0.17114418745040894,0.00011700000322889537
18.834999084472656,-0.00011300000187475234,-0.16510507464408875,-0.001290000043809414
18.840999603271484,-0.004240000154823065,-0.16448400914669037,-0.003389999968931079
18.847000122070312,-0.012240000069141388,-0.16738766431808472,-0.005929999984800816
18.85300064086914,-0.014399999752640724,-0.1696121245622635,-0.008589999750256538
18.858999252319336,-0.010850000195205212,-0.16997411847114563,-0.01095999963581562
18.864999771118164,-0.007139999885112047,-0.1657295525074005,-0.012799999676644802
18.871000289916992,-0.003109999932348728,-0.1524994969367981,-0.013790000230073929
18.87700080871582,-0.0010900000343099236,-0.12854178249835968,-0.013679999858140945
18.882999420166016,-0.004459999967366457,-0.10020066797733307,-0.012280000373721123
18.888999938964844,-0.007519999984651804,-0.07253100723028183,-0.009440000168979168
18.895000457763672,-0.004910000134259462,-0.04748193547129631,-0.005280000157654285
18.900999069213867,-0.0013500000350177288,-0.021998023614287376,0.0001429999974789098
18.906999588012695,-0.0026100000832229853,0.0033416335936635733,0.006649999879300594
18.913000106811523,-0.00419999985024333,0.025576086714863777,0.013989999890327454
18.91900062561035,0.00011500000255182385,0.04068942368030548,0.021889999508857727
18.924999237060547,0.004120000172406435,0.048532884567976,0.029910000041127205
18.930999755859375,0.003120000008493662,0.048369597643613815,0.03771999850869179
18.937000274658203,0.004920000210404396,0.046499814838171005,0.04501999914646149
18.94300079345703,0.008369999937713146,0.047816015779972076,0.051500000059604645
18.948999404907227,0.0031300000846385956,0.05221391096711159,0.05694999918341637
18.954999923706055,-0.005619999952614307,0.05187175050377846,0.061149999499320984
18.961000442504883,-0.006300000008195639,0.04295913502573967,0.06407000124454498
18.966999053955078,-0.0026400000788271427,0.030639201402664185,0.06575000286102295
18.972999572753906,-0.003220000071451068,0.028742816299200058,0.0662899985909462
18.979000091552734,-0.004189999774098396,0.03940589725971222,0.06583999842405319
18.985000610351562,0.0003800000122282654,0.05140482261776924,0.06458000093698502
18.990999221801758,0.004339999984949827,0.05485798418521881,0.06283999979496002
18.996999740600586,0.0027099999133497477,0.05281509831547737,0.06089000031352043
19.003000259399414,0.00027799999224953353,0.05116032063961029,0.05897999927401543
19.009000778198242,-0.0019499999471008778,0.049775682389736176,0.05730000138282776
19.014999389648438,-0.003060000017285347,0.045624155551195145,0.05598999932408333
19.020999908447266,0.002240000059828162,0.039109230041503906,0.05517999827861786
19.027000427246094,0.0065899998880922794,0.03588234260678291,0.05493000149726868
19.033000946044922,0.0005440000095404685,0.03755732998251915,0.05517999827861786
19.038999557495117,-0.00535999983549118,0.040445975959300995,0.055799998342990875
19.045000076293945,-0.001449999981559813,0.04198306426405907,0.0565899983048439
19.051000595092773,0.0021299999207258224,0.04234663024544716,0.057360000908374786
19.05699920654297,-0.0017399999778717756,0.04130082204937935,0.057920001447200775
19.062999725341797,-0.0028699999675154686,0.03864620253443718,0.0580499991774559
19.069000244140625,0.0034600000362843275,0.033926334232091904,0.057590000331401825
19.075000762939453,0.005319999996572733,0.02668433077633381,0.056370001286268234
19.08099937438965,-0.0009549999958835542,0.01906304806470871,0.054349999874830246
19.086999893188477,-0.004370000213384628,0.014911931939423084,0.0515500009059906
19.093000411987305,-0.002309999894350767,0.01785520650446415,0.04808000102639198
19.099000930786133,0.0010600000387057662,0.025006884709000587,0.044119998812675476
19.104999542236328,0.005429999902844429,0.032523900270462036,0.03991999849677086
19.111000061035156,0.006390000227838755,0.03876764699816704,0.03578000143170357
19.117000579833984,0.0019399999873712659,0.042898911982774734,0.03200000151991844
19.12299919128418,0.00031599999056197703,0.04394388943910599,0.028909999877214432
19.128999710083008,0.004410000052303076,0.04036682844161987,0.02677999995648861
19.135000228881836,0.007290000095963478,0.034376852214336395,0.02589000016450882
19.141000747680664,0.006120000034570694,0.031566426157951355,0.026340000331401825
19.14699935913086,0.004699999932199717,0.03542207181453705,0.028179999440908432
19.152999877929688,0.003759999992325902,0.04294736310839653,0.031369999051094055
19.159000396728516,0.0005050000036135316,0.04845484346151352,0.035760000348091125
19.165000915527344,-0.0009379999828524888,0.04889892041683197,0.04106999933719635
19.17099952697754,0.003969999961555004,0.04546564072370529,0.046939998865127563
19.177000045776367,0.0070500001311302185,0.04210386425256729,0.052949998527765274
19.183000564575195,0.0020000000949949026,0.04153953492641449,0.05869000032544136
19.18899917602539,-0.003000000026077032,0.041753415018320084,0.06375999748706818
19.19499969482422,-0.0005239999736659229,0.04057306423783302,0.06773000210523605
19.201000213623047,0.005330000072717667,0.03631031885743141,0.07030999660491943
19.207000732421875,0.005090000107884407,0.030281392857432365,0.07129000127315521
19.21299934387207,-0.0022700000554323196,0.022526104003190994,0.07058999687433243
19.2189998626709,-0.00558000011369586,0.014498325064778328,0.06831999868154526
19.225000381469727,-0.0018599999602884054,0.006160347256809473,0.06463000178337097
19.231000900268555,-0.0021200000774115324,-0.0053173452615737915,0.059859998524188995
19.23699951171875,-0.008059999905526638,-0.022468438372015953,0.05443999916315079
19.243000030517578,-0.00937000010162592,-0.04032890871167183,0.04884999990463257
19.249000549316406,-0.00406000018119812,-0.04530547186732292,0.04366999864578247
19.2549991607666,-0.00042699999175965786,-0.0284530371427536,0.039340000599622726
19.26099967956543,-0.0004030000127386302,0.004336208570748568,0.03635000064969063
19.267000198364258,0.0015899999998509884,0.03495492413640022,0.035029999911785126
19.273000717163086,0.002850000048056245,0.05069701746106148,0.03564000129699707
19.27899932861328,-0.001500000013038516,0.05304906517267227,0.038339998573064804
19.28499984741211,-0.003370000049471855,0.051222510635852814,0.0429299995303154
19.291000366210938,0.0008529999759048223,0.05288494750857353,0.04918000102043152
19.297000885009766,0.0018100000452250242,0.055693577975034714,0.05671999976038933
19.30299949645996,-0.0004560000088531524,0.05391771346330643,0.0650700032711029
19.30900001525879,0.0010600000387057662,0.04498625919222832,0.07374999672174454
19.315000534057617,0.003289999905973673,0.03338715434074402,0.08209999650716782
19.320999145507812,0.002259999979287386,0.028322679921984673,0.08962000161409378
19.32699966430664,0.0019199999514967203,0.035893626511096954,0.09585999697446823
19.33300018310547,0.0040699997916817665,0.05146976187825203,0.10044000297784805
19.339000701904297,0.0034000000450760126,0.07075967639684677,0.10316000133752823
19.344999313354492,-0.00018699999782256782,0.09312990307807922,0.10413999855518341
19.35099983215332,0.0025400000158697367,0.10208248347043991,0.10367000102996826
19.35700035095215,0.010099999606609344,0.04432927444577217,0.10211999714374542
19.363000869750977,0.006870000157505274,-0.12273520231246948,0.09990999847650528
19.368999481201172,-0.01027000043541193,-0.3515094220638275,0.09728000313043594
19.375,-0.024650000035762787,-0.49646690487861633,0.09532999992370605
19.381000518798828,-0.021630000323057175,-0.446581095457077,0.09470999985933304
19.386999130249023,-0.005929999984800816,-0.24761521816253662,0.09596999734640121
19.39299964904785,0.005309999920427799,-0.04804442077875137,0.09922000020742416
19.39900016784668,0.006850000005215406,0.050705648958683014,0.10384999960660934
19.405000686645508,0.006920000072568655,0.06273464113473892,0.11035999655723572
19.410999298095703,0.006519999820739031,0.052229419350624084,0.1182200014591217
19.41699981689453,0.002360000042244792,0.048849236220121384,0.12670999765396118
19.42300033569336,-0.0014199999859556556,0.04722494259476662,0.1345299929380417
19.429000854492188,-0.0013599999947473407,0.04481561481952667,0.13958999514579773
19.434999465942383,0.0002840000088326633,0.047281891107559204,0.14111000299453735
19.44099998474121,0.001829999964684248,0.05274495109915733,0.1374800056219101
19.44700050354004,0.005499999970197678,0.055113375186920166,0.12732000648975372
19.452999114990234,0.011130000464618206,0.05144404247403145,0.1091499999165535
19.458999633789062,0.011470000259578228,0.04464496299624443,0.08146999776363373
19.46500015258789,0.005919999908655882,0.03858761489391327,0.04408999904990196
19.47100067138672,0.004889999981969595,0.0322645865380764,-0.003280000062659383
19.476999282836914,0.009270000271499157,0.024959513917565346,-0.060350000858306885
19.482999801635742,0.00913000013679266,0.018217382952570915,-0.12626999616622925
19.48900032043457,0.0033400000538676977,0.015676841139793396,-0.1995600014925003
19.4950008392334,0.0003020000003743917,0.016224782913923264,-0.2780100107192993
19.500999450683594,0.002570000011473894,0.016822274774312973,-0.359499990940094
19.506999969482422,0.003120000008493662,0.014444567263126373,-0.4415000081062317
19.51300048828125,-0.0004659999976865947,0.010554411448538303,-0.5210199952125549
19.518999099731445,-0.001290000043809414,0.006753233261406422,-0.5945900082588196
19.524999618530273,0.0006680000224150717,0.0002760561474133283,-0.6592400074005127
19.5310001373291,-0.0006070000235922635,-0.01483872625976801,-0.7128700017929077
19.53700065612793,-0.003449999960139394,-0.03958406299352646,-0.7535600066184998
19.542999267578125,-0.0050200000405311584,-0.06590763479471207,-0.7794299721717834
19.548999786376953,-0.005810000002384186,-0.08499301224946976,-0.7887300252914429
19.55500030517578,-0.004089999943971634,-0.09346452355384827,-0.7810800075531006
19.56100082397461,-0.00020300000323913991,-0.09732640534639359,-0.7574599981307983
19.566999435424805,0.001930000027641654,-0.10345693677663803,-0.7190799713134766
19.572999954223633,2.970000059576705e-05,-0.11513228714466095,-0.6672899723052979
19.57900047302246,-0.004410000052303076,-0.1300695389509201,-0.6036800146102905
19.584999084472656,-0.006779999937862158,-0.14467936754226685,-0.5308700203895569
19.590999603271484,-0.005350000225007534,-0.1566278040409088,-0.45225000381469727
19.597000122070312,-0.003490000031888485,-0.1676657348871231,-0.3708299994468689
19.60300064086914,-0.004290000069886446,-0.17730514705181122,-0.28929999470710754
19.608999252319336,-0.00795000046491623,-0.1805475354194641,-0.21007999777793884
19.614999771118164,-0.010320000350475311,-0.17922435700893402,-0.13576999306678772
19.621000289916992,-0.008580000139772892,-0.19005607068538666,-0.06849999725818634
19.62700080871582,-0.008200000040233135,-0.21976548433303833,-0.009750000201165676
19.632999420166016,-0.011549999937415123,-0.24319037795066833,0.03956000134348869
19.638999938964844,-0.012360000051558018,-0.22543586790561676,0.07909999787807465
19.645000457763672,-0.00810999982059002,-0.15839986503124237,0.10852000117301941
19.650999069213867,-0.0012600000482052565,-0.07909823209047318,0.12872999906539917
19.656999588012695,0.00494999997317791,-0.022737476974725723,0.14072999358177185
19.663000106811523,0.005539999809116125,0.0029105518478900194,0.1456100046634674
19.66900062561035,-0.000742000003810972,0.014012315310537815,0.14476999640464783
19.674999237060547,-0.006949999835342169,0.02288089506328106,0.13898999989032745
19.680999755859375,-0.0037700000684708357,0.034111347049474716,0.13038000464439392
19.687000274658203,0.006320000160485506,0.042317699640989304,0.12042000144720078
19.69300079345703,0.007790000177919865,0.04558934271335602,0.11009000241756439
19.698999404907227,-0.0016899999463930726,0.04470705986022949,0.10027000308036804
19.704999923706055,-0.0058200000785291195,0.044848643243312836,0.09087999910116196
19.711000442504883,-0.0013200000394135714,0.04732053354382515,0.08298999816179276
19.716999053955078,-0.0014400000218302011,0.04592270031571388,0.07692000269889832
19.722999572753906,-0.007420000154525042,0.03562046214938164,0.0725099965929985
19.729000091552734,-0.00761000020429492,0.019930990412831306,0.06949999928474426
19.735000610351562,-0.0015899999998509884,0.009036287665367126,0.06701000034809113
19.740999221801758,-0.0002770000137388706,0.009579282253980637,0.06505999714136124
19.746999740600586,-0.0031999999191612005,0.017810430377721786,0.06339000165462494
19.753000259399414,-0.0029100000392645597,0.024671005085110664,0.0616299994289875
19.759000778198242,-0.0044200001284480095,0.02647479623556137,0.059459999203681946
19.764999389648438,-0.008070000447332859,0.02603437565267086,0.05654999986290932
19.770999908447266,-0.001610000035725534,0.028476882725954056,0.05293000116944313
19.777000427246094,0.008659999817609787,0.03378796577453613,0.04870999976992607
19.783000946044922,0.005789999850094318,0.03639770299196243,0.04408999904990196
19.788999557495117,-0.002460000105202198,0.03503573313355446,0.03928999975323677
19.795000076293945,-0.0015200000489130616,0.034226320683956146,0.03466000035405159
19.801000595092773,0.0023300000466406345,0.038073085248470306,0.03043000027537346
19.80699920654297,0.0024300001095980406,0.042867422103881836,0.02686999924480915
19.812999725341797,0.006180000025779009,0.04203076288104057,0.024240000173449516
19.819000244140625,0.011620000004768372,0.03593054413795471,0.022749999538064003
19.825000762939453,0.006010000128298998,0.031103044748306274,0.022579999640583992
19.83099937438965,-0.004100000020116568,0.0317542739212513,0.023649999871850014
19.836999893188477,-0.0037499999161809683,0.0359412245452404,0.025849999859929085
19.843000411987305,3.0499999411404133e-05,0.03941793739795685,0.029030000790953636
19.849000930786133,-0.0007309999782592058,0.039135780185461044,0.03297000005841255
19.854999542236328,0.0012499999720603228,0.036176688969135284,0.03743999823927879
19.861000061035156,0.004000000189989805,0.03222726285457611,0.04213999956846237
19.867000579833984,0.001230000052601099,0.031134992837905884,0.04675000160932541
19.87299919128418,0.0003859999997075647,0.03427064046263695,0.051010001450777054
19.878999710083008,0.004310000222176313,0.039071474224328995,0.054680000990629196
19.885000228881836,0.00471000000834465,0.0416274219751358,0.05762999877333641
19.891000747680664,0.002090000081807375,0.04173076152801514,0.0597199983894825
19.89699935913086,0.003949999809265137,0.04117518663406372,0.06092999875545502
19.902999877929688,0.008100000210106373,0.04030907526612282,0.06126999855041504
19.909000396728516,0.00848000030964613,0.037537284195423126,0.060770001262426376
19.915000915527344,0.008500000461935997,0.030513055622577667,0.05956000089645386
19.92099952697754,0.010219999589025974,0.022285960614681244,0.05778000131249428
19.927000045776367,0.007269999943673611,0.018023505806922913,0.05556999891996384
19.933000564575195,0.0017399999778717756,0.02159847319126129,0.05307000130414963
19.93899917602539,0.0015300000086426735,0.028885554522275925,0.05040999874472618
19.94499969482422,0.003659999929368496,0.033243004232645035,0.04769999906420708
19.951000213623047,0.004040000028908253,0.03133779019117355,0.04503000155091286
19.957000732421875,0.005189999938011169,0.026501966640353203,0.04245999827980995
19.96299934387207,0.006949999835342169,0.022869696840643883,0.04004000127315521
19.9689998626709,0.006279999855905771,0.02102840319275856,0.037790000438690186
19.975000381469727,0.0022299999836832285,0.02014305628836155,0.0357000008225441
19.981000900268555,-0.0009590000263415277,0.02061661332845688,0.03378999978303909
19.98699951171875,0.0025599999353289604,0.02030048333108425,0.03206000104546547
19.993000030517578,0.008139999583363533,0.01681113988161087,0.03051000088453293
19.999000549316406,0.006680000107735395,0.011752455495297909,0.029200000688433647
20.0049991607666,0.0011399999493733048,0.009390122257173061,0.028139999136328697
20.01099967956543,9.88000028883107e-05,0.01266844104975462,0.027370000258088112
20.017000198364258,0.0033100000582635403,0.020093047991394997,0.02694999985396862
20.023000717163086,0.004269999917596579,0.029531540349125862,0.0269399993121624
20.02899932861328,0.0019499999471008778,0.0376722551882267,0.027400000020861626
20.03499984741211,0.00036100001307204366,0.043548084795475006,0.028389999642968178
20.041000366210938,-0.0011899999808520079,0.04695788398385048,0.029890000820159912
20.047000885009766,-0.0020000000949949026,0.04765491187572479,0.03192000091075897
20.05299949645996,0.002899999963119626,0.04412059485912323,0.03441999852657318
20.05900001525879,0.007379999849945307,0.038955047726631165,0.03731999918818474
20.065000534057617,0.0032999999821186066,0.03346630558371544,0.04055999964475632
20.070999145507812,-0.0008529999759048223,0.030933724716305733,0.04399000108242035
20.07699966430664,0.0018599999602884054,0.031172124668955803,0.04746999964118004
20.08300018310547,0.003710000077262521,0.034139666706323624,0.0508200004696846
20.089000701904297,0.0017099999822676182,0.04117313399910927,0.05384000018239021
20.094999313354492,0.003100000089034438,0.056077275425195694,0.05641999840736389
20.10099983215332,0.007319999858736992,0.08410833775997162,0.05843000113964081
20.10700035095215,0.005470000207424164,0.1177889034152031,0.05973999947309494
20.113000869750977,0.0003819999983534217,0.1055138036608696,0.06027999892830849
20.118999481201172,0.00039900001138448715,-0.016439834609627724,0.05992000177502632
20.125,-0.003530000103637576,-0.24153822660446167,0.058729998767375946
20.131000518798828,-0.017389999702572823,-0.44656604528427124,0.05674000084400177
20.136999130249023,-0.022450000047683716,-0.4846670627593994,0.05403999984264374
20.14299964904785,-0.009820000268518925,-0.33267587423324585,0.05071000009775162
20.14900016784668,0.00215999991632998,-0.11716931313276291,0.046799998730421066
20.155000686645508,0.002940000034868717,0.02714337408542633,0.042490001767873764
20.160999298095703,0.001930000027641654,0.06752269715070724,0.03793000057339668
20.16699981689453,0.004129999782890081,0.056249119341373444,0.033250000327825546
20.17300033569336,0.0037499999161809683,0.04325935244560242,0.028550000861287117
20.179000854492188,0.0005970000056549907,0.03960989788174629,0.023889999836683273
20.184999465942383,-5.94000011915341e-05,0.04034752771258354,0.01939000003039837
20.19099998474121,-0.0009069999796338379,0.04363115504384041,0.01508999988436699
20.19700050354004,-0.0035500000230968,0.04830554127693176,0.011029999703168869
20.202999114990234,-0.0015800000401213765,0.04969809949398041,0.0072200000286102295
20.208999633789062,0.0020200000144541264,0.046791478991508484,0.003650000086054206
20.21500015258789,-0.0002809999859891832,0.04083119332790375,0.0003549999964889139
20.22100067138672,-0.002529999939724803,0.03563547879457474,-0.0027000000700354576
20.226999282836914,0.00025499999173916876,0.030650746077299118,-0.005530000198632479
20.232999801635742,0.0014700000174343586,0.02593088708817959,-0.008129999972879887
20.23900032043457,-0.0008750000270083547,0.02243940159678459,-0.010479999706149101
20.2450008392334,-0.0002880000101868063,0.022862089797854424,-0.012509999796748161
20.250999450683594,0.004230000078678131,0.026614079251885414,-0.014229999855160713
20.256999969482422,0.005510000046342611,0.02902459166944027,-0.01561999972909689
20.26300048828125,0.0018400000408291817,0.02713918685913086,-0.01664000004529953
20.268999099731445,-0.0011500000255182385,0.019110122695565224,-0.017230000346899033
20.274999618530273,-0.0032999999821186066,0.0019976021721959114,-0.01730000041425228
20.2810001373291,-0.00558000011369586,-0.021546363830566406,-0.016860000789165497
20.28700065612793,-0.0034199999645352364,-0.04200857877731323,-0.01592000015079975
20.292999267578125,0.0011099999537691474,-0.05190253630280495,-0.01448999997228384
20.298999786376953,0.0011500000255182385,-0.05272694677114487,-0.012620000168681145
20.30500030517578,-0.0020000000949949026,-0.053322989493608475,-0.010300000198185444
20.31100082397461,-0.0034199999645352364,-0.0610060878098011,-0.007639999967068434
20.316999435424805,-0.00203000009059906,-0.07495539635419846,-0.004749999847263098
20.322999954223633,-0.0013699999544769526,-0.08870384097099304,-0.001769999973475933
20.32900047302246,-0.0037899999879300594,-0.09390635788440704,0.001129999989643693
20.334999084472656,-0.0038399999029934406,-0.08679558336734772,0.003860000055283308
20.340999603271484,0.000737000023946166,-0.07526829093694687,0.0062500000931322575
20.347000122070312,0.0022499999031424522,-0.07424211502075195,0.008150000125169754
20.35300064086914,-0.0008619999862276018,-0.09110837429761887,0.009429999627172947
20.358999252319336,-0.001500000013038516,-0.12185090780258179,0.009920000098645687
20.364999771118164,0.0001140000022132881,-0.15286344289779663,0.009589999914169312
20.371000289916992,-0.002050000010058284,-0.1720627397298813,0.008379999548196793
20.37700080871582,-0.00431999983265996,-0.17415526509284973,0.006279999855905771
20.382999420166016,0.00034500000765547156,-0.16429875791072845,0.0033100000582635403
20.388999938964844,0.0023499999660998583,-0.14940881729125977,-0.0005150000215508044
20.395000457763672,-0.007890000008046627,-0.13488569855690002,-0.005040000192821026
20.400999069213867,-0.0147299999371171,-0.11930384486913681,-0.010089999996125698
20.406999588012695,-0.007269999943673611,-0.10182607918977737,-0.01551000028848648
20.413000106811523,-0.0019199999514967203,-0.0836106538772583,-0.02112000063061714
20.41900062561035,-0.006430000066757202,-0.06916889548301697,-0.026750000193715096
20.424999237060547,-0.008299999870359898,-0.05532899498939514,-0.03210999816656113
20.430999755859375,-0.0048500001430511475,-0.03915076702833176,-0.03700999915599823
20.437000274658203,-0.003860000055283308,-0.017701055854558945,-0.041280001401901245
20.44300079345703,-0.0039900001138448715,0.004724894650280476,-0.04478999972343445
20.448999404907227,-0.0011500000255182385,0.022154122591018677,-0.04749999940395355
20.454999923706055,-0.0009619999909773469,0.03091861866414547,-0.0492900013923645
20.461000442504883,-0.004840000066906214,0.03537694364786148,-0.050200000405311584
20.466999053955078,-0.0022100000642240047,0.038985829800367355,-0.05033000186085701
20.472999572753906,0.005499999970197678,0.043809618800878525,-0.04981999844312668
20.479000091552734,0.004430000204592943,0.04784306138753891,-0.04893000051379204
20.485000610351562,-0.0015800000401213765,0.04924031347036362,-0.047770000994205475
20.490999221801758,-0.0005779999773949385,0.04872889816761017,-0.04665999859571457
20.496999740600586,0.002139999996870756,0.04719109460711479,-0.04588000103831291
20.503000259399414,-0.00011800000356743112,0.04420096427202225,-0.04566999897360802
20.509000778198242,-0.0010400000028312206,0.040505874902009964,-0.04628000035881996
20.514999389648438,0.0028299998957663774,0.03662437945604324,-0.04780999943614006
20.520999908447266,0.004879999905824661,0.032706569880247116,-0.05040999874472618
20.527000427246094,0.002300000051036477,0.029076598584651947,-0.05412000045180321
20.533000946044922,0.0010999999940395355,0.02663874439895153,-0.05889999866485596
20.538999557495117,0.0022100000642240047,0.02782294526696205,-0.06464000046253204
20.545000076293945,0.0010300000431016088,0.03284347429871559,-0.07103999704122543
20.551000595092773,0.0010300000431016088,0.03860941901803017,-0.07788000255823135
20.55699920654297,0.00546000013127923,0.04245855659246445,-0.0848499983549118
20.562999725341797,0.008410000242292881,0.04342597723007202,-0.0916299968957901
20.569000244140625,0.007470000069588423,0.04293805733323097,-0.09788999706506729
20.575000762939453,0.0062500000931322575,0.043015412986278534,-0.10322000086307526
20.58099937438965,0.006049999967217445,0.04370187222957611,-0.10739000141620636
20.586999893188477,0.005239999853074551,0.04204995185136795,-0.11020000278949738
20.593000411987305,0.0017999999690800905,0.03820231556892395,-0.11156000196933746
20.599000930786133,-0.0014799999771639705,0.03384925425052643,-0.11148999631404877
20.604999542236328,-9.719999798107892e-05,0.032116953283548355,-0.1099499985575676
20.611000061035156,0.0030400000978261232,0.03395469859242439,-0.10718999803066254
20.617000579833984,0.004809999838471413,0.03687385097146034,-0.10347999632358551
20.62299919128418,0.0071000000461936,0.03801818564534187,-0.09915000200271606
20.628999710083008,0.00824000034481287,0.03710746020078659,-0.09465999901294708
20.635000228881836,0.00535999983549118,0.03710280731320381,-0.0903099998831749
20.641000747680664,0.0024900001008063555,0.03942115604877472,-0.08656000345945358
20.64699935913086,0.005450000055134296,0.04075181856751442,-0.08376999944448471
20.652999877929688,0.010169999673962593,0.03965983912348747,-0.08225999772548676
20.659000396728516,0.006670000031590462,0.03869818523526192,-0.08229999989271164
20.665000915527344,-0.0019399999873712659,0.04219689220190048,-0.08395999670028687
20.67099952697754,-0.00394000019878149,0.04959038272500038,-0.08728999644517899
20.677000045776367,-0.00021399999968707561,0.054924529045820236,-0.0922200009226799
20.683000564575195,0.0022299999836832285,0.053637802600860596,-0.098580002784729
20.68899917602539,0.0027000000700354576,0.04980448633432388,-0.10610999912023544
20.69499969482422,0.0012199999764561653,0.04705201834440231,-0.11444000154733658
20.701000213623047,-0.000582000007852912,0.046511031687259674,-0.12318000197410583
20.707000732421875,0.0014400000218302011,0.04538940265774727,-0.13197000324726105
20.71299934387207,0.005160000175237656,0.040156830102205276,-0.14041000604629517
20.7189998626709,0.004019999876618385,0.03294557332992554,-0.14809000492095947
20.725000381469727,-0.0017999999690800905,0.026572734117507935,-0.15467999875545502
20.731000900268555,-0.0044200001284480095,0.02025369368493557,-0.15994000434875488
20.73699951171875,-0.0022799998987466097,0.010962960310280323,-0.16372999548912048
20.743000030517578,-0.0022700000554323196,-0.003036083187907934,-0.16594000160694122
20.749000549316406,-0.0022499999031424522,-0.017367737367749214,-0.16655999422073364
20.7549991607666,0.002300000051036477,-0.02446051873266697,-0.16562999784946442
20.76099967956543,0.0011599999852478504,-0.021129092201590538,-0.16333000361919403
20.767000198364258,-0.008310000412166119,-0.009629079140722752,-0.1598699986934662
20.773000717163086,-0.010280000045895576,0.0066068051382899284,-0.1554899960756302
20.77899932861328,-0.001879999996162951,0.022992394864559174,-0.1504800021648407
20.78499984741211,0.0025100000202655792,0.03533196821808815,-0.14503000676631927
20.791000366210938,2.13999992411118e-05,0.04264634847640991,-0.1394599974155426
20.797000885009766,-0.0006050000083632767,0.04813360422849655,-0.13402999937534332
20.80299949645996,0.00039000000106170774,0.055542465299367905,-0.128930002450943
20.80900001525879,-0.000775999971665442,0.06297049671411514,-0.1244100034236908
20.815000534057617,0.0014600000577047467,0.06552893668413162,-0.12054000049829483
20.820999145507812,0.006539999973028898,0.06271062046289444,-0.11747000366449356
20.82699966430664,0.004189999774098396,0.059624671936035156,-0.11529000103473663
20.83300018310547,-0.0012499999720603228,0.05961139500141144,-0.1140500009059906
20.839000701904297,-0.0003150000120513141,0.062345318496227264,-0.11383000016212463
20.844999313354492,0.00072900002123788,0.06868506968021393,-0.11458999663591385
20.85099983215332,0.0004769999941345304,0.08191586285829544,-0.11633999645709991
20.85700035095215,0.006029999814927578,0.10420195758342743,-0.11905000358819962
20.863000869750977,0.00887999963015318,0.11607170104980469,-0.12268000096082687
20.868999481201172,-0.0009159999899566174,0.0640360489487648,-0.1271599978208542
20.875,-0.013609999790787697,-0.09297914057970047,-0.13242000341415405
20.881000518798828,-0.01955999992787838,-0.31217068433761597,-0.13830000162124634
20.886999130249023,-0.0228899996727705,-0.4589965343475342,-0.14464999735355377
20.89299964904785,-0.023150000721216202,-0.42383286356925964,-0.15129999816417694
20.89900016784668,-0.01221999991685152,-0.23924024403095245,-0.15800000727176666
20.905000686645508,0.0025100000202655792,-0.0440223254263401,-0.1645199954509735
20.910999298095703,0.004569999873638153,0.0581381693482399,-0.17059999704360962
20.91699981689453,-0.0016199999954551458,0.07115576416254044,-0.17597000300884247
20.92300033569336,-0.0016499999910593033,0.05410255864262581,-0.1803700029850006
20.929000854492188,0.0032599999103695154,0.0414745956659317,-0.18352000415325165
20.934999465942383,0.005799999926239252,0.034659553319215775,-0.18524999916553497
20.94099998474121,0.004209999926388264,0.031995173543691635,-0.18543000519275665
20.94700050354004,0.00025599999935366213,0.03426545113325119,-0.18400999903678894
20.952999114990234,-0.0010400000028312206,0.03856479749083519,-0.18097999691963196
20.958999633789062,0.0023799999617040157,0.04068513959646225,-0.17642000317573547
20.96500015258789,0.0067900000140070915,0.04113193601369858,-0.1704999953508377
20.97100067138672,0.008460000157356262,0.04151935130357742,-0.16353000700473785
20.976999282836914,0.005669999867677689,0.040999677032232285,-0.1558299958705902
20.982999801635742,0.0006179999909363687,0.04013669490814209,-0.14776000380516052
20.98900032043457,-0.001829999964684248,0.040985800325870514,-0.13968999683856964
20.9950008392334,2.409999979136046e-05,0.0427946038544178,-0.1320199966430664
21.000999450683594,0.0039900001138448715,0.04015616327524185,-0.12512999773025513
21.006999969482422,0.005059999879449606,0.030728142708539963,-0.11931999772787094
21.01300048828125,0.0010999999940395355,0.020482830703258514,-0.11482000350952148
21.018999099731445,-0.0021299999207258224,0.017320778220891953,-0.11176999658346176
21.024999618530273,8.740000339457765e-05,0.01914474554359913,-0.11025000363588333
21.0310001373291,0.00622999994084239,0.016730541363358498,-0.11017999798059464
21.03700065612793,0.01104000024497509,0.005239164922386408,-0.11140000075101852
21.042999267578125,0.0076500000432133675,-0.009717265143990517,-0.11371000111103058
21.048999786376953,-0.0012199999764561653,-0.01943330280482769,-0.11677999794483185
21.05500030517578,-0.0035600000992417336,-0.023919804021716118,-0.12037000060081482
21.06100082397461,0.0012400000123307109,-0.032385122030973434,-0.12408000230789185
21.066999435424805,0.002529999939724803,-0.05188015103340149,-0.12759999930858612
21.072999954223633,-0.00171999994199723,-0.07916763424873352,-0.1306300014257431
21.07900047302246,-0.0033100000582635403,-0.10560198128223419,-0.13289999961853027
21.084999084472656,-0.0002530000056140125,-0.1258285492658615,-0.13436000049114227
21.090999603271484,-0.001129999989643693,-0.13884824514389038,-0.13490000367164612
21.097000122070312,-0.007300000172108412,-0.14768637716770172,-0.13449999690055847
21.10300064086914,-0.00937000010162592,-0.15460506081581116,-0.1332399994134903
21.108999252319336,-0.007400000002235174,-0.15640124678611755,-0.1311500072479248
21.114999771118164,-0.0083600003272295,-0.1509871780872345,-0.1285499930381775
21.121000289916992,-0.009929999709129333,-0.13998697698116302,-0.12559999525547028
21.12700080871582,-0.008059999905526638,-0.12803232669830322,-0.12246000021696091
21.132999420166016,-0.005489999894052744,-0.1164582371711731,-0.11929000169038773
21.138999938964844,-0.005319999996572733,-0.10650258511304855,-0.11612000316381454
21.145000457763672,-0.0058200000785291195,-0.0970795601606369,-0.11314000189304352
21.150999069213867,-0.003100000089034438,-0.08748529106378555,-0.11034999787807465
21.156999588012695,0.0003239999932702631,-0.07358459383249283,-0.10769999772310257
21.163000106811523,-0.00018600000475998968,-0.05242732912302017,-0.1050800010561943
21.16900062561035,-0.0005810000002384186,-0.02648669108748436,-0.10226000100374222
21.174999237060547,0.0016700000269338489,-0.003882999299094081,-0.09921000152826309
21.180999755859375,0.0006750000175088644,0.010419188998639584,-0.09577000141143799
21.187000274658203,-0.003759999992325902,0.02102242037653923,-0.09181000292301178
21.19300079345703,-0.004009999800473452,0.03094622492790222,-0.08720000088214874
21.198999404907227,0.0009420000133104622,0.03982873260974884,-0.08179999887943268
21.204999923706055,0.002400000113993883,0.043959300965070724,-0.07576999813318253
21.211000442504883,-0.002240000059828162,0.04546615481376648,-0.06915999948978424
21.216999053955078,-0.003379999892786145,0.046028491109609604,-0.06207999959588051
21.222999572753906,0.0009299999801442027,0.04473283514380455,-0.05469999834895134
21.229000091552734,0.0019199999514967203,0.04149262234568596,-0.04715000092983246
21.235000610351562,0.000775999971665442,0.03760908916592598,-0.03985000029206276
21.240999221801758,0.00279999990016222,0.03702839836478233,-0.03294999897480011
21.246999740600586,0.003700000001117587,0.04146227613091469,-0.02662999927997589
21.253000259399414,0.0011599999852478504,0.04778129234910011,-0.021040000021457672
21.259000778198242,-0.00072900002123788,0.052321676164865494,-0.016189999878406525
21.264999389648438,-0.0003640000068116933,0.054719340056180954,-0.012319999746978283
21.270999908447266,0.0017500000540167093,0.05536896735429764,-0.009259999729692936
21.277000427246094,0.00558000011369586,0.053010012954473495,-0.006889999844133854
21.283000946044922,0.00853000022470951,0.049093153327703476,-0.0050200000405311584
21.288999557495117,0.004900000058114529,0.045820921659469604,-0.003379999892786145
21.295000076293945,-0.0037499999161809683,0.04684145003557205,-0.0019000000320374966
21.301000595092773,-0.006130000110715628,0.05117608979344368,-0.00023999999393709004
21.30699920654297,-0.0005540000274777412,0.05334840714931488,0.0018400000408291817
21.312999725341797,0.002369999885559082,0.048814889043569565,0.004509999882429838
21.319000244140625,7.79999973019585e-05,0.04111200571060181,0.00795000046491623
21.325000762939453,-0.00215999991632998,0.0365537665784359,0.012029999867081642
21.33099937438965,-0.002309999894350767,0.03749355673789978,0.01680999994277954
21.336999893188477,-0.0010300000431016088,0.04043782502412796,0.022210000082850456
21.343000411987305,-0.0003169999981764704,0.04031641408801079,0.028060000389814377
21.349000930786133,-0.0003150000120513141,0.038333211094141006,0.03415000066161156
21.354999542236328,0.0005280000041238964,0.03780157491564751,0.04010000079870224
21.361000061035156,0.0006890000076964498,0.040147386491298676,0.04571999981999397
21.367000579833984,0.0007399999885819852,0.04232615604996681,0.05081000179052353
21.37299919128418,0.00418000016361475,0.04149371385574341,0.0551300011575222
21.378999710083008,0.0083600003272295,0.038019195199012756,0.05852999910712242
21.385000228881836,0.006920000072568655,0.03538326174020767,0.060839999467134476
21.391000747680664,0.00012799999967683107,0.036643870174884796,0.06210999935865402
21.39699935913086,-0.003869999898597598,0.040509335696697235,0.06244000047445297
21.402999877929688,-0.00043799998820759356,0.04333791509270668,0.06196000054478645
21.409000396728516,0.0042500002309679985,0.043675120919942856,0.06080999970436096
21.415000915527344,0.005679999943822622,0.04274638742208481,0.05920000001788139
21.42099952697754,0.006029999814927578,0.04126685485243797,0.05741000175476074
21.427000045776367,0.004449999891221523,0.03808952122926712,0.05570000037550926
21.433000564575195,0.001230000052601099,0.032026924192905426,0.054260000586509705
21.43899917602539,0.0009369999752379954,0.025488607585430145,0.0532200001180172
21.44499969482422,0.00343999988399446,0.023773258551955223,0.05265999957919121
21.451000213623047,0.004339999984949827,0.029258934780955315,0.05262000113725662
21.457000732421875,-0.00028700000257231295,0.037050578743219376,0.05305999889969826
21.46299934387207,-0.00860000029206276,0.04033370688557625,0.05386999994516373
21.4689998626709,-0.009689999744296074,0.033795736730098724,0.05488999933004379
21.475000381469727,0.0005000000237487257,0.021304255351424217,0.0558600015938282
21.481000900268555,0.00901000015437603,0.007333043497055769,0.056609999388456345
21.48699951171875,0.004819999914616346,-0.004381102509796619,0.056940000504255295
21.493000030517578,-0.005779999773949385,-0.01292086485773325,0.05666999891400337
21.499000549316406,-0.010200000368058681,-0.014920353889465332,0.055709999054670334
21.5049991607666,-0.007499999832361937,-0.009952451102435589,0.05398000031709671
21.51099967956543,-0.00471000000834465,0.001826956868171692,0.05152999982237816
21.517000198364258,-0.003000000026077032,0.017314620316028595,0.04845999926328659
21.523000717163086,-0.00215000007301569,0.033334873616695404,0.04495999962091446
21.52899932861328,-0.003329999977722764,0.046341098845005035,0.041269998997449875
21.53499984741211,-0.002580000087618828,0.05386919528245926,0.037689998745918274
21.541000366210938,9.449999924981967e-05,0.05736101418733597,0.03449000045657158
21.547000885009766,-5.310000051395036e-05,0.059278372675180435,0.03195999935269356
21.55299949645996,0.0007960000075399876,0.06096577271819115,0.030330000445246696
21.55900001525879,0.004910000134259462,0.05848677456378937,0.029789999127388
21.565000534057617,0.0041600000113248825,0.052193958312273026,0.030489999800920486
21.570999145507812,-0.0025599999353289604,0.04885757714509964,0.03240999951958656
21.57699966430664,-0.004670000169426203,0.054425470530986786,0.03547000139951706
21.58300018310547,0.0017000000225380063,0.06547445058822632,0.03951000049710274
21.589000701904297,0.007160000037401915,0.07466282695531845,0.044280000030994415
21.594999313354492,0.006260000169277191,0.07847142219543457,0.049469999969005585
21.60099983215332,0.006169999949634075,0.0822068452835083,0.05473000183701515
21.60700035095215,0.009379999712109566,0.07565281540155411,0.059709999710321426
21.613000869750977,0.00875999964773655,0.018915671855211258,0.06406000256538391
21.618999481201172,0.0022700000554323196,-0.12934942543506622,0.06746000051498413
21.625,-0.005919999908655882,-0.32685235142707825,0.06968999654054642
21.631000518798828,-0.011020000092685223,-0.45299020409584045,0.07058999687433243
21.636999130249023,-0.010040000081062317,-0.4129883944988251,0.07011000066995621
21.64299964904785,-0.005590000189840794,-0.24136686325073242,0.06830000132322311
21.64900016784668,-0.00013800000306218863,-0.06359685957431793,0.06525000184774399
21.655000686645508,0.005470000207424164,0.02738512121140957,0.06120000034570694
21.660999298095703,0.006130000110715628,0.046076759696006775,0.05640999972820282
21.66699981689453,0.0016299999551847577,0.0437038280069828,0.05119999870657921
21.67300033569336,0.0005259999888949096,0.04533625766634941,0.045889999717473984
21.679000854492188,0.005520000122487545,0.04498601704835892,0.0408100001513958
21.684999465942383,0.010110000148415565,0.04116445779800415,0.03623000159859657
21.69099998474121,0.009150000289082527,0.037973590195178986,0.03240000084042549
21.69700050354004,0.005049999803304672,0.03759247437119484,0.029479999095201492
21.702999114990234,0.0028800000436604023,0.03798970207571983,0.027559999376535416
21.708999633789062,0.00279999990016222,0.0400928296148777,0.02669999934732914
21.71500015258789,0.002950000111013651,0.043459657579660416,0.026820000261068344
21.72100067138672,0.003220000071451068,0.04554956778883934,0.02782999910414219
21.726999282836914,0.004410000052303076,0.0442274734377861,0.029559999704360962
21.732999801635742,0.0074800001457333565,0.039883073419332504,0.0318400003015995
21.73900032043457,0.007209999952465296,0.031987134367227554,0.03448000177741051
21.7450008392334,-0.0004729999927803874,0.02170547842979431,0.037300001829862595
21.750999450683594,-0.0035699999425560236,0.01088698860257864,0.04010999947786331
21.756999969482422,0.004170000087469816,0.0021664262749254704,0.04276999831199646
21.76300048828125,0.005960000213235617,-0.003349248319864273,0.0451899990439415
21.768999099731445,-0.004189999774098396,-0.00812506303191185,0.04729999974370003
21.774999618530273,-0.007910000160336494,-0.012612604536116123,0.04910000041127205
21.7810001373291,0.0006750000175088644,-0.018376687541604042,0.05059000104665756
21.78700065612793,0.004809999838471413,-0.02515731006860733,0.05180000141263008
21.792999267578125,-0.0013500000350177288,-0.03435773774981499,0.05279000103473663
21.798999786376953,-0.005379999987781048,-0.04739934206008911,0.053630001842975616
21.80500030517578,-0.005539999809116125,-0.06651689857244492,0.05437000095844269
21.81100082397461,-0.008899999782443047,-0.0885024219751358,0.05503999814391136
21.816999435424805,-0.008539999835193157,-0.11210548877716064,0.05567999929189682
21.822999954223633,-0.0014700000174343586,-0.13451994955539703,0.056279998272657394
21.82900047302246,-0.0013800000306218863,-0.15405721962451935,0.05682000145316124
21.834999084472656,-0.009340000338852406,-0.16648568212985992,0.05724000185728073
21.840999603271484,-0.012350000441074371,-0.17260219156742096,0.057509999722242355
21.847000122070312,-0.009410000406205654,-0.1773298978805542,0.05756999924778938
21.85300064086914,-0.007369999773800373,-0.18682700395584106,0.05736999958753586
21.858999252319336,-0.006969999987632036,-0.19893178343772888,0.05688999965786934
21.864999771118164,-0.006180000025779009,-0.20530445873737335,0.05607999861240387
21.871000289916992,-0.004889999981969595,-0.20047026872634888,0.054979998618364334
21.87700080871582,-0.004449999891221523,-0.18326428532600403,0.05364999920129776
21.882999420166016,-0.006049999967217445,-0.15873582661151886,0.05215999856591225
21.888999938964844,-0.009580000303685665,-0.1338597536087036,0.050609998404979706
21.895000457763672,-0.01095999963581562,-0.11055931448936462,0.04913000017404556
21.900999069213867,-0.006750000175088644,-0.08593500405550003,0.04786999896168709
21.906999588012695,-0.0032999999821186066,-0.05781121179461479,0.046959999948740005
21.913000106811523,-0.00494999997317791,-0.02965542860329151,0.04651999846100807
21.91900062561035,-0.003329999977722764,-0.00535529013723135,0.046620000153779984
21.924999237060547,0.0036899999249726534,0.013857781887054443,0.047359999269247055
21.930999755859375,0.00750999990850687,0.029002374038100243,0.04873000085353851
21.937000274658203,0.006320000160485506,0.03852992132306099,0.05071000009775162
21.94300079345703,0.003379999892786145,0.04274928942322731,0.053199999034404755
21.948999404907227,0.0006730000022798777,0.043685831129550934,0.05603000149130821
21.954999923706055,0.0014100000262260437,0.043237801641225815,0.059039998799562454
21.961000442504883,0.004739999771118164,0.04234539717435837,0.06199999898672104
21.966999053955078,0.004410000052303076,0.04035929962992668,0.06470999866724014
21.972999572753906,-0.0007239999831654131,0.03923138603568077,0.06689999997615814
21.979000091552734,-0.0023799999617040157,0.03901500999927521,0.06831999868154526
21.985000610351562,0.003530000103637576,0.0382084883749485,0.06880000233650208
21.990999221801758,0.0065100002102553844,0.036398500204086304,0.0681999996304512
21.996999740600586,0.0007660000119358301,0.03515128046274185,0.066430002450943
22.003000259399414,-0.0025100000202655792,0.03522820025682449,0.06346999853849411
22.009000778198242,0.0024999999441206455,0.03644334524869919,0.05936000123620033
22.014999389648438,0.007819999940693378,0.03758174180984497,0.054249998182058334
22.020999908447266,0.00795000046491623,0.04100223630666733,0.04831999912858009
22.027000427246094,0.004540000110864639,0.04680222272872925,0.04180999845266342
22.033000946044922,0.0022899999748915434,0.052147913724184036,0.035029999911785126
22.038999557495117,0.003860000055283308,0.053208332508802414,0.028289999812841415
22.045000076293945,0.005950000137090683,0.05145004764199257,0.021929999813437462
22.051000595092773,0.005439999978989363,0.04988007992506027,0.016249999403953552
22.05699920654297,0.0031300000846385956,0.050440892577171326,0.011490000411868095
22.062999725341797,0.0006270000012591481,0.052573591470718384,0.007890000008046627
22.069000244140625,-0.0005310000269673765,0.05542496219277382,0.005630000028759241
22.075000762939453,0.00107999995816499,0.056268416345119476,0.0047900001518428326
22.08099937438965,0.005960000213235617,0.052409928292036057,0.005350000225007534
22.086999893188477,0.009050000458955765,0.04280221834778786,0.0072200000286102295
22.093000411987305,0.004139999859035015,0.03263087943196297,0.01027000043541193
22.099000930786133,-0.0015999999595806003,0.026995422318577766,0.01432000007480383
22.104999542236328,0.0002690000110305846,0.028147833421826363,0.019109999760985374
22.111000061035156,0.0021299999207258224,0.03429082781076431,0.0243500005453825
22.117000579833984,0.0007510000141337514,0.04110662639141083,0.0297200009226799
22.12299919128418,0.004399999976158142,0.04462297633290291,0.0349700003862381
22.128999710083008,0.009039999917149544,0.04316475987434387,0.03985000029206276
22.135000228881836,0.004900000058114529,0.03999340534210205,0.04416999965906143
22.141000747680664,-0.001290000043809414,0.04106748849153519,0.04774999991059303
22.14699935913086,0.00036299999919719994,0.04654975235462189,0.05050000175833702
22.152999877929688,0.004170000087469816,0.05113525688648224,0.052390001714229584
22.159000396728516,0.00343999988399446,0.04962024837732315,0.05344000086188316
22.165000915527344,0.004509999882429838,0.042950570583343506,0.0537399984896183
22.17099952697754,0.008870000019669533,0.03721160069108009,0.05341999977827072
22.177000045776367,0.00800000037997961,0.035632289946079254,0.052629999816417694
22.183000564575195,0.004370000213384628,0.034684065729379654,0.05153999850153923
22.18899917602539,0.004379999823868275,0.030959896743297577,0.050289999693632126
22.19499969482422,0.002689999993890524,0.025119204074144363,0.04901999980211258
22.201000213623047,-0.0014199999859556556,0.021991565823554993,0.04786999896168709
22.207000732421875,-0.0010400000028312206,0.02482699044048786,0.04690999910235405
22.21299934387207,0.002139999996870756,0.028095271438360214,0.04617999866604805
22.2189998626709,0.002839999971911311,0.026613883674144745,0.04568000137805939
22.225000381469727,0.0008149999775923789,0.02152683585882187,0.04532000049948692
22.231000900268555,-0.00171999994199723,0.015477568842470646,0.04506000131368637
22.23699951171875,-0.0015800000401213765,0.0083686001598835,0.04479999840259552
22.243000030517578,0.0009950000094249845,-0.0028620425146073103,0.044440001249313354
22.249000549316406,0.00047900000936351717,-0.01597701385617256,0.04390000179409981
22.2549991607666,-0.005160000175237656,-0.02167917974293232,0.043069999665021896
22.26099967956543,-0.007470000069588423,-0.013403983786702156,0.041919998824596405
22.267000198364258,0.0003659999929368496,0.004137290641665459,0.040449999272823334
22.273000717163086,0.007410000078380108,0.022145602852106094,0.03871000185608864
22.27899932861328,0.002839999971911311,0.03459469974040985,0.03677999973297119
22.28499984741211,-0.002400000113993883,0.041248422116041183,0.034779999405145645
22.291000366210938,0.00092299998505041,0.04304998368024826,0.03288000077009201
22.297000885009766,0.0034099998883903027,0.04182315990328789,0.031230000779032707
22.30299949645996,0.000598000013269484,0.039028871804475784,0.03002000041306019
22.30900001525879,0.00023200000578071922,0.03702728450298309,0.029400000348687172
22.315000534057617,0.003599999938160181,0.037417199462652206,0.029519999399781227
22.320999145507812,0.0036100000143051147,0.042665738612413406,0.03043000027537346
22.32699966430664,0.00018899999849963933,0.05178443714976311,0.03215999901294708
22.33300018310547,0.0011599999852478504,0.06148349121212959,0.03466999903321266
22.339000701904297,0.005319999996572733,0.06885088980197906,0.03784000128507614
22.344999313354492,0.00506999995559454,0.07611367106437683,0.04148999974131584
22.35099983215332,0.0039900001138448715,0.0917453020811081,0.04538000002503395
22.35700035095215,0.006769999861717224,0.11225894093513489,0.049229998141527176
22.363000869750977,0.007329999934881926,0.09967344999313354,0.05276999995112419
22.368999481201172,0.0015200000489130616,-0.008732828311622143,0.05573999881744385
22.375,-0.008910000324249268,-0.2206440418958664,0.05784999951720238
22.381000518798828,-0.0200399998575449,-0.42879518866539,0.05889999866485596
22.386999130249023,-0.02312999963760376,-0.4850460886955261,0.05875999853014946
22.39299964904785,-0.012810000218451023,-0.3519105911254883,0.05741000175476074
22.39900016784668,0.002950000111013651,-0.13849052786827087,0.05494000017642975
22.405000686645508,0.01063000038266182,0.015850795432925224,0.05147000029683113
22.410999298095703,0.00750999990850687,0.07055450975894928,0.047269999980926514
22.41699981689453,0.0034000000450760126,0.07132615894079208,0.04267000034451485
22.42300033569336,0.003530000103637576,0.06776293367147446,0.03804999962449074
22.429000854492188,0.003809999907389283,0.06777578592300415,0.03384000062942505
22.434999465942383,0.0025500000920146704,0.06416086852550507,0.03044000081717968
22.44099998474121,0.00035200000274926424,0.05651245266199112,0.028230000287294388
22.44700050354004,-0.0020600000862032175,0.05026547238230705,0.02751000039279461
22.452999114990234,-0.0017500000540167093,0.046484775841236115,0.02848000079393387
22.458999633789062,0.0005239999736659229,0.0442313514649868,0.031199999153614044
22.46500015258789,0.0015399999683722854,0.041511666029691696,0.03564999997615814
22.47100067138672,0.0011500000255182385,0.038714054971933365,0.04163999855518341
22.476999282836914,-0.0010600000387057662,0.03655450791120529,0.04887000098824501
22.482999801635742,-0.004040000028908253,0.033160626888275146,0.056940000504255295
22.48900032043457,-0.003969999961555004,0.023423602804541588,0.06530000269412994
22.4950008392334,-0.00046099998871795833,0.009258965030312538,0.07340999692678452
22.500999450683594,0.003019999945536256,0.000526220363099128,0.08072999864816666
22.506999969482422,0.003640000009909272,0.004921300336718559,0.08675999939441681
22.51300048828125,0.0035600000992417336,0.01660352200269699,0.0910400003194809
22.518999099731445,0.00558000011369586,0.018953444436192513,0.09317000210285187
22.524999618530273,0.0034799999557435513,-0.0018161108018830419,0.0929500013589859
22.5310001373291,-0.006949999835342169,-0.03807383030653,0.09032999724149704
22.53700065612793,-0.015429999679327011,-0.06928392499685287,0.08541999757289886
22.542999267578125,-0.01355000026524067,-0.08333024382591248,0.07842999696731567
22.548999786376953,-0.006810000166296959,-0.08541544526815414,0.06972000002861023
22.55500030517578,-0.003590000094845891,-0.08758193254470825,0.059790000319480896
22.56100082397461,-0.004050000105053186,-0.09396140277385712,0.049219999462366104
22.566999435424805,-0.0032599999103695154,-0.10326310247182846,0.03858000040054321
22.572999954223633,-0.002859999891370535,-0.113522008061409,0.028449999168515205
22.57900047302246,-0.007269999943673611,-0.12432562559843063,0.01939000003039837
22.584999084472656,-0.01133000012487173,-0.13319116830825806,0.011839999817311764
22.590999603271484,-0.010320000350475311,-0.1426210105419159,0.006140000186860561
22.597000122070312,-0.00892999954521656,-0.1556732952594757,0.0024800000246614218
22.60300064086914,-0.009440000168979168,-0.1703263521194458,0.0009180000051856041
22.608999252319336,-0.008139999583363533,-0.17929810285568237,0.0014299999456852674
22.614999771118164,-0.005119999870657921,-0.1782931387424469,0.0037899999879300594
22.621000289916992,-0.006639999803155661,-0.1714143455028534,0.007639999967068434
22.62700080871582,-0.01363999955356121,-0.16366256773471832,0.012600000016391277
22.632999420166016,-0.015359999611973763,-0.15460263192653656,0.018239999189972878
22.638999938964844,-0.008129999972879887,-0.14124669134616852,0.02418000064790249
22.645000457763672,-0.0034000000450760126,-0.12333674728870392,0.029999999329447746
22.650999069213867,-0.005489999894052744,-0.1050201803445816,0.03530000150203705
22.656999588012695,-0.007590000052005053,-0.0860666036605835,0.03982999920845032
22.663000106811523,-0.007180000189691782,-0.06593199074268341,0.04343000054359436
22.66900062561035,-0.005119999870657921,-0.04369448870420456,0.04605000093579292
22.674999237060547,-0.0022899999748915434,-0.0234803706407547,0.047770000994205475
22.680999755859375,-0.0015899999998509884,-0.006556924432516098,0.04868999868631363
22.687000274658203,-0.003470000112429261,0.008141723461449146,0.04899999871850014
22.69300079345703,-0.003280000062659383,0.024355772882699966,0.04895000159740448
22.698999404907227,0.0006769999745301902,0.03910255432128906,0.04879999905824661
22.704999923706055,0.0013200000394135714,0.04813721403479576,0.04881000146269798
22.711000442504883,-0.002319999970495701,0.04893530160188675,0.04918999969959259
22.716999053955078,0.0021200000774115324,0.045437008142471313,0.0500900000333786
22.722999572753906,0.01283000037074089,0.042258121073246,0.051569998264312744
22.729000091552734,0.01193000003695488,0.04178845137357712,0.05358999967575073
22.735000610351562,0.0024500000290572643,0.04018893837928772,0.056040000170469284
22.740999221801758,0.0008229999803006649,0.035823773592710495,0.0587799996137619
22.746999740600586,0.0024900001008063555,0.032171495258808136,0.06159000098705292
22.753000259399414,-0.00267999991774559,0.03537747636437416,0.06419000029563904
22.759000778198242,-0.005659999791532755,0.04454975202679634,0.0662899985909462
22.764999389648438,0.0016299999551847577,0.0546833835542202,0.06759999692440033
22.770999908447266,0.007340000011026859,0.060101717710494995,0.06796000152826309
22.777000427246094,0.0038999998942017555,0.06020072475075722,0.06723999977111816
22.783000946044922,0.002689999993890524,0.057802144438028336,0.06537000089883804
22.788999557495117,0.006070000119507313,0.053853195160627365,0.0623599998652935
22.795000076293945,0.0037700000684708357,0.05029670521616936,0.05834000185132027
22.801000595092773,0.0015300000086426735,0.04865214601159096,0.05353999882936478
22.80699920654297,0.007540000136941671,0.04736895486712456,0.048250000923871994
22.812999725341797,0.010320000350475311,0.044528067111968994,0.04280000180006027
22.819000244140625,0.0044999998062849045,0.04063835367560387,0.03751000016927719
22.825000762939453,0.003019999945536256,0.03741837665438652,0.03277000039815903
22.83099937438965,0.008999999612569809,0.036259204149246216,0.028869999572634697
22.836999893188477,0.008870000019669533,0.03882000222802162,0.026079999282956123
22.843000411987305,-0.0014100000262260437,0.045256879180669785,0.024539999663829803
22.849000930786133,-0.008440000005066395,0.05079975351691246,0.024299999698996544
22.854999542236328,-0.006010000128298998,0.048019345849752426,0.025359999388456345
22.861000061035156,-0.00203999993391335,0.035464540123939514,0.027559999376535416
22.867000579833984,0.0004189999890513718,0.020592059940099716,0.030640000477433205
22.87299919128418,0.0010499999625608325,0.012183449231088161,0.034290000796318054
22.878999710083008,-0.004139999859035015,0.008868161588907242,0.03815000131726265
22.885000228881836,-0.008990000002086163,0.008976021781563759,0.041850000619888306
22.891000747680664,-0.004149999935179949,0.012545880861580372,0.04500000178813934
22.89699935913086,0.0029800001066178083,0.0207046065479517,0.047279998660087585
22.902999877929688,0.0007910000276751816,0.028608936816453934,0.048409998416900635
22.909000396728516,-0.005030000116676092,0.03305339068174362,0.04820999875664711
22.915000915527344,-0.002859999891370535,0.03358420729637146,0.04667000100016594
22.92099952697754,0.002409999957308173,0.03308562934398651,0.04382000118494034
22.927000045776367,0.0016599999507889152,0.031655341386795044,0.039820000529289246
22.933000564575195,0.0017300000181421638,0.032725777477025986,0.03491000086069107
22.93899917602539,0.005119999870657921,0.03477410599589348,0.02937999926507473
22.94499969482422,0.0012499999720603228,0.03264975547790527,0.02370000071823597
22.951000213623047,-0.0045900000259280205,0.024109240621328354,0.0182499997317791
22.957000732421875,6.669999856967479e-05,0.014425542205572128,0.013419999741017818
22.96299934387207,0.005630000028759241,0.00844446662813425,0.009510000236332417
22.9689998626709,0.0019499999471008778,0.0032594664953649044,0.00674000009894371
22.975000381469727,-0.0016299999551847577,-0.005778437480330467,0.005369999911636114
22.981000900268555,-0.0006840000278316438,-0.015997199341654778,0.005429999902844429
22.98699951171875,-0.0030700000934302807,-0.019149260595440865,0.006850000005215406
22.993000030517578,-0.005140000022947788,-0.016061309725046158,0.009429999627172947
22.999000549316406,0.0016700000269338489,-0.011438070796430111,0.01283000037074089
23.0049991607666,0.00535999983549118,-0.005470326170325279,0.016739999875426292
23.01099967956543,-0.003269999986514449,0.006527131423354149,0.020719999447464943
23.017000198364258,-0.004939999897032976,0.023912617936730385,0.024310000240802765
23.023000717163086,0.008200000040233135,0.041487645357847214,0.027079999446868896
23.02899932861328,0.013330000452697277,0.05190037935972214,0.02858000062406063
23.03499984741211,0.0031500000040978193,0.05417732521891594,0.028540000319480896
23.041000366210938,-0.0049299998208880424,0.05296836420893669,0.02669999934732914
23.047000885009766,-0.004410000052303076,0.05283893644809723,0.022940000519156456
23.05299949645996,-0.002219999907538295,0.05549389496445656,0.01730000041425228
23.05900001525879,-0.0016299999551847577,0.057122450321912766,0.009929999709129333
23.065000534057617,-0.0017000000225380063,0.052791349589824677,0.001129999989643693
23.070999145507812,-0.0016899999463930726,0.04429221153259277,-0.00877000018954277
23.07699966430664,-0.0008740000193938613,0.04041121155023575,-0.01931999996304512
23.08300018310547,0.0008479999960400164,0.0470099113881588,-0.03002000041306019
23.089000701904297,0.000805000017862767,0.06336507201194763,-0.04024000093340874
23.094999313354492,-0.00042799999937415123,0.0868648961186409,-0.04949000105261803
23.10099983215332,0.0034600000362843275,0.11249001324176788,-0.05731000006198883
23.10700035095215,0.010540000163018703,0.10612940788269043,-0.06333000212907791
23.113000869750977,0.009929999709129333,0.009546950459480286,-0.06720999628305435
23.118999481201172,-0.001979999942705035,-0.19038178026676178,-0.06866999715566635
23.125,-0.01776999980211258,-0.4005945920944214,-0.06764999777078629
23.131000518798828,-0.024250000715255737,-0.4721490740776062,-0.06423000246286392
23.136999130249023,-0.014670000411570072,-0.35401228070259094,-0.05860000103712082
23.14299964904785,-0.0002579999854788184,-0.14350122213363647,-0.050999999046325684
23.14900016784668,0.005770000163465738,0.01879606954753399,-0.04170000180602074
23.155000686645508,0.005710000172257423,0.07965527474880219,-0.03116999939084053
23.160999298095703,0.007069999817758799,0.08316273987293243,-0.019920000806450844
23.16699981689453,0.01095999963581562,0.07988020777702332,-0.008410000242292881
23.17300033569336,0.013150000013411045,0.0808759480714798,0.0029200001154094934
23.179000854492188,0.011009999550879002,0.07919330894947052,0.013690000399947166
23.184999465942383,0.007960000075399876,0.07435604929924011,0.023479999974370003
23.19099998474121,0.006339999847114086,0.06781451404094696,0.03198999911546707
23.19700050354004,0.004900000058114529,0.06215435639023781,0.03901999816298485
23.202999114990234,0.004819999914616346,0.057111144065856934,0.044449999928474426
23.208999633789062,0.007170000113546848,0.050692830234766006,0.048330001533031464
23.21500015258789,0.009139999747276306,0.04383988678455353,0.050609998404979706
23.22100067138672,0.006120000034570694,0.038936447352170944,0.0514799989759922
23.226999282836914,-0.0018599999602884054,0.03735174238681793,0.05115000158548355
23.232999801635742,-0.00570000009611249,0.03463950380682945,0.049880001693964005
23.23900032043457,-0.0006890000076964498,0.02715412899851799,0.048009999096393585
23.2450008392334,0.003379999892786145,0.01655167154967785,0.04569999873638153
23.250999450683594,-0.0010900000343099236,0.008720562793314457,0.04335999861359596
23.256999969482422,-0.007149999961256981,0.0045180730521678925,0.041269998997449875
23.26300048828125,-0.004800000227987766,0.0033637075684964657,0.03968000039458275
23.268999099731445,0.002460000105202198,0.0025250117760151625,0.038830000907182693
23.274999618530273,0.0021699999924749136,-0.00046115810982882977,0.038750000298023224
23.2810001373291,-0.002689999993890524,-0.008906811475753784,0.03962000086903572
23.28700065612793,0.0005290000117383897,-0.025762569159269333,0.04149999842047691
23.292999267578125,0.0048699998296797276,-0.052116796374320984,0.044360000640153885
23.298999786376953,-0.00107999995816499,-0.08259491622447968,0.04812999814748764
23.30500030517578,-0.007149999961256981,-0.10870398581027985,0.05260000005364418
23.31100082397461,-0.0039900001138448715,-0.12376691401004791,0.05764999985694885
23.316999435424805,-0.0007539999787695706,-0.12936967611312866,0.06311000138521194
23.322999954223633,-0.003229999914765358,-0.13395683467388153,0.06875000149011612
23.32900047302246,-0.0035800000187009573,-0.14070996642112732,0.0743200033903122
23.334999084472656,-0.0001429999974789098,-0.1441635936498642,0.07954999804496765
23.340999603271484,-0.0019199999514967203,-0.14272010326385498,0.08425000309944153
23.347000122070312,-0.007309999782592058,-0.14163032174110413,0.08823999762535095
23.35300064086914,-0.006850000005215406,-0.14749860763549805,0.09136000275611877
23.358999252319336,-0.00431999983265996,-0.15846174955368042,0.09345000237226486
23.364999771118164,-0.006829999852925539,-0.16693612933158875,0.09442999958992004
23.371000289916992,-0.010329999960958958,-0.16655224561691284,0.09427999705076218
23.37700080871582,-0.009940000250935555,-0.15518176555633545,0.09303999692201614
23.382999420166016,-0.006339999847114086,-0.13502122461795807,0.09077999740839005
23.388999938964844,-0.00343999988399446,-0.11139129847288132,0.08756999671459198
23.395000457763672,-0.0037700000684708357,-0.08868809789419174,0.08357000350952148
23.400999069213867,-0.0036299999337643385,-0.06970149278640747,0.07900000363588333
23.406999588012695,-0.0026100000832229853,-0.052795737981796265,0.07408999651670456
23.413000106811523,-0.0052999998442828655,-0.03555605933070183,0.06903000175952911
23.41900062561035,-0.0065100002102553844,-0.018887227401137352,0.0640299990773201
23.424999237060547,0.0007179999956861138,-0.004988054744899273,0.059300001710653305
23.430999755859375,0.008870000019669533,0.006161267403513193,0.05503999814391136
23.437000274658203,0.008229999803006649,0.01572486013174057,0.05138000100851059
23.44300079345703,0.002240000059828162,0.02549109049141407,0.04843999817967415
23.448999404907227,-0.0004459999909158796,0.035562288016080856,0.04628999903798103
23.454999923706055,0.0012000000569969416,0.04270391911268234,0.0449099987745285
23.461000442504883,0.0045900000259280205,0.0423196479678154,0.044270001351833344
23.466999053955078,0.008449999615550041,0.03457489237189293,0.044280000030994415
23.472999572753906,0.007319999858736992,0.026245249435305595,0.04481999948620796
23.479000091552734,0.0006079999729990959,0.02425508201122284,0.045820001512765884
23.485000610351562,-0.0010300000431016088,0.03020942397415638,0.047109998762607574
23.490999221801758,0.0034799999557435513,0.03747212514281273,0.04851999878883362
23.496999740600586,0.004650000017136335,0.04122752323746681,0.04992000013589859
23.503000259399414,0.003389999968931079,0.041934799402952194,0.05124000087380409
23.509000778198242,0.004350000061094761,0.04296278581023216,0.0524200014770031
23.514999389648438,0.004639999940991402,0.04471803829073906,0.05347999930381775
23.520999908447266,0.0027600000612437725,0.0446527898311615,0.054430000483989716
23.527000427246094,0.0014100000262260437,0.03994477540254593,0.055309999734163284
23.533000946044922,0.0017399999778717756,0.033877961337566376,0.05623000115156174
23.538999557495117,0.002360000042244792,0.03141814097762108,0.05728000029921532
23.545000076293945,0.0032099999953061342,0.03341474384069443,0.058639999479055405
23.551000595092773,0.005849999841302633,0.03627459704875946,0.060419999063014984
23.55699920654297,0.007329999934881926,0.03528169170022011,0.06268999725580215
23.562999725341797,0.004019999876618385,0.031009729951620102,0.06549999862909317
23.569000244140625,-0.00040600000647827983,0.02836422808468342,0.068790003657341
23.575000762939453,-0.0011500000255182385,0.030244130641222,0.07253000140190125
23.58099937438965,0.0018899999558925629,0.03366492688655853,0.07655999809503555
23.586999893188477,0.005090000107884407,0.03479115664958954,0.08071000128984451
23.593000411987305,0.004889999981969595,0.03463691473007202,0.08472000062465668
23.599000930786133,0.005280000157654285,0.03602943196892738,0.08828999847173691
23.604999542236328,0.009239999577403069,0.0397031232714653,0.09104999899864197
23.611000061035156,0.008419999852776527,0.04471687972545624,0.09271000325679779
23.617000579833984,-0.0005130000063218176,0.05026428773999214,0.09300000220537186
23.62299919128418,-0.007420000154525042,0.055848196148872375,0.0917000025510788
23.628999710083008,-0.005609999876469374,0.05900683254003525,0.08876000344753265
23.635000228881836,0.00039500001003034413,0.056462470442056656,0.08402000367641449
23.641000747680664,0.003019999945536256,0.049486979842185974,0.07761000096797943
23.64699935913086,0.000539999979082495,0.04501742869615555,0.06970000267028809
23.652999877929688,-0.003269999986514449,0.044593214988708496,0.06064999848604202
23.659000396728516,-0.004509999882429838,0.045024093240499496,0.05099000036716461
23.665000915527344,-0.0007440000190399587,0.04285241663455963,0.04123000055551529
23.67099952697754,0.003659999929368496,0.03973391279578209,0.03203999996185303
23.677000045776367,0.00033999999868683517,0.037043970078229904,0.024049999192357063
23.683000564575195,-0.005710000172257423,0.036371324211359024,0.01785999909043312
23.68899917602539,-0.002950000111013651,0.03734683245420456,0.014019999653100967
23.69499969482422,0.004699999932199717,0.0398816280066967,0.013269999995827675
23.701000213623047,0.006039999891072512,0.039969757199287415,0.016030000522732735
23.707000732421875,0.00024300000222865492,0.03561435639858246,0.022520000115036964
23.71299934387207,-0.004509999882429838,0.028156647458672523,0.032680001109838486
23.7189998626709,-0.002300000051036477,0.02005850523710251,0.04588000103831291
23.725000381469727,0.002369999885559082,0.012410514988005161,0.06227000057697296
23.731000900268555,0.0020200000144541264,0.0066252294927835464,0.08116000145673752
23.73699951171875,-0.001509999972768128,0.007196139544248581,0.10176999866962433
23.743000030517578,0.00019500000053085387,0.017869101837277412,0.12286999821662903
23.749000549316406,0.00877000018954277,0.034893885254859924,0.14250999689102173
23.7549991607666,0.011710000224411488,0.04895380884408951,0.1601099967956543
23.76099967956543,0.0008140000281855464,0.05744997784495354,0.17425000667572021
23.767000198364258,-0.00880999956279993,0.06178732588887215,0.18366999924182892
23.773000717163086,-0.005030000116676092,0.06145662069320679,0.1869100034236908
23.77899932861328,-0.0005000000237487257,0.05524249002337456,0.18207000195980072
23.78499984741211,-0.0033599999733269215,0.045953042805194855,0.1688700020313263
23.791000366210938,-0.0036299999337643385,0.038480889052152634,0.14659999310970306
23.797000885009766,-0.0003440000000409782,0.03411560133099556,0.11494000256061554
23.80299949645996,-0.004530000034719706,0.030596300959587097,0.07374999672174454
23.80900001525879,-0.011979999952018261,0.02893492393195629,0.02305999957025051
23.815000534057617,-0.007530000060796738,0.03438074141740799,-0.036010000854730606
23.820999145507812,0.0016400000313296914,0.04682733118534088,-0.10239999741315842
23.82699966430664,-0.001879999996162951,0.06810478121042252,-0.17470000684261322
23.83300018310547,-0.007819999940693378,0.08938547223806381,-0.2511399984359741
23.839000701904297,-0.001930000027641654,0.07358777523040771,-0.32945001125335693
23.844999313354492,0.001500000013038516,-0.03657247871160507,-0.40724998712539673
23.85099983215332,-0.007340000011026859,-0.24358966946601868,-0.48245999217033386
23.85700035095215,-0.014670000411570072,-0.44668564200401306,-0.5529199838638306
23.863000869750977,-0.014279999770224094,-0.5033636093139648,-0.6162599921226501
23.868999481201172,-0.012179999612271786,-0.3719349205493927,-0.6697900295257568
23.875,-0.005950000137090683,-0.15534259378910065,-0.7116299867630005
23.881000518798828,0.0063599999994039536,0.00852365791797638,-0.7408599853515625
23.886999130249023,0.011959999799728394,0.06929141283035278,-0.7566699981689453
23.89299964904785,0.005429999902844429,0.06881367415189743,-0.7582399845123291
23.89900016784668,0.0027699999045580626,0.060391031205654144,-0.7448800206184387
23.905000686645508,0.009399999864399433,0.05750168487429619,-0.7169700264930725
23.910999298095703,0.010239999741315842,0.054566461592912674,-0.6761299967765808
23.91699981689453,0.00343000004068017,0.048089660704135895,-0.6239500045776367
23.92300033569336,-0.00023200000578071922,0.04166088253259659,-0.5619999766349792
23.929000854492188,-0.0006290000164881349,0.04045485332608223,-0.49199000000953674
23.934999465942383,0.00028899998869746923,0.044335294514894485,-0.4162999987602234
23.94099998474121,0.004279999993741512,0.04838063567876816,-0.33796000480651855
23.94700050354004,0.005770000163465738,0.047696877270936966,-0.25957998633384705
23.952999114990234,-0.0004820000031031668,0.043778616935014725,-0.18343999981880188
23.958999633789062,-0.005669999867677689,0.03867875039577484,-0.11161000281572342
23.96500015258789,0.0010100000072270632,0.02998567372560501,-0.04627000167965889
23.97100067138672,0.010350000113248825,0.01817239075899124,0.010950000025331974
23.976999282836914,0.00646999990567565,0.009898370131850243,0.0589199997484684
23.982999801635742,-0.0015200000489130616,0.006599326618015766,0.09694000333547592
23.98900032043457,0.0028099999763071537,0.0028017139993608,0.1248600035905838
23.9950008392334,0.008980000391602516,-0.004860823508352041,0.14237000048160553
24.000999450683594,0.002749999985098839,-0.010405683889985085,0.1506499946117401
24.006999969482422,-0.003120000008493662,-0.009594165720045567,0.15083999931812286
24.01300048828125,0.004749999847263098,-0.008094473741948605,0.1441500037908554
24.018999099731445,0.011060000397264957,-0.013941867277026176,0.1321599930524826
24.024999618530273,0.0013500000350177288,-0.0280105359852314,0.11578000336885452
24.0310001373291,-0.0062699997797608376,-0.04540315270423889,0.09741000086069107
24.03700065612793,0.002199999988079071,-0.06464984267950058,0.0787699967622757
24.042999267578125,0.0066200001165270805,-0.08443699777126312,0.061149999499320984
24.048999786376953,-0.0033100000582635403,-0.10500361770391464,0.045740000903606415
24.05500030517578,-0.008249999955296516,-0.12137901037931442,0.032760001718997955
24.06100082397461,-0.0017399999778717756,-0.13157662749290466,0.02339000068604946
24.066999435424805,0.0027000000700354576,-0.13525108993053436,0.018039999529719353
24.072999954223633,0.0007639999967068434,-0.13528549671173096,0.016589999198913574
24.07900047302246,-0.0021100000012665987,-0.1339302510023117,0.018699999898672104
24.084999084472656,-0.0031900000758469105,-0.1360648274421692,0.02338000014424324
24.090999603271484,-0.0014100000262260437,-0.13880160450935364,0.0301900003105402
24.097000122070312,0.002309999894350767,-0.14101561903953552,0.03840000182390213
24.10300064086914,0.0018400000408291817,-0.14112913608551025,0.04715000092983246
24.108999252319336,-0.004279999993741512,-0.13870488107204437,0.05556999891996384
24.114999771118164,-0.0065299998968839645,-0.13414789736270905,0.06283999979496002
24.121000289916992,-0.003710000077262521,-0.12418563663959503,0.06837999820709229
24.12700080871582,-0.005919999908655882,-0.10547666251659393,0.07182999700307846
24.132999420166016,-0.009069999679923058,-0.07639700174331665,0.07299000024795532
24.138999938964844,-0.0030400000978261232,-0.04474925249814987,0.0718500018119812
24.145000457763672,0.004399999976158142,-0.01799466460943222,0.06865999847650528
24.150999069213867,0.0035699999425560236,0.0005282056517899036,0.06368999928236008
24.156999588012695,-0.0016499999910593033,0.014527283608913422,0.05739999935030937
24.163000106811523,-0.004980000201612711,0.02680707350373268,0.05033000186085701
24.16900062561035,-0.0037700000684708357,0.037284091114997864,0.043049998581409454
24.174999237060547,0.0014100000262260437,0.04307001084089279,0.03620000183582306
24.180999755859375,0.00547999981790781,0.046120986342430115,0.030230000615119934
24.187000274658203,0.002520000096410513,0.05006244033575058,0.02549000084400177
24.19300079345703,-0.005419999826699495,0.05630448833107948,0.02225000038743019
24.198999404907227,-0.006639999803155661,0.060470324009656906,0.020659999921917915
24.204999923706055,0.0027799999807029963,0.05826476216316223,0.02070000022649765
24.211000442504883,0.00965999998152256,0.053235821425914764,0.02222999930381775
24.216999053955078,0.00443999981507659,0.05197347700595856,0.02500000037252903
24.222999572753906,-0.00443999981507659,0.055252742022275925,0.028669999912381172
24.229000091552734,-0.003759999992325902,0.05771112069487572,0.03285999968647957
24.235000610351562,0.005419999826699495,0.05390208214521408,0.0371600016951561
24.240999221801758,0.009290000423789024,0.045450907200574875,0.041179999709129333
24.246999740600586,0.004610000178217888,0.038172464817762375,0.04461999982595444
24.253000259399414,0.001129999989643693,0.03672634810209274,0.04723000153899193
24.259000778198242,-0.0002410000015515834,0.0419517420232296,0.04884999990463257
24.264999389648438,-0.0026700000744313,0.049262676388025284,0.04941999912261963
24.270999908447266,-0.0012499999720603228,0.051800549030303955,0.048969998955726624
24.277000427246094,0.0027099999133497477,0.04716021567583084,0.04763000085949898
24.283000946044922,0.00032699998700991273,0.038936469703912735,0.04560000076889992
24.288999557495117,-0.006920000072568655,0.032772764563560486,0.043129999190568924
24.295000076293945,-0.008089999668300152,0.030906179919838905,0.04050999879837036
24.301000595092773,-0.0004879999905824661,0.03224377706646919,0.03801000118255615
24.30699920654297,0.005799999926239252,0.0350855328142643,0.03585999831557274
24.312999725341797,0.004970000125467777,0.03755445033311844,0.03424999862909317
24.319000244140625,0.00267999991774559,0.03782150521874428,0.033309999853372574
24.325000762939453,0.0016899999463930726,0.037574704736471176,0.03311999887228012
24.33099937438965,-5.740000051446259e-05,0.03945580869913101,0.03367000073194504
24.336999893188477,-0.0016499999910593033,0.0434902049601078,0.034860000014305115
24.343000411987305,-0.0023799999617040157,0.04788917303085327,0.036559998989105225
24.349000930786133,-0.0026199999265372753,0.051192086189985275,0.03858000040054321
24.354999542236328,-0.002630000002682209,0.051619209349155426,0.04069000110030174
24.361000061035156,-0.0038300000596791506,0.045683346688747406,0.04270000010728836
24.367000579833984,-0.005690000019967556,0.03510713949799538,0.04441000148653984
24.37299919128418,-0.0064199999906122684,0.027841264382004738,0.0456399992108345
24.378999710083008,-0.004449999891221523,0.03035832569003105,0.04627000167965889
24.385000228881836,0.000653000024612993,0.037780724465847015,0.04623999819159508
24.391000747680664,0.0031999999191612005,0.041531242430210114,0.04554000124335289
24.39699935913086,8.399999933317304e-05,0.037905313074588776,0.04422999918460846
24.402999877929688,-0.0009410000056959689,0.034857600927352905,0.042419999837875366
24.409000396728516,0.003280000062659383,0.03627260401844978,0.04022999852895737
24.415000915527344,0.004660000093281269,0.036096129566431046,0.037870001047849655
24.42099952697754,-0.0010300000431016088,0.025677375495433807,0.035509999841451645
24.427000045776367,-0.0074800001457333565,0.006796277593821287,0.03333999961614609
24.433000564575195,-0.007290000095963478,-0.013252520002424717,0.03149000182747841
24.43899917602539,-0.003329999977722764,-0.029544642195105553,0.030079999938607216
24.44499969482422,-0.003329999977722764,-0.041499510407447815,0.02921999990940094
24.451000213623047,-0.00674000009894371,-0.04642736166715622,0.028920000419020653
24.457000732421875,-0.008290000259876251,-0.03674010559916496,0.02914999984204769
24.46299934387207,-0.004970000125467777,-0.013206906616687775,0.029839999973773956
24.4689998626709,0.0016700000269338489,0.013493548147380352,0.03082999959588051
24.475000381469727,0.0029299999587237835,0.03237058222293854,0.032030001282691956
24.481000900268555,-0.003329999977722764,0.039911601692438126,0.03325999900698662
24.48699951171875,-0.0049600000493228436,0.03871344029903412,0.034359999001026154
24.493000030517578,0.0024300001095980406,0.0370776504278183,0.03517000004649162
24.499000549316406,0.006990000139921904,0.0409805104136467,0.03550000116229057
24.5049991607666,0.001829999964684248,0.05150669813156128,0.03531999886035919
24.51099967956543,-0.004989999812096357,0.06454760581254959,0.03454999998211861
24.517000198364258,-0.005400000140070915,0.07319179177284241,0.03317999839782715
24.523000717163086,-0.0036700000055134296,0.07310204207897186,0.031220000237226486
24.52899932861328,-0.004900000058114529,0.06379684805870056,0.028669999912381172
24.53499984741211,-0.0058200000785291195,0.051349930465221405,0.025699999183416367
24.541000366210938,-0.005109999794512987,0.04513000324368477,0.02239999920129776
24.547000885009766,-0.0035099999513477087,0.05176597461104393,0.018869999796152115
24.55299949645996,0.0003699999942909926,0.07139082998037338,0.01522000040858984
24.55900001525879,0.0022799998987466097,0.09109263122081757,0.011500000022351742
24.565000534057617,-0.001560000004246831,0.06949003040790558,0.007849999703466892
24.570999145507812,-0.007029999978840351,-0.04236564040184021,0.00431999983265996
24.57699966430664,-0.013199999928474426,-0.23678508400917053,0.0008989999769255519
24.58300018310547,-0.02112000063061714,-0.41264310479164124,-0.002409999957308173
24.589000701904297,-0.02287999913096428,-0.44232356548309326,-0.005640000104904175
24.594999313354492,-0.010219999589025974,-0.30452463030815125,-0.008790000341832638
24.60099983215332,0.009499999694526196,-0.10362492501735687,-0.011920000426471233
24.60700035095215,0.01816999912261963,0.0375499427318573,-0.01508999988436699
24.613000869750977,0.011749999597668648,0.08272656053304672,-0.018330000340938568
24.618999481201172,0.005100000184029341,0.0721224918961525,-0.021640000864863396
24.625,0.0067900000140070915,0.05420736223459244,-0.024949999526143074
24.631000518798828,0.011130000464618206,0.04484139010310173,-0.02824000082910061
24.636999130249023,0.012520000338554382,0.042905911803245544,-0.0314599983394146
24.64299964904785,0.010300000198185444,0.04438529536128044,-0.03449999913573265
24.64900016784668,0.006209999788552523,0.04529132321476936,-0.03725000098347664
24.655000686645508,0.0017600000137463212,0.045833561569452286,-0.03951000049710274
24.660999298095703,-0.00107999995816499,0.04760461673140526,-0.04120999947190285
24.66699981689453,0.0011699999449774623,0.04746725410223007,-0.0422700010240078
24.67300033569336,0.0057299998588860035,0.04341433569788933,-0.04259999841451645
24.679000854492188,0.007209999952465296,0.03755723685026169,-0.04219000041484833
24.684999465942383,0.008419999852776527,0.03331863507628441,-0.04095999896526337
24.69099998474121,0.009739999659359455,0.03225270286202431,-0.03903000056743622
24.69700050354004,0.0060800001956522465,0.03196609765291214,-0.03652999922633171
24.702999114990234,0.0020099999383091927,0.028604542836546898,-0.03359999880194664
24.708999633789062,0.004530000034719706,0.021487856283783913,-0.030460000038146973
24.71500015258789,0.008150000125169754,0.010954910889267921,-0.02725999988615513
24.72100067138672,0.0053900000639259815,0.0008195791160687804,-0.02426999993622303
24.726999282836914,0.0004030000127386302,-0.0068639954552054405,-0.021709999069571495
24.732999801635742,-0.00011999999696854502,-0.015081465244293213,-0.019780000671744347
24.73900032043457,0.00014200000441633165,-0.02704688347876072,-0.018689999356865883
24.7450008392334,-0.002839999971911311,-0.04216396063566208,-0.01850000023841858
24.750999450683594,-0.005260000005364418,-0.05655571073293686,-0.019269999116659164
24.756999969482422,-0.007280000019818544,-0.0685688778758049,-0.020999999716877937
24.76300048828125,-0.00989999994635582,-0.07979551702737808,-0.023639999330043793
24.768999099731445,-0.007040000054985285,-0.09182428568601608,-0.027079999446868896
24.774999618530273,-0.0006189999985508621,-0.10684404522180557,-0.031099999323487282
24.7810001373291,0.0007479999912902713,-0.12766854465007782,-0.03545999899506569
24.78700065612793,-0.0014600000577047467,-0.15057575702667236,-0.0399399995803833
24.792999267578125,-0.002630000002682209,-0.1637684553861618,-0.04428999871015549
24.798999786376953,-0.0024399999529123306,-0.15513388812541962,-0.048330001533031464
24.80500030517578,0.00020799999765586108,-0.12521322071552277,-0.05180000141263008
24.81100082397461,0.003869999898597598,-0.09339804202318192,-0.0545400008559227
24.816999435424805,0.0027199999894946814,-0.07909324020147324,-0.056460000574588776
24.822999954223633,-0.003289999905973673,-0.09004242718219757,-0.05754999816417694
24.82900047302246,-0.005330000072717667,-0.11330626904964447,-0.05787999927997589
24.834999084472656,-0.001069999998435378,-0.13188418745994568,-0.05748999863862991
24.840999603271484,-0.00046800001291558146,-0.13593551516532898,-0.05657000094652176
24.847000122070312,-0.004519999958574772,-0.12685039639472961,-0.055330000817775726
24.85300064086914,-0.003269999986514449,-0.10697241872549057,-0.054010000079870224
24.858999252319336,0.0007600000244565308,-0.07831276953220367,-0.05291000008583069
24.864999771118164,0.0003209999995306134,-0.04611000791192055,-0.0522099994122982
24.871000289916992,0.0004199999966658652,-0.01704801432788372,-0.05217000097036362
24.87700080871582,0.0034799999557435513,0.0034603963140398264,-0.052949998527765274
24.882999420166016,0.0027600000612437725,0.01603851281106472,-0.054680000990629196
24.888999938964844,-0.0015999999595806003,0.022392967715859413,-0.05747000128030777
24.895000457763672,-0.0010999999940395355,0.027086438611149788,-0.06119000166654587
24.900999069213867,0.004650000017136335,0.03203905373811722,-0.06577999889850616
24.906999588012695,0.005840000230818987,0.037834133952856064,-0.07107999920845032
24.913000106811523,0.0019399999873712659,0.04193652793765068,-0.0768899992108345
24.91900062561035,0.0021100000012665987,0.04124980792403221,-0.08297999948263168
24.924999237060547,0.004999999888241291,0.03651050478219986,-0.08895000070333481
24.930999755859375,0.005239999853074551,0.03065492771565914,-0.09455999732017517
24.937000274658203,0.0052999998442828655,0.029139935970306396,-0.09952999651432037
24.94300079345703,0.003539999946951866,0.033741544932127,-0.10367000102996826
24.948999404907227,-0.001970000099390745,0.043568339198827744,-0.10685999691486359
24.954999923706055,-0.0021100000012665987,0.053754277527332306,-0.10887999832630157
24.961000442504883,0.005659999791532755,0.060621246695518494,-0.10976000130176544
24.966999053955078,0.007199999876320362,0.060829415917396545,-0.1096000000834465
24.972999572753906,-0.0031300000846385956,0.05657019093632698,-0.10853999853134155
24.979000091552734,-0.008440000005066395,0.05162346363067627,-0.1068900004029274
24.985000610351562,0.0004020000051241368,0.047329895198345184,-0.10482999682426453
24.990999221801758,0.005859999917447567,0.04482335224747658,-0.1027199998497963
24.996999740600586,-0.0016299999551847577,0.04123661294579506,-0.1009100005030632
25.003000259399414,-0.006949999835342169,0.034009020775556564,-0.0997299998998642
25.009000778198242,-0.0031300000846385956,0.018873220309615135,-0.09954000264406204
25.014999389648438,0.0008379999781027436,-0.004527956247329712,-0.10046999901533127
25.020999908447266,0.0009619999909773469,-0.030936988070607185,-0.10272999852895737
25.027000427246094,-0.0005370000144466758,-0.04635078087449074,-0.10640999674797058
25.033000946044922,-0.000742000003810972,-0.043423574417829514,-0.11148999631404877
25.038999557495117,0.0013299999991431832,-0.02494720183312893,-0.11787000298500061
25.045000076293945,0.0010499999625608325,-0.0033697490580379963,-0.1252399981021881
25.051000595092773,-0.004100000020116568,0.008349140174686909,-0.13334999978542328
25.05699920654297,-0.008030000142753124,0.00915487203747034,-0.14187000691890717
25.062999725341797,-0.005510000046342611,0.008040368556976318,-0.150409996509552
25.069000244140625,-0.0009759999811649323,0.01301395520567894,-0.15859000384807587
25.075000762939453,-0.00011300000187475234,0.023967400193214417,-0.16594000160694122
25.08099937438965,0.00042799999937415123,0.034926049411296844,-0.17215999960899353
25.086999893188477,0.0023399998899549246,0.0389954037964344,-0.17699000239372253
25.093000411987305,0.0001849999971454963,0.03482520580291748,-0.18026000261306763
25.099000930786133,-0.0035000001080334187,0.028886545449495316,-0.1818699985742569
25.104999542236328,-0.003100000089034438,0.02586975134909153,-0.18176999688148499
25.111000061035156,-0.001879999996162951,0.027405358850955963,-0.18014000356197357
25.117000579833984,8.35999981063651e-06,0.03226330131292343,-0.17720000445842743
25.12299919128418,0.0043299999088048935,0.03967908397316933,-0.17323000729084015
25.128999710083008,0.004220000002533197,0.04571430757641792,-0.1685899943113327
25.135000228881836,-0.0016599999507889152,0.04821908846497536,-0.16360999643802643
25.141000747680664,-0.004769999999552965,0.04031176120042801,-0.15873999893665314
25.14699935913086,-0.003700000001117587,0.025908924639225006,-0.15435999631881714
25.152999877929688,-0.003949999809265137,0.0072861225344240665,-0.1507900059223175
25.159000396728516,-0.004370000213384628,-0.008551612496376038,-0.14826999604701996
25.165000915527344,-0.0008270000107586384,-0.018804777413606644,-0.14693999290466309
25.17099952697754,0.0010300000431016088,-0.01755681447684765,-0.14691999554634094
25.177000045776367,-0.0045900000259280205,-0.006253610365092754,-0.14817999303340912
25.183000564575195,-0.009359999559819698,0.009980364702641964,-0.15060000121593475
25.18899917602539,-0.007000000216066837,0.0220258217304945,-0.15396000444889069
25.19499969482422,-0.0036700000055134296,0.026304230093955994,-0.1579499989748001
25.201000213623047,-0.0016899999463930726,0.025440752506256104,-0.16224999725818634
25.207000732421875,0.0010600000387057662,0.021204449236392975,-0.16652999818325043
25.21299934387207,0.002090000081807375,0.016649942845106125,-0.1704300045967102
25.2189998626709,-0.0004239999980200082,0.011249275878071785,-0.1736299991607666
25.225000381469727,-0.005429999902844429,0.007596712093800306,-0.17586000263690948
25.231000900268555,-0.009800000116229057,0.005738747771829367,-0.17691999673843384
25.23699951171875,-0.009150000289082527,0.008526223711669445,-0.17669999599456787
25.243000030517578,-0.004459999967366457,0.01577620580792427,-0.17520000040531158
25.249000549316406,-0.000965000013820827,0.026787232607603073,-0.17252999544143677
25.2549991607666,-0.0010400000028312206,0.03663230314850807,-0.16886000335216522
25.26099967956543,-0.0017099999822676182,0.043193038552999496,-0.16446000337600708
25.267000198364258,0.000742000003810972,0.047646258026361465,-0.15963999927043915
25.273000717163086,0.002400000113993883,0.05657047778367996,-0.15474000573158264
25.27899932861328,-0.001129999989643693,0.06907052546739578,-0.15015000104904175
25.28499984741211,-0.003379999892786145,0.08695603907108307,-0.14622999727725983
25.291000366210938,0.0011099999537691474,0.10815931111574173,-0.14329999685287476
25.297000885009766,0.007089999970048666,0.1102495789527893,-0.14159999787807465
25.30299949645996,0.006819999776780605,0.04237906634807587,-0.14125999808311462
25.30900001525879,-0.0031399999279528856,-0.13051718473434448,-0.14233000576496124
25.315000534057617,-0.017319999635219574,-0.349298357963562,-0.1448100060224533
25.320999145507812,-0.024369999766349792,-0.4765835404396057,-0.14855000376701355
25.32699966430664,-0.019619999453425407,-0.42016345262527466,-0.15333999693393707
25.33300018310547,-0.00812000036239624,-0.23095020651817322,-0.15884000062942505
25.339000701904297,0.0013099999632686377,-0.0465250089764595,-0.16460999846458435
25.344999313354492,0.0038799999747425318,0.04509654641151428,-0.17031000554561615
25.35099983215332,0.0034199999645352364,0.05876091122627258,-0.17553000152111053
25.35700035095215,0.004819999914616346,0.04877391830086708,-0.17990000545978546
25.363000869750977,0.0081599997356534,0.04458276182413101,-0.18303999304771423
25.368999481201172,0.00913000013679266,0.04262012615799904,-0.184579998254776
25.375,0.0033599999733269215,0.04131114482879639,-0.18440000712871552
25.381000518798828,-0.0026100000832229853,0.040948349982500076,-0.18241000175476074
25.386999130249023,0.00019200000679120421,0.039260465651750565,-0.1785999983549118
25.39299964904785,0.0037499999161809683,0.03625661879777908,-0.17303000390529633
25.39900016784668,-0.0005579999997280538,0.032210517674684525,-0.16579000651836395
25.405000686645508,-0.003490000031888485,0.028628913685679436,-0.157260000705719
25.410999298095703,0.0020200000144541264,0.025239812210202217,-0.1477299928665161
25.41699981689453,0.006990000139921904,0.022389495745301247,-0.13755999505519867
25.42300033569336,0.003710000077262521,0.022162992507219315,-0.12706999480724335
25.429000854492188,-0.0010000000474974513,0.025521956384181976,-0.11657000333070755
25.434999465942383,0.0015300000086426735,0.028381580486893654,-0.10650999844074249
25.44099998474121,0.007269999943673611,0.029491210356354713,-0.09715999662876129
25.44700050354004,0.009449999779462814,0.029779907315969467,-0.08872999995946884
25.452999114990234,0.00860000029206276,0.0325293205678463,-0.08138000220060349
25.458999633789062,0.006039999891072512,0.03740200027823448,-0.07515999674797058
25.46500015258789,0.003700000001117587,0.0406247079372406,-0.07022999972105026
25.47100067138672,0.004490000195801258,0.039678286761045456,-0.06650000065565109
25.476999282836914,0.006519999820739031,0.03587151691317558,-0.06387999653816223
25.482999801635742,0.006200000178068876,0.025108611211180687,-0.062210001051425934
25.48900032043457,0.0022100000642240047,0.0027824610006064177,-0.06128999963402748
25.4950008392334,-0.002300000051036477,-0.02869880013167858,-0.061080001294612885
25.500999450683594,-0.0011500000255182385,-0.058178119361400604,-0.061319999396800995
25.506999969482422,0.001560000004246831,-0.0765056312084198,-0.06179000064730644
25.51300048828125,-0.003530000103637576,-0.08172525465488434,-0.06232000142335892
25.518999099731445,-0.009990000165998936,-0.07801201194524765,-0.06265000253915787
25.524999618530273,-0.006940000224858522,-0.06749901175498962,-0.06285999715328217
25.5310001373291,-0.0008919999818317592,-0.055191680788993835,-0.06273999810218811
25.53700065612793,-0.003120000008493662,-0.044437527656555176,-0.06216999888420105
25.542999267578125,-0.00913000013679266,-0.037455104291439056,-0.061069998890161514
25.548999786376953,-0.008059999905526638,-0.03506868705153465,-0.05931999906897545
25.55500030517578,-0.00343000004068017,-0.03736666962504387,-0.05708000063896179
25.56100082397461,-0.004129999782890081,-0.044607505202293396,-0.05423999950289726
25.566999435424805,-0.0064500002190470695,-0.055014997720718384,-0.05079999938607216
25.572999954223633,-0.006260000169277191,-0.06327732652425766,-0.04673000052571297
25.57900047302246,-0.006240000016987324,-0.06639298796653748,-0.042010001838207245
25.584999084472656,-0.004679999779909849,-0.06383261829614639,-0.036809999495744705
25.590999603271484,-0.0021200000774115324,-0.05519226938486099,-0.031129999086260796
25.597000122070312,-0.004360000137239695,-0.04085765779018402,-0.02501000091433525
25.60300064086914,-0.00761000020429492,-0.022724203765392303,-0.018530000001192093
25.608999252319336,-0.0042500002309679985,-0.005247494671493769,-0.011730000376701355
25.614999771118164,0.0005680000176653266,0.006257918663322926,-0.004840000066906214
25.621000289916992,-0.0021699999924749136,0.01083988044410944,0.002050000010058284
25.62700080871582,-0.007009999826550484,0.012414921075105667,0.00880999956279993
25.632999420166016,-0.003010000102221966,0.01736556552350521,0.015320000238716602
25.638999938964844,0.0030900000128895044,0.02511206641793251,0.02143000066280365
25.645000457763672,7.690000347793102e-05,0.03273946791887283,0.026890000328421593
25.650999069213867,-0.0030900000128895044,0.04057387262582779,0.03164999932050705
25.656999588012695,0.00203999993391335,0.04999576881527901,0.035590000450611115
25.663000106811523,0.004480000119656324,0.05783902853727341,0.03866000100970268
25.66900062561035,-0.002360000042244792,0.05901005119085312,0.0408100001513958
25.674999237060547,-0.008630000054836273,0.054112520068883896,0.04193999990820885
25.680999755859375,-0.006610000040382147,0.04861872270703316,0.042160000652074814
25.687000274658203,-0.0008689999813213944,0.0447731614112854,0.04157999902963638
25.69300079345703,0.0022700000554323196,0.04084615409374237,0.04030999913811684
25.698999404907227,0.003490000031888485,0.035901304334402084,0.03853999823331833
25.704999923706055,0.0035800000187009573,0.032775118947029114,0.03633999824523926
25.711000442504883,0.002309999894350767,0.03501208499073982,0.03400000184774399
25.716999053955078,0.003269999986514449,0.03937455266714096,0.03172999992966652
25.722999572753906,0.004089999943971634,0.042043257504701614,0.0297200009226799
25.729000091552734,-0.00022400000307243317,0.04352707043290138,0.028189999982714653
25.735000610351562,-0.0014400000218302011,0.04574079066514969,0.027170000597834587
25.740999221801758,0.00558000011369586,0.04798721894621849,0.026839999482035637
25.746999740600586,0.007860000245273113,0.04793040454387665,0.027249999344348907
25.753000259399414,-0.0006900000153109431,0.04505911469459534,0.028429999947547913
25.759000778198242,-0.005770000163465738,0.042113274335861206,0.030319999903440475
25.764999389648438,0.0012700000079348683,0.042153336107730865,0.03279000148177147
25.770999908447266,0.007799999788403511,0.04385041072964668,0.03571999818086624
25.777000427246094,0.004809999838471413,0.04387301579117775,0.03895999863743782
25.783000946044922,0.0020699999295175076,0.04190744459629059,0.042319998145103455
25.788999557495117,0.0031300000846385956,0.040206629782915115,0.0456399992108345
25.795000076293945,0.0005360000068321824,0.0410810224711895,0.048700001090765
25.801000595092773,-0.0005859999801032245,0.0419696606695652,0.05135999992489815
25.80699920654297,0.006039999891072512,0.040589120239019394,0.05350000038743019
25.812999725341797,0.010970000177621841,0.039369117468595505,0.05505000054836273
25.819000244140625,0.008659999817609787,0.04121638461947441,0.0560000017285347
25.825000762939453,0.005289999768137932,0.04479793831706047,0.05634000152349472
25.83099937438965,0.0032599999103695154,0.04724597558379173,0.05617000162601471
25.836999893188477,0.0007529999711550772,0.04694974794983864,0.05558000132441521
25.843000411987305,0.00025499999173916876,0.04541835933923721,0.05471999943256378
25.849000930786133,0.003269999986514449,0.045763615518808365,0.05375000089406967
25.854999542236328,0.00418000016361475,0.04779242351651192,0.05282000079751015
25.861000061035156,0.0018599999602884054,0.049478258937597275,0.05211000144481659
25.867000579833984,0.0030400000978261232,0.04867517575621605,0.051739998161792755
25.87299919128418,0.0057299998588860035,0.045033108443021774,0.051819998770952225
25.878999710083008,0.004879999905824661,0.039725907146930695,0.052390001714229584
25.885000228881836,0.006070000119507313,0.03680223971605301,0.05344000086188316
25.891000747680664,0.009580000303685665,0.03779201954603195,0.05496999993920326
25.89699935913086,0.008270000107586384,0.040700607001781464,0.05688999965786934
25.902999877929688,0.005330000072717667,0.043619126081466675,0.05908000096678734
25.909000396728516,0.00430000014603138,0.044435206800699234,0.06134999915957451
25.915000915527344,0.00036299999919719994,0.04472947120666504,0.06355000287294388
25.92099952697754,-0.0034000000450760126,0.043922606855630875,0.06552000343799591
25.927000045776367,0.00215000007301569,0.040586262941360474,0.06711000204086304
25.933000564575195,0.012120000086724758,0.0338859036564827,0.06817000359296799
25.93899917602539,0.012790000066161156,0.029258964583277702,0.0685499981045723
25.94499969482422,0.005659999791532755,0.029849709942936897,0.0681999996304512
25.951000213623047,0.002940000034868717,0.03596264496445656,0.06712999939918518
25.957000732421875,0.004230000078678131,0.04250616952776909,0.06533999741077423
25.96299934387207,0.004240000154823065,0.04678145423531532,0.0628800019621849
25.9689998626709,0.005859999917447567,0.05045624077320099,0.05982999876141548
25.975000381469727,0.008440000005066395,0.05415054038167,0.05634000152349472
25.981000900268555,0.009259999729692936,0.05699525400996208,0.05253000184893608
25.98699951171875,0.010990000329911709,0.05696387216448784,0.0485600009560585
25.993000030517578,0.011060000397264957,0.05657612904906273,0.04456000030040741
25.999000549316406,0.00634999992325902,0.05750902369618416,0.0406700000166893
26.0049991607666,0.004209999926388264,0.059150125831365585,0.036979999393224716
26.01099967956543,0.007790000177919865,0.056216832250356674,0.033569999039173126
26.017000198364258,0.007960000075399876,0.054629888385534286,0.030479999259114265
26.023000717163086,0.0016499999910593033,0.060923848301172256,0.02775000035762787
26.02899932861328,0.00013099999341648072,0.08056638389825821,0.0254100002348423
26.03499984741211,0.008440000005066395,0.10866935551166534,0.023429999127984047
26.041000366210938,0.014709999784827232,0.11689593642950058,0.02175999991595745
26.047000885009766,0.011049999855458736,0.0446857213973999,0.020360000431537628
26.05299949645996,0.0005719999899156392,-0.13841775059700012,0.01923000067472458
26.05900001525879,-0.01408000010997057,-0.3622745871543884,0.01841999962925911
26.065000534057617,-0.023110000416636467,-0.48215752840042114,0.017920000478625298
26.070999145507812,-0.014589999802410603,-0.410999596118927,0.017740000039339066
26.07699966430664,0.0010600000387057662,-0.21340838074684143,0.01792999915778637
26.08300018310547,0.0058200000785291195,-0.036059729754924774,0.018570000305771828
26.089000701904297,0.0028200000524520874,0.044125910848379135,0.019770000129938126
26.094999313354492,0.00279999990016222,0.04867251217365265,0.021630000323057175
26.10099983215332,0.0030900000128895044,0.03147028386592865,0.02418999932706356
26.10700035095215,-0.0014299999456852674,0.01714537851512432,0.027499999850988388
26.113000869750977,-0.004679999779909849,0.010596778243780136,0.03158000111579895
26.118999481201172,-0.003530000103637576,0.010836504399776459,0.03641999885439873
26.125,-0.005470000207424164,0.018561985343694687,0.04196000099182129
26.131000518798828,-0.00798999983817339,0.027999747544527054,0.04806999862194061
26.136999130249023,-0.0020600000862032175,0.03623265400528908,0.054579999297857285
26.14299964904785,0.003980000037699938,0.04089409485459328,0.06128000095486641
26.14900016784668,0.00020799999765586108,0.041070450097322464,0.06786999851465225
26.155000686645508,-0.005169999785721302,0.03663167357444763,0.07406999915838242
26.160999298095703,-0.005309999920427799,0.0293603353202343,0.07959999889135361
26.16699981689453,-0.005439999978989363,0.024457935243844986,0.0841900035738945
26.17300033569336,-0.007019999902695417,0.018015695735812187,0.08756999671459198
26.179000854492188,-0.00431999983265996,0.005983073264360428,0.0895100012421608
26.184999465942383,0.00035099999513477087,-0.007464585825800896,0.08983000367879868
26.19099998474121,-0.0025599999353289604,-0.013837088830769062,0.0885000005364418
26.19700050354004,-0.0094200000166893,-0.012022612616419792,0.08556000143289566
26.202999114990234,-0.009320000186562538,-0.008141480386257172,0.08111000061035156
26.208999633789062,-0.006240000016987324,-0.006336534861475229,0.07532999664545059
26.21500015258789,-0.006320000160485506,-0.0052438704296946526,0.06846000254154205
26.22100067138672,-0.004050000105053186,-0.00398704269900918,0.060910001397132874
26.226999282836914,0.001069999998435378,-0.003635742701590061,0.05307000130414963
26.232999801635742,0.0017300000181421638,-0.008953419514000416,0.045329999178647995
26.23900032043457,-0.0032099999953061342,-0.0225568525493145,0.03813000023365021
26.2450008392334,-0.00860000029206276,-0.04233704134821892,0.0318400003015995
26.250999450683594,-0.010080000385642052,-0.06334622949361801,0.026809999719262123
26.256999969482422,-0.0067900000140070915,-0.08199723064899445,0.0232900008559227
26.26300048828125,-0.0012400000123307109,-0.09801750630140305,0.021460000425577164
26.268999099731445,-2.5999999706982635e-05,-0.11270633339881897,0.021400000900030136
26.274999618530273,-0.0069599999114871025,-0.12544673681259155,0.02305999957025051
26.2810001373291,-0.011149999685585499,-0.13404597342014313,0.02628999948501587
26.28700065612793,-0.003120000008493662,-0.13966651260852814,0.03084000013768673
26.292999267578125,0.003530000103637576,-0.14417335391044617,0.0364300012588501
26.298999786376953,-0.004610000178217888,-0.14497508108615875,0.042649999260902405
26.30500030517578,-0.01573999971151352,-0.14080949127674103,0.049139998853206635
26.31100082397461,-0.01348000019788742,-0.1335105001926422,0.05545999854803085
26.316999435424805,-0.0022499999031424522,-0.12402407824993134,0.06122000142931938
26.322999954223633,0.00024900000425986946,-0.11284618824720383,0.06609000265598297
26.32900047302246,-0.009019999764859676,-0.0946851372718811,0.06978999823331833
26.334999084472656,-0.01319000031799078,-0.06864318996667862,0.07214999943971634
26.340999603271484,-0.00494999997317791,-0.03802692890167236,0.0730699971318245
26.347000122070312,0.002959999954327941,-0.009819640778005123,0.07254000008106232
26.35300064086914,0.001449999981559813,0.011925941333174706,0.0706700012087822
26.358999252319336,-0.003000000026077032,0.025283083319664,0.06758999824523926
26.364999771118164,-0.001120000029914081,0.031123999506235123,0.06360000371932983
26.371000289916992,0.0053400001488626,0.03276733681559563,0.058970000594854355
26.37700080871582,0.00872000027447939,0.03306391090154648,0.054019998759031296
26.382999420166016,0.0088900001719594,0.035644665360450745,0.04904999956488609
26.388999938964844,0.007819999940693378,0.040672630071640015,0.04433000087738037
26.395000457763672,0.00406000018119812,0.0454268716275692,0.040139999240636826
26.400999069213867,0.0009210000280290842,0.04758097603917122,0.03668000176548958
26.406999588012695,0.0017399999778717756,0.04697629436850548,0.03407999873161316
26.413000106811523,0.0028299998957663774,0.044260188937187195,0.03240999951958656
26.41900062561035,0.0014799999771639705,0.03997829556465149,0.03164999932050705
26.424999237060547,0.00034699999378062785,0.03582704812288284,0.03172000125050545
26.430999755859375,0.0028299998957663774,0.034765537828207016,0.032519999891519547
26.437000274658203,0.005859999917447567,0.03760742023587227,0.03387000039219856
26.44300079345703,0.0028299998957663774,0.04129745438694954,0.03558000177145004
26.448999404907227,-0.0021100000012665987,0.04039748013019562,0.03742999956011772
26.454999923706055,-0.0008360000210814178,0.03338959068059921,0.039239998906850815
26.461000442504883,0.0013800000306218863,0.021750938147306442,0.040800001472234726
26.466999053955078,-0.0024300001095980406,0.011723794974386692,0.04196000099182129
26.472999572753906,-0.006169999949634075,0.0071572959423065186,0.04262999817728996
26.479000091552734,-0.0026599999982863665,0.0081787696108222,0.04270000010728836
26.485000610351562,0.002050000010058284,0.01206708699464798,0.04219000041484833
26.490999221801758,-0.0013599999947473407,0.018327746540308,0.04109000042080879
26.496999740600586,-0.0061599998734891415,0.02430710941553116,0.03945000097155571
26.503000259399414,-0.0020099999383091927,0.027254385873675346,0.03734999895095825
26.509000778198242,0.0019399999873712659,0.028692621737718582,0.034929998219013214
26.514999389648438,-0.003490000031888485,0.030239155516028404,0.032329998910427094
26.520999908447266,-0.006850000005215406,0.03320857137441635,0.029670000076293945
26.527000427246094,8.860000093591225e-07,0.03397731855511665,0.027070000767707825
26.533000946044922,0.0056500001810491085,0.03186650201678276,0.024660000577569008
26.538999557495117,0.001120000029914081,0.028355421498417854,0.0225600004196167
26.545000076293945,-0.004209999926388264,0.028420327231287956,0.020889999344944954
26.551000595092773,-0.0016299999551847577,0.02948722429573536,0.019689999520778656
26.55699920654297,0.0003440000000409782,0.03122941590845585,0.019020000472664833
26.562999725341797,-0.0033499998971819878,0.03227588161826134,0.01889999955892563
26.569000244140625,-0.00343999988399446,0.03401721268892288,0.01933000050485134
26.575000762939453,0.0008750000270083547,0.03124527633190155,0.020309999585151672
26.58099937438965,0.0018500000005587935,0.023157164454460144,0.021779999136924744
26.586999893188477,0.00039599998854100704,0.012991568073630333,0.023679999634623528
26.593000411987305,-0.0005549999768845737,0.007780906744301319,0.025960000231862068
26.599000930786133,-0.00107999995816499,0.009982498362660408,0.028519999235868454
26.604999542236328,0.00043700000969693065,0.016983982175588608,0.03125
26.611000061035156,0.002360000042244792,0.02384077198803425,0.0340300016105175
26.617000579833984,0.0006189999985508621,0.028728658333420753,0.036740001291036606
26.62299919128418,-0.0017000000225380063,0.030997805297374725,0.03926999866962433
26.628999710083008,0.0020000000949949026,0.03182007372379303,0.041519999504089355
26.635000228881836,0.007499999832361937,0.03457675501704216,0.04334000125527382
26.641000747680664,0.004149999935179949,0.0380590595304966,0.04464000090956688
26.64699935913086,-0.004120000172406435,0.04093154892325401,0.045340001583099365
26.652999877929688,-0.006479999981820583,0.03989017754793167,0.04538000002503395
26.659000396728516,-0.006680000107735395,0.03191065043210983,0.04478999972343445
26.665000915527344,-0.009410000406205654,0.01476362906396389,0.043540000915527344
26.67099952697754,-0.00839999970048666,-0.009588798508048058,0.04171000048518181
26.677000045776367,-0.0030300000216811895,-0.03835047036409378,0.039400000125169754
26.683000564575195,-0.0003239999932702631,-0.061441127210855484,0.03675999864935875
26.68899917602539,-0.0023399998899549246,-0.07060705125331879,0.03400000184774399
26.69499969482422,-0.0048500001430511475,-0.061249420046806335,0.031279999762773514
26.701000213623047,-0.0030900000128895044,-0.03607520833611488,0.028850000351667404
26.707000732421875,0.00171999994199723,-0.003636640030890703,0.0269399993121624
26.71299934387207,0.00547999981790781,0.02416018582880497,0.02573000080883503
26.7189998626709,0.007899999618530273,0.0421154648065567,0.025429999455809593
26.725000381469727,0.008620000444352627,0.04999509081244469,0.02613000012934208
26.731000900268555,0.007110000122338533,0.052849940955638885,0.02792000025510788
26.73699951171875,0.00674000009894371,0.0549141988158226,0.030789999291300774
26.743000030517578,0.010029999539256096,0.055992841720581055,0.034690000116825104
26.749000549316406,0.014419999904930592,0.05544443055987358,0.03943999856710434
26.7549991607666,0.013819999992847443,0.053807154297828674,0.04481000080704689
26.76099967956543,0.007069999817758799,0.051761239767074585,0.050519999116659164
26.767000198364258,0.00279999990016222,0.0499800443649292,0.05626000091433525
26.773000717163086,0.00558000011369586,0.050190795212984085,0.06168999895453453
26.77899932861328,0.008750000037252903,0.05706664174795151,0.06646999716758728
26.78499984741211,0.0076299998909235,0.07524775713682175,0.0702499970793724
26.791000366210938,0.005669999867677689,0.08976181596517563,0.07280000299215317
26.797000885009766,0.007029999978840351,0.051596835255622864,0.07395000010728836
26.80299949645996,0.00622999994084239,-0.08556734770536423,0.07357999682426453
26.80900001525879,-0.005919999908655882,-0.29079651832580566,0.07174000144004822
26.815000534057617,-0.01933000050485134,-0.4409232437610626,0.06848999857902527
26.820999145507812,-0.015549999661743641,-0.4216739535331726,0.0640999972820282
26.82699966430664,-0.0017000000225380063,-0.24735715985298157,0.05886000022292137
26.83300018310547,0.004480000119656324,-0.044716257601976395,0.053130000829696655
26.839000701904297,0.006639999803155661,0.0722954273223877,0.04735000059008598
26.844999313354492,0.01375999953597784,0.09592414647340775,0.04190000146627426
26.85099983215332,0.016829999163746834,0.07834269106388092,0.037220001220703125
26.85700035095215,0.007840000092983246,0.0655963271856308,0.033649999648332596
26.863000869750977,4.350000017439015e-05,0.060602493584156036,0.031449999660253525
26.868999481201172,0.0033199999015778303,0.055825214833021164,0.030799999833106995
26.875,0.005410000216215849,0.049888238310813904,0.03172999992966652
26.881000518798828,0.0009800000116229057,0.04509856179356575,0.03418999910354614
26.886999130249023,0.0007980000227689743,0.04380931705236435,0.03798000141978264
26.89299964904785,0.004120000172406435,0.04467859864234924,0.04284000024199486
26.89900016784668,0.0031399999279528856,0.044138677418231964,0.04839000105857849
26.905000686645508,0.0014600000577047467,0.04119635373353958,0.05421999841928482
26.910999298095703,0.002739999908953905,0.037152018398046494,0.05990000069141388
26.91699981689453,0.0033400000538676977,0.03229012340307236,0.06500999629497528
26.92300033569336,0.002319999970495701,0.027195975184440613,0.0692100003361702
26.929000854492188,0.0025599999353289604,0.022782418876886368,0.07218000292778015
26.934999465942383,0.0029200001154094934,0.018173785880208015,0.07377000153064728
26.94099998474121,0.00023700000019744039,0.010896707884967327,0.0738999992609024
26.94700050354004,-0.0012600000482052565,0.0010868775425478816,0.07260999828577042
26.952999114990234,0.0017399999778717756,-0.009437850676476955,0.07006999850273132
26.958999633789062,0.0020099999383091927,-0.01749284379184246,0.06648000329732895
26.96500015258789,-0.0020200000144541264,-0.02092800661921501,0.062199998646974564
26.97100067138672,-0.0031799999997019768,-0.02054601162672043,0.057590000331401825
26.976999282836914,-0.0035200000274926424,-0.023280451074242592,0.0530100017786026
26.982999801635742,-0.008259999565780163,-0.03403453156352043,0.04879000037908554
26.98900032043457,-0.012179999612271786,-0.05333491042256355,0.045239999890327454
26.9950008392334,-0.009789999574422836,-0.0766187310218811,0.04255999997258186
27.000999450683594,-0.005799999926239252,-0.09542251378297806,0.040860000997781754
27.006999969482422,-0.006750000175088644,-0.10636893659830093,0.04016999900341034
27.01300048828125,-0.008440000005066395,-0.10834509134292603,0.04041999951004982
27.018999099731445,-0.004660000093281269,-0.1066228374838829,0.04145999997854233
27.024999618530273,-0.0024900001008063555,-0.1065763458609581,0.04301999881863594
27.0310001373291,-0.007550000213086605,-0.11298436671495438,0.04481999948620796
27.03700065612793,-0.010110000148415565,-0.12382698804140091,0.04659000039100647
27.042999267578125,-0.003909999970346689,-0.13458997011184692,0.04805000126361847
27.048999786376953,0.0022100000642240047,-0.1385275423526764,0.04904000088572502
27.05500030517578,-0.000661000027321279,-0.1351148933172226,0.04936999827623367
27.06100082397461,-0.0075599998235702515,-0.12707585096359253,0.048990000039339066
27.066999435424805,-0.008430000394582748,-0.12195192277431488,0.047940000891685486
27.072999954223633,-0.005760000087320805,-0.11846859008073807,0.04636000096797943
27.07900047302246,-0.006430000066757202,-0.11169572919607162,0.04447999969124794
27.084999084472656,-0.006769999861717224,-0.09778477251529694,0.04261000081896782
27.090999603271484,-0.0052999998442828655,-0.08035401254892349,0.04104999825358391
27.097000122070312,-0.0071000000461936,-0.0607658252120018,0.040139999240636826
27.10300064086914,-0.009039999917149544,-0.03988044336438179,0.040150001645088196
27.108999252319336,-0.00471000000834465,-0.016883859410881996,0.041280001401901245
27.114999771118164,0.0020800000056624413,0.005653133150190115,0.04374000057578087
27.121000289916992,0.002630000002682209,0.026683034375309944,0.047529999166727066
27.12700080871582,-0.002589999930933118,0.04309374839067459,0.052560001611709595
27.132999420166016,-0.0036899999249726534,0.05127726495265961,0.05860999971628189
27.138999938964844,0.0019600000232458115,0.05175938457250595,0.06530000269412994
27.145000457763672,0.0063599999994039536,0.04924379289150238,0.07221999764442444
27.150999069213867,0.005960000213235617,0.04816422611474991,0.07890000194311142
27.156999588012695,0.0041600000113248825,0.04693334922194481,0.0848499983549118
27.163000106811523,0.003539999946951866,0.04527377709746361,0.08956000208854675
27.16900062561035,0.0030799999367445707,0.04531233012676239,0.09254000335931778
27.174999237060547,0.0007939999923110008,0.048902034759521484,0.09346000105142593
27.180999755859375,0.0003429999924264848,0.052672240883111954,0.09211999922990799
27.187000274658203,0.003930000122636557,0.0532800555229187,0.08846999704837799
27.19300079345703,0.004699999932199717,0.05024286359548569,0.08256000280380249
27.198999404907227,0.0020200000144541264,0.04763351380825043,0.07461000233888626
27.204999923706055,0.002859999891370535,0.04626535251736641,0.06500999629497528
27.211000442504883,0.004920000210404396,0.04648322984576225,0.05429000034928322
27.216999053955078,0.004000000189989805,0.04590913653373718,0.04303000122308731
27.222999572753906,0.003980000037699938,0.0456111803650856,0.03181000053882599
27.229000091552734,0.004739999771118164,0.047634195536375046,0.021239999681711197
27.235000610351562,0.0008980000275187194,0.05170750617980957,0.011939999647438526
27.240999221801758,-0.0032099999953061342,0.052925266325473785,0.004350000061094761
27.246999740600586,0.002219999907538295,0.048513468354940414,-0.001180000021122396
27.253000259399414,0.010780000127851963,0.04035303369164467,-0.004459999967366457
27.259000778198242,0.007770000025629997,0.036287784576416016,-0.005429999902844429
27.264999389648438,-0.00139999995008111,0.03919130936264992,-0.00418000016361475
27.270999908447266,-0.0038900000508874655,0.0447724312543869,-0.0010300000431016088
27.277000427246094,-0.003289999905973673,0.04965139552950859,0.0036299999337643385
27.283000946044922,-0.0038499999791383743,0.05133454129099846,0.009309999644756317
27.288999557495117,-0.0026700000744313,0.049368735402822495,0.01551000028848648
27.295000076293945,-0.0023300000466406345,0.04508376121520996,0.021689999848604202
27.301000595092773,-0.00394000019878149,0.04165533185005188,0.027310000732541084
27.30699920654297,-0.00279999990016222,0.042023420333862305,0.03192000091075897
27.312999725341797,0.00035600000410340726,0.04529411718249321,0.03520999848842621
27.319000244140625,0.0016599999507889152,0.04641026258468628,0.036970000714063644
27.325000762939453,0.002899999963119626,0.043361596763134,0.03719000145792961
27.33099937438965,0.0061599998734891415,0.03798709064722061,0.035909999161958694
27.336999893188477,0.006320000160485506,0.03423762321472168,0.033330000936985016
27.343000411987305,0.0006670000148005784,0.03356561064720154,0.029750000685453415
27.349000930786133,-0.0035099999513477087,0.036421168595552444,0.025529999285936356
27.354999542236328,-0.004209999926388264,0.041511647403240204,0.02118000015616417
27.361000061035156,-0.006370000075548887,0.045863788574934006,0.017100000753998756
27.367000579833984,-0.0049600000493228436,0.04498674347996712,0.013659999705851078
27.37299919128418,0.0037899999879300594,0.038416773080825806,0.01116000022739172
27.378999710083008,0.009499999694526196,0.028559602797031403,0.009809999726712704
27.385000228881836,0.0062699997797608376,0.022415194660425186,0.009750000201165676
27.391000747680664,0.0006730000022798777,0.02336239255964756,0.010990000329911709
27.39699935913086,-0.0022899999748915434,0.025755014270544052,0.013389999978244305
27.402999877929688,-0.004339999984949827,0.020690439268946648,0.016699999570846558
27.409000396728516,-0.006969999987632036,0.005276513285934925,0.02053000032901764
27.415000915527344,-0.006810000166296959,-0.01380566693842411,0.024539999663829803
27.42099952697754,-0.0028899998869746923,-0.027285972610116005,0.02833000011742115
27.427000045776367,-0.00019799999427050352,-0.0302291102707386,0.03150000050663948
27.433000564575195,-9.680000221123919e-05,-0.02121925540268421,0.03367999941110611
27.43899917602539,-7.03999976394698e-05,-0.00028594164177775383,0.03452000021934509
27.44499969482422,0.0008420000085607171,0.024059588089585304,0.03382999822497368
27.451000213623047,0.0027099999133497477,0.0405806265771389,0.03150999918580055
27.457000732421875,0.0020800000056624413,0.04543133080005646,0.027559999376535416
27.46299934387207,-0.0028200000524520874,0.04505212977528572,0.022099999710917473
27.4689998626709,-0.004889999981969595,0.045460671186447144,0.015320000238716602
27.475000381469727,-0.00018099999579135329,0.046808596700429916,0.0075599998235702515
27.481000900268555,0.00506999995559454,0.04611952230334282,-0.0008609999786131084
27.48699951171875,0.005179999861866236,0.043823692947626114,-0.009549999609589577
27.493000030517578,0.0020099999383091927,0.042260315269231796,-0.0181099995970726
27.499000549316406,0.001019999966956675,0.0405552051961422,-0.026079999282956123
27.5049991607666,0.002400000113993883,0.03863242641091347,-0.03313999995589256
27.51099967956543,0.0019399999873712659,0.03947283327579498,-0.039009999483823776
27.517000198364258,-0.000155999994603917,0.048404380679130554,-0.04349999874830246
27.523000717163086,-0.0016400000313296914,0.07017602026462555,-0.04645000025629997
27.52899932861328,-0.0007670000195503235,0.09938045591115952,-0.04772000014781952
27.53499984741211,0.0032500000670552254,0.10391377657651901,-0.047370001673698425
27.541000366210938,0.0033599999733269215,0.027879470959305763,-0.04554000124335289
27.547000885009766,-0.006209999788552523,-0.15483000874519348,-0.042399998754262924
27.55299949645996,-0.01728999987244606,-0.3717166781425476,-0.038100000470876694
27.55900001525879,-0.019920000806450844,-0.48007526993751526,-0.03280000016093254
27.565000534057617,-0.013679999858140945,-0.401623010635376,-0.02677999995648861
27.570999145507812,-0.003710000077262521,-0.20248939096927643,-0.020330000668764114
27.57699966430664,0.004269999917596579,-0.021636927500367165,-0.013659999705851078
27.58300018310547,0.008059999905526638,0.062122996896505356,-0.006949999835342169
27.589000701904297,0.007809999864548445,0.06924133747816086,-0.00029600001289509237
27.594999313354492,0.0037899999879300594,0.05581892654299736,0.006140000186860561
27.60099983215332,-0.0006099999882280827,0.045090723782777786,0.012240000069141388
27.60700035095215,-0.0008249999955296516,0.0425315760076046,0.01795000024139881
27.613000869750977,0.003160000080242753,0.0473502054810524,0.023280000314116478
27.618999481201172,0.004399999976158142,0.05527786538004875,0.028279999271035194
27.625,-0.0016400000313296914,0.05713674798607826,0.032910000532865524
27.631000518798828,-0.0048500001430511475,0.05240250006318092,0.0372299998998642
27.636999130249023,0.001769999973475933,0.04708007723093033,0.04131000116467476
27.64299964904785,0.005160000175237656,0.04639456421136856,0.045159999281167984
27.64900016784668,-0.0005169999785721302,0.045978959649801254,0.04885999858379364
27.655000686645508,-0.0031300000846385956,0.040707044303417206,0.05232999846339226
27.660999298095703,-0.001820000004954636,0.030500326305627823,0.055640000849962234
27.66699981689453,-0.005289999768137932,0.020520556718111038,0.058809999376535416
27.67300033569336,-0.007710000034421682,0.010239927098155022,0.06179000064730644
27.679000854492188,-0.0009159999899566174,-0.0010846501681953669,0.06456000357866287
27.684999465942383,0.004519999958574772,-0.010143178515136242,0.06695999950170517
27.69099998474121,-0.0014199999859556556,-0.011105567216873169,0.06900999695062637
27.69700050354004,-0.005270000081509352,-0.003958357498049736,0.07071000337600708
27.702999114990234,0.003100000089034438,0.002669127658009529,0.07197000086307526
27.708999633789062,0.007699999958276749,-0.002218841342255473,0.07277999818325043
27.71500015258789,-0.0003490000090096146,-0.0195474810898304,0.0729999989271164
27.72100067138672,-0.0064199999906122684,-0.042246297001838684,0.07272999733686447
27.726999282836914,-0.00343999988399446,-0.062223661690950394,0.07199999690055847
27.732999801635742,0.00043799998820759356,-0.07534415274858475,0.07084999978542328
27.73900032043457,0.0011899999808520079,-0.08056480437517166,0.06933999806642532
27.7450008392334,0.0015300000086426735,-0.08063090592622757,0.06751000136137009
27.750999450683594,0.002090000081807375,-0.08137098699808121,0.06550999730825424
27.756999969482422,0.0006980000180192292,-0.09048853814601898,0.06346999853849411
27.76300048828125,-0.0011099999537691474,-0.1085897833108902,0.061500001698732376
27.768999099731445,-0.0013000000035390258,-0.12963460385799408,0.059709999710321426
27.774999618530273,-0.003120000008493662,-0.14318405091762543,0.05820000171661377
27.7810001373291,-0.005330000072717667,-0.14340461790561676,0.05705999955534935
27.78700065612793,-0.0027000000700354576,-0.1293969750404358,0.05635000020265579
27.792999267578125,0.0007060000207275152,-0.10376666486263275,0.05610999837517738
27.798999786376953,0.00022899999748915434,-0.07163297384977341,0.05632000043988228
27.80500030517578,-8.720000187167898e-05,-0.04106725752353668,0.05691999942064285
27.81100082397461,0.001509999972768128,-0.01744275726377964,0.057840000838041306
27.816999435424805,0.0018700000364333391,-0.0012619011104106903,0.058970000594854355
27.822999954223633,0.001129999989643693,0.008341520093381405,0.060180000960826874
27.82900047302246,0.0029200001154094934,0.012572355568408966,0.061330001801252365
27.834999084472656,0.00646999990567565,0.013250438496470451,0.06227999925613403
27.840999603271484,0.005890000145882368,0.013752544298768044,0.0628800019621849
27.847000122070312,0.0024500000290572643,0.0169296283274889,0.06300999969244003
27.85300064086914,0.0026499999221414328,0.020460207015275955,0.06261000037193298
27.858999252319336,0.0030900000128895044,0.020474351942539215,0.061650000512599945
27.864999771118164,-0.001769999973475933,0.015827743336558342,0.06015000119805336
27.871000289916992,-0.0067900000140070915,0.014238184317946434,0.058159999549388885
27.87700080871582,-0.005249999929219484,0.02124643884599209,0.055810000747442245
27.882999420166016,0.00041000000783242285,0.034368447959423065,0.05324000120162964
27.888999938964844,0.0016899999463930726,0.04624364897608757,0.05067000165581703
27.895000457763672,-0.0012199999764561653,0.051753729581832886,0.04831000044941902
27.900999069213867,0.0019600000232458115,0.05144897475838661,0.0463699996471405
27.906999588012695,0.009610000066459179,0.04836087301373482,0.04504000023007393
27.913000106811523,0.009159999899566174,0.04524470493197441,0.044509999454021454
27.91900062561035,0.0016799999866634607,0.04251391068100929,0.0449099987745285
27.924999237060547,-0.002219999907538295,0.04103633016347885,0.04628000035881996
27.930999755859375,-0.0007019999902695417,0.04111739620566368,0.04859999939799309
27.937000274658203,0.0018700000364333391,0.041179411113262177,0.05178000032901764
27.94300079345703,0.0037299999967217445,0.039750222116708755,0.05567999929189682
27.948999404907227,0.004339999984949827,0.035097695887088776,0.060109999030828476
27.954999923706055,0.0014600000577047467,0.03133907541632652,0.06476999819278717
27.961000442504883,-0.002360000042244792,0.032948702573776245,0.0693499967455864
27.966999053955078,-0.000699999975040555,0.040021948516368866,0.07355999946594238
27.972999572753906,0.002240000059828162,0.047012701630592346,0.07714000344276428
27.979000091552734,-0.00010099999781232327,0.05017373710870743,0.07987000048160553
27.985000610351562,-0.0004729999927803874,0.04921768978238106,0.08154000341892242
27.990999221801758,0.005450000055134296,0.04680561646819115,0.08208999782800674
27.996999740600586,0.008030000142753124,0.04370098561048508,0.08151999861001968
28.003000259399414,0.0026400000788271427,0.04019777104258537,0.07993000000715256
28.009000778198242,-0.0029299999587237835,0.039483729749917984,0.07752999663352966
28.014999389648438,-0.0018599999602884054,0.040997590869665146,0.07457000017166138
28.020999908447266,0.002199999988079071,0.0421372689306736,0.07135999947786331
28.027000427246094,0.0027600000612437725,0.04202652722597122,0.06827999651432037
28.033000946044922,0.001180000021122396,0.04327831417322159,0.06567999720573425
28.038999557495117,3.7900001188972965e-05,0.04718464985489845,0.06392999738454819
28.045000076293945,-0.0005879999953322113,0.049759622663259506,0.06322000175714493
28.051000595092773,0.0024399999529123306,0.0484110526740551,0.06374000012874603
28.05699920654297,0.007189999800175428,0.04582446068525314,0.0655599981546402
28.062999725341797,0.006149999797344208,0.04546789452433586,0.06864999979734421
28.069000244140625,0.0023300000466406345,0.04906369373202324,0.07293999940156937
28.075000762939453,0.004939999897032976,0.052517347037792206,0.07807999849319458
28.08099937438965,0.011749999597668648,0.050251323729753494,0.08377999812364578
28.086999893188477,0.011850000359117985,0.04321962222456932,0.089649997651577
28.093000411987305,0.004230000078678131,0.039097659289836884,0.09531000256538391
28.099000930786133,9.419999696547166e-05,0.04047313705086708,0.10040000081062317
28.104999542236328,0.0022299999836832285,0.04319971427321434,0.10464999824762344
28.111000061035156,0.0027099999133497477,0.040452707558870316,0.10790999978780746
28.117000579833984,0.0014199999859556556,0.03264375030994415,0.11010999977588654
28.12299919128418,0.0018700000364333391,0.02510649710893631,0.11122000217437744
28.128999710083008,0.001180000021122396,0.02141372486948967,0.1111999973654747
28.135000228881836,-0.0009759999811649323,0.021457763388752937,0.11065000295639038
28.141000747680664,-0.0007019999902695417,0.02473852038383484,0.11003000289201736
28.14699935913086,0.0029200001154094934,0.02910027839243412,0.10980000346899033
28.152999877929688,0.005489999894052744,0.028459789231419563,0.11022000014781952
28.159000396728516,0.002139999996870756,0.021822940558195114,0.11110000312328339
28.165000915527344,-0.0026199999265372753,0.013437061570584774,0.1133200004696846
28.17099952697754,-0.0013299999991431832,0.007931545376777649,0.11694999784231186
28.177000045776367,0.0019000000320374966,0.003248536493629217,0.1219400018453598
28.183000564575195,0.000623999978415668,-0.00038956987555138767,0.12770000100135803
28.18899917602539,-0.0024500000290572643,0.001886537647806108,0.13287000358104706
28.19499969482422,-0.00267999991774559,0.013173548504710197,0.13729000091552734
28.201000213623047,-0.0009480000007897615,0.027741262689232826,0.13986000418663025
28.207000732421875,-0.0014400000218302011,0.037734437733888626,0.1394300013780594
28.21299934387207,-0.004449999891221523,0.03826463595032692,0.13454000651836395
28.2189998626709,-0.005950000137090683,0.03442990779876709,0.12328000366687775
28.225000381469727,-0.004209999926388264,0.03209903463721275,0.10507000237703323
28.231000900268555,-4.2499999835854396e-05,0.03534051403403282,0.07884000241756439
28.23699951171875,0.0029700000304728746,0.0434015616774559,0.043960001319646835
28.243000030517578,0.00171999994199723,0.052131179720163345,8.86999987415038e-05
28.249000549316406,0.0019600000232458115,0.05521608889102936,-0.052799999713897705
28.2549991607666,0.006610000040382147,0.053146690130233765,-0.11366000026464462
28.26099967956543,0.006639999803155661,0.049700167030096054,-0.18150000274181366
28.267000198364258,0.00012599999899975955,0.051003407686948776,-0.2547999918460846
28.273000717163086,-0.0038799999747425318,0.06555615365505219,-0.3314499855041504
28.27899932861328,-0.0022299999836832285,0.09943190962076187,-0.4087100028991699
28.28499984741211,0.0015200000489130616,0.12336333096027374,-0.4837700128555298
28.291000366210938,0.0034000000450760126,0.06843994557857513,-0.5542700290679932
28.297000885009766,-0.0015699999639764428,-0.11622239649295807,-0.6177399754524231
28.30299949645996,-0.015189999714493752,-0.36265143752098083,-0.67153000831604
28.30900001525879,-0.027160000056028366,-0.5050166249275208,-0.7128400206565857
28.315000534057617,-0.022059999406337738,-0.435807466506958,-0.7398599982261658
28.320999145507812,-0.006000000052154064,-0.2197771817445755,-0.751990020275116
28.32699966430664,-0.0018400000408291817,-0.022221248596906662,-0.7489299774169922
28.33300018310547,-0.009159999899566174,0.05840367451310158,-0.7305200099945068
28.339000701904297,-0.007739999797195196,0.05172554403543472,-0.69691002368927
28.344999313354492,0.0022799998987466097,0.0333506241440773,-0.6494600176811218
28.35099983215332,0.004149999935179949,0.034020569175481796,-0.5906999707221985
28.35700035095215,-0.0027799999807029963,0.043181974440813065,-0.5231299996376038
28.363000869750977,-0.0038999998942017555,0.04473084583878517,-0.44916000962257385
28.368999481201172,0.0027000000700354576,0.039958830922842026,-0.3712199926376343
28.375,0.004540000110864639,0.03711186349391937,-0.292279988527298
28.381000518798828,0.000986000057309866,0.038660481572151184,-0.2154099941253662
28.386999130249023,0.001449999981559813,0.040796153247356415,-0.14309999346733093
28.39299964904785,0.004629999864846468,0.03860669210553169,-0.07728999853134155
28.39900016784668,0.005619999952614307,0.03221329301595688,-0.019460000097751617
28.405000686645508,0.005059999879449606,0.026333637535572052,0.028960000723600388
28.410999298095703,0.002959999954327941,0.024461779743433,0.06755000352859497
28.41699981689453,0.0008019999950192869,0.026994455605745316,0.09629999846220016
28.42300033569336,0.0010300000431016088,0.03087139129638672,0.11563000082969666
28.429000854492188,0.0025400000158697367,0.03420773148536682,0.12647999823093414
28.434999465942383,0.005009999964386225,0.03350892663002014,0.12946000695228577
28.44099998474121,0.008200000040233135,0.02687622793018818,0.12657999992370605
28.44700050354004,0.008379999548196793,0.014792571775615215,0.11947000026702881
28.452999114990234,0.003949999809265137,0.002697030082345009,0.1096000000834465
28.458999633789062,-0.000299000006634742,-0.004059754312038422,0.09844999760389328
28.46500015258789,0.0006290000164881349,-0.005378042347729206,0.08663000166416168
28.47100067138672,0.003280000062659383,-0.006354073062539101,0.07591000199317932
28.476999282836914,0.0027799999807029963,-0.009635373950004578,0.06725999712944031
28.482999801635742,0.0018599999602884054,-0.01509858574718237,0.06106000021100044
28.48900032043457,0.0008159999852068722,-0.024063870310783386,0.05751999840140343
28.4950008392334,-0.0019000000320374966,-0.03585571423172951,0.055959999561309814
28.500999450683594,-0.0003060000017285347,-0.05426740646362305,0.05663999915122986
28.506999969482422,0.0040799998678267,-0.07649549096822739,0.05925000086426735
28.51300048828125,0.0008800000068731606,-0.10036972165107727,0.06317999958992004
28.518999099731445,-0.005710000172257423,-0.12323431670665741,0.06774000078439713
28.524999618530273,-0.004670000169426203,-0.14398972690105438,0.07202000170946121
28.5310001373291,-0.00035200000274926424,-0.1578732579946518,0.07564999908208847
28.53700065612793,-0.0016700000269338489,-0.16318963468074799,0.0782800018787384
28.542999267578125,-0.004089999943971634,-0.1553686559200287,0.07959000021219254
28.548999786376953,-0.00033599999733269215,-0.1374330371618271,0.07931999862194061
28.55500030517578,0.0023799999617040157,-0.11691953241825104,0.07739999890327454
28.56100082397461,-0.0028899998869746923,-0.10165472328662872,0.07390999794006348
28.566999435424805,-0.0058200000785291195,-0.09381130337715149,0.06905999779701233
28.572999954223633,-0.00048099999548867345,-0.08719269186258316,0.06315000355243683
28.57900047302246,0.002099999925121665,-0.07385227084159851,0.056540001183748245
28.584999084472656,-0.0017399999778717756,-0.05075763911008835,0.04966999962925911
28.590999603271484,-0.0018899999558925629,-0.023784782737493515,0.042819999158382416
28.597000122070312,0.0035200000274926424,-0.00402910728007555,0.036309998482465744
28.60300064086914,0.003449999960139394,0.002875083824619651,0.03043000027537346
28.608999252319336,-0.004009999800473452,0.00522221764549613,0.025439999997615814
28.614999771118164,-0.004999999888241291,0.013200221583247185,0.021549999713897705
28.621000289916992,0.0020600000862032175,0.025646815076470375,0.018799999728798866
28.62700080871582,0.0024999999441206455,0.03470015898346901,0.01720000058412552
28.632999420166016,-0.0019499999471008778,0.03639284148812294,0.016720000654459
28.638999938964844,0.0012700000079348683,0.035468392074108124,0.017349999397993088
28.645000457763672,0.0065899998880922794,0.03569960594177246,0.018969999626278877
28.650999069213867,0.004089999943971634,0.037955302745103836,0.021469999104738235
28.656999588012695,-0.0014400000218302011,0.04050415754318237,0.024709999561309814
28.663000106811523,-0.002630000002682209,0.045721385627985,0.02857000008225441
28.66900062561035,0.00011899999663000926,0.052040379494428635,0.032919999212026596
28.674999237060547,0.0026199999265372753,0.05568329989910126,0.03765000030398369
28.680999755859375,0.0007529999711550772,0.054621029645204544,0.04259999841451645
28.687000274658203,-0.006070000119507313,0.0505291223526001,0.04763000085949898
28.69300079345703,-0.009320000186562538,0.04628908634185791,0.05262000113725662
28.698999404907227,-0.0005150000215508044,0.04309958219528198,0.05739999935030937
28.704999923706055,0.009410000406205654,0.04221748933196068,0.06187000125646591
28.711000442504883,0.00646999990567565,0.042072832584381104,0.06583999842405319
28.716999053955078,0.0011899999808520079,0.0420583039522171,0.06917999684810638
28.722999572753906,0.005160000175237656,0.039163608103990555,0.07175000011920929
28.729000091552734,0.007639999967068434,0.034462474286556244,0.07340999692678452
28.735000610351562,0.0010499999625608325,0.03099978156387806,0.07408999651670456
28.740999221801758,-0.004550000187009573,0.03269943594932556,0.0737600028514862
28.746999740600586,-0.0018400000408291817,0.0363636277616024,0.0724399983882904
28.753000259399414,0.0021200000774115324,0.036241158843040466,0.07013999670743942
28.759000778198242,-0.0004820000031031668,0.03286493197083473,0.06693000346422195
28.764999389648438,-0.004290000069886446,0.030621618032455444,0.06296999752521515
28.770999908447266,-0.0034199999645352364,0.030854057520627975,0.058490000665187836
28.777000427246094,-0.0031900000758469105,0.030209233984351158,0.05372000113129616
28.783000946044922,-0.005109999794512987,0.025234965607523918,0.04885999858379364
28.788999557495117,-0.0031900000758469105,0.01928737200796604,0.04410000145435333
28.795000076293945,0.001500000013038516,0.018813597038388252,0.03970000147819519
28.801000595092773,0.0033599999733269215,0.02393260784447193,0.035829998552799225
28.80699920654297,0.002529999939724803,0.03044077567756176,0.03265000134706497
28.812999725341797,0.0016299999551847577,0.03636113554239273,0.030209999531507492
28.819000244140625,-0.0005920000257901847,0.040711864829063416,0.028510000556707382
28.825000762939453,-0.0035699999425560236,0.0416611023247242,0.027540000155568123
28.83099937438965,-0.0004879999905824661,0.038922883570194244,0.027170000597834587
28.836999893188477,0.0057299998588860035,0.0349222831428051,0.027249999344348907
28.843000411987305,0.0018700000364333391,0.03230728954076767,0.02758999913930893
28.849000930786133,-0.007550000213086605,0.03171403706073761,0.027990000322461128
28.854999542236328,-0.006519999820739031,0.03136303275823593,0.028270000591874123
28.861000061035156,0.0017000000225380063,0.03164340555667877,0.02824999950826168
28.867000579833984,0.00443999981507659,0.032954685389995575,0.02776000089943409
28.87299919128418,0.0025100000202655792,0.03683130070567131,0.026729999110102654
28.878999710083008,0.0033499998971819878,0.04030975326895714,0.025100000202655792
28.885000228881836,0.006459999829530716,0.039225053042173386,0.02297000028192997
28.891000747680664,0.00547999981790781,0.03379645571112633,0.02037999965250492
28.89699935913086,0.0009670000290498137,0.029442762956023216,0.01744999922811985
28.902999877929688,-0.0003969999961555004,0.029848191887140274,0.014379999600350857
28.909000396728516,0.0024800000246614218,0.03259493038058281,0.011339999735355377
28.915000915527344,0.00646999990567565,0.031255047768354416,0.008589999750256538
28.92099952697754,0.008190000429749489,0.024167925119400024,0.006279999855905771
28.927000045776367,0.00443999981507659,0.017057320103049278,0.004540000110864639
28.933000564575195,-0.0017000000225380063,0.012124428525567055,0.0034799999557435513
28.93899917602539,-0.004209999926388264,0.006885224021971226,0.0031500000040978193
28.94499969482422,-0.00215999991632998,0.002091749804094434,0.003590000094845891
28.951000213623047,0.0024800000246614218,0.004485525656491518,0.004679999779909849
28.957000732421875,0.006579999811947346,0.016937466338276863,0.006300000008195639
28.96299934387207,0.007410000078380108,0.033304981887340546,0.008299999870359898
28.9689998626709,0.004800000227987766,0.043465230613946915,0.010470000095665455
28.975000381469727,-0.00023299999884329736,0.04631337150931358,0.012649999931454659
28.981000900268555,-0.0028899998869746923,0.04618936404585838,0.014650000259280205
28.98699951171875,0.0011099999537691474,0.04588644951581955,0.01631000079214573
28.993000030517578,0.006769999861717224,0.046414028853178024,0.017500000074505806
28.999000549316406,0.008030000142753124,0.046670593321323395,0.018130000680685043
29.0049991607666,0.00571999978274107,0.047780923545360565,0.018219999969005585
29.01099967956543,0.003220000071451068,0.052249059081077576,0.017799999564886093
29.017000198364258,0.002360000042244792,0.0609322190284729,0.016979999840259552
29.023000717163086,0.001339999958872795,0.07363022118806839,0.01583999954164028
29.02899932861328,-0.00020199999562464654,0.08971508592367172,0.014480000361800194
29.03499984741211,0.001769999973475933,0.10791414231061935,0.013089999556541443
29.041000366210938,0.005489999894052744,0.11615227162837982,0.011789999902248383
29.047000885009766,0.004739999771118164,0.0710761696100235,0.01066999975591898
29.05299949645996,-0.0016700000269338489,-0.07899561524391174,0.009770000353455544
29.05900001525879,-0.011989999562501907,-0.3064058721065521,0.009050000458955765
29.065000534057617,-0.020589999854564667,-0.4814656972885132,0.008489999920129776
29.070999145507812,-0.01916000060737133,-0.4743552803993225,0.00798999983817339
29.07699966430664,-0.008539999835193157,-0.29275840520858765,0.007420000154525042
29.08300018310547,0.0014400000218302011,-0.07698627561330795,0.0065899998880922794
29.089000701904297,0.004399999976158142,0.04929255694150925,0.005330000072717667
29.094999313354492,0.0032599999103695154,0.07754208892583847,0.0035099999513477087
29.10099983215332,0.003379999892786145,0.06665273010730743,0.0010100000072270632
29.10700035095215,0.0035699999425560236,0.058320704847574234,-0.0022499999031424522
29.113000869750977,0.0016899999463930726,0.0561220683157444,-0.006279999855905771
29.118999481201172,-0.0003380000125616789,0.05642451345920563,-0.011020000092685223
29.125,-0.001829999964684248,0.05575719103217125,-0.01631000079214573
29.131000518798828,-0.0019199999514967203,0.05183863639831543,-0.021959999576210976
29.136999130249023,-0.00048499999684281647,0.04622429609298706,-0.027720000594854355
29.14299964904785,-0.0006890000076964498,0.04228365793824196,-0.033319998532533646
29.14900016784668,-5.239999882178381e-05,0.0410856269299984,-0.03846000134944916
29.155000686645508,0.004540000110864639,0.038600750267505646,-0.04280000180006027
29.160999298095703,0.005789999850094318,0.03535881265997887,-0.046140000224113464
29.16699981689453,-0.0004689999914262444,0.03677232936024666,-0.04830000177025795
29.17300033569336,-0.006579999811947346,0.042376160621643066,-0.04918000102043152
29.179000854492188,-0.005470000207424164,0.043457403779029846,-0.04876000061631203
29.184999465942383,0.0006469999789260328,0.03550257533788681,-0.047040000557899475
29.19099998474121,0.0028899998869746923,0.019397787749767303,-0.0442500002682209
29.19700050354004,-0.001979999942705035,0.002952348906546831,-0.04061000049114227
29.202999114990234,-0.005169999785721302,-0.008973589166998863,-0.03643999993801117
29.208999633789062,6.310000026132911e-05,-0.016515452414751053,-0.032099999487400055
29.21500015258789,0.0059899999760091305,-0.021545033901929855,-0.02785000018775463
29.22100067138672,0.0016400000313296914,-0.02745228447020054,-0.024049999192357063
29.226999282836914,-0.007579999975860119,-0.037313062697649,-0.020969999954104424
29.232999801635742,-0.008050000295042992,-0.053756579756736755,-0.018850000575184822
29.23900032043457,-0.0039900001138448715,-0.0764065608382225,-0.017920000478625298
29.2450008392334,-0.00471000000834465,-0.10180854797363281,-0.01809000037610531
29.250999450683594,-0.0026400000788271427,-0.1211295947432518,-0.019360000267624855
29.256999969482422,0.0026199999265372753,-0.1296292096376419,-0.02160000056028366
29.26300048828125,-0.002850000048056245,-0.12884236872196198,-0.0246799997985363
29.268999099731445,-0.013700000010430813,-0.12651664018630981,-0.028459999710321426
29.274999618530273,-0.012900000438094139,-0.1267596334218979,-0.032590001821517944
29.2810001373291,-0.006639999803155661,-0.12706825137138367,-0.03686000034213066
29.28700065612793,-0.009750000201165676,-0.12693126499652863,-0.04106000065803528
29.292999267578125,-0.014589999802410603,-0.13204403221607208,-0.045079998672008514
29.298999786376953,-0.00824000034481287,-0.1445474773645401,-0.048920001834630966
29.30500030517578,-0.0010300000431016088,-0.15588624775409698,-0.052480001002550125
29.31100082397461,-0.0047900001518428326,-0.15618865191936493,-0.05584999918937683
29.316999435424805,-0.009630000218749046,-0.14459708333015442,-0.05917999893426895
29.322999954223633,-0.009359999559819698,-0.13055703043937683,-0.06262999773025513
29.32900047302246,-0.010700000450015068,-0.11897401511669159,-0.06646999716758728
29.334999084472656,-0.01013999991118908,-0.1033257246017456,-0.0708099976181984
29.340999603271484,-0.0024500000290572643,-0.08212287724018097,-0.0758500024676323
29.347000122070312,0.002630000002682209,-0.058825887739658356,-0.08172000199556351
29.35300064086914,-0.0017500000540167093,-0.03755481168627739,-0.08845999836921692
29.358999252319336,-0.005969999823719263,-0.01777244172990322,-0.09602999687194824
29.364999771118164,-0.0008539999835193157,0.0021682640071958303,-0.10417000204324722
29.371000289916992,0.005789999850094318,0.017603736370801926,-0.11269000172615051
29.37700080871582,0.0029299999587237835,0.024036729708313942,-0.12126000225543976
29.382999420166016,-0.0035699999425560236,0.025440171360969543,-0.12951000034809113
29.388999938964844,-0.003289999905973673,0.028346199542284012,-0.13704000413417816
29.395000457763672,0.0024900001008063555,0.03447471559047699,-0.14327000081539154
29.400999069213867,0.008179999887943268,0.03962227702140808,-0.14790000021457672
29.406999588012695,0.00965999998152256,0.04045329988002777,-0.1506499946117401
29.413000106811523,0.005470000207424164,0.03810437396168709,-0.15133999288082123
29.41900062561035,-8.730000263312832e-05,0.038052041083574295,-0.1499200016260147
29.424999237060547,-0.0017999999690800905,0.040997546166181564,-0.1463399976491928
29.430999755859375,0.002050000010058284,0.04310693219304085,-0.14092999696731567
29.437000274658203,0.008419999852776527,0.041901394724845886,-0.13410000503063202
29.44300079345703,0.01083999965339899,0.03836006298661232,-0.1263200044631958
29.448999404907227,0.007449999917298555,0.03631308302283287,-0.11823000013828278
29.454999923706055,0.0021100000012665987,0.03642836585640907,-0.1103999987244606
29.461000442504883,-0.00023400000645779073,0.03690306842327118,-0.10354000329971313
29.466999053955078,0.003650000086054206,0.03491365909576416,-0.09826000034809113
29.472999572753906,0.009159999899566174,0.03243040665984154,-0.0950699970126152
29.479000091552734,0.009209999814629555,0.030876336619257927,-0.09437999874353409
29.485000610351562,0.005760000087320805,0.031707070767879486,-0.09635999798774719
29.490999221801758,0.003449999960139394,0.03345193713903427,-0.10107000172138214
29.496999740600586,0.003160000080242753,0.03604290634393692,-0.1083500012755394
29.503000259399414,0.0036800000816583633,0.03884616866707802,-0.1178399994969368
29.509000778198242,0.0012400000123307109,0.040473829954862595,-0.1290300041437149
29.514999389648438,-0.0028800000436604023,0.04012380540370941,-0.14121000468730927
29.520999908447266,-0.0010400000028312206,0.03790093585848808,-0.1536400020122528
29.527000427246094,0.005750000011175871,0.03630746901035309,-0.16556000709533691
29.533000946044922,0.006750000175088644,0.03792470693588257,-0.17621000111103058
29.538999557495117,0.0004720000142697245,0.04148585721850395,-0.1848900020122528
29.545000076293945,0.00019500000053085387,0.04145338758826256,-0.19099000096321106
29.551000595092773,0.009859999641776085,0.03745267912745476,-0.19415000081062317
29.55699920654297,0.011730000376701355,0.03275159001350403,-0.1941699981689453
29.562999725341797,-7.610000011482043e-06,0.030925685539841652,-0.1910800039768219
29.569000244140625,-0.005280000157654285,0.03154132887721062,-0.1851000040769577
29.575000762939453,0.0026199999265372753,0.03113127127289772,-0.1766200065612793
29.58099937438965,0.007930000312626362,0.029340291395783424,-0.16628000140190125
29.586999893188477,0.0053400001488626,0.029010137543082237,-0.15478000044822693
29.593000411987305,0.0027199999894946814,0.03068927489221096,-0.14289000630378723
29.599000930786133,0.002050000010058284,0.03390757739543915,-0.13144999742507935
29.604999542236328,0.000742000003810972,0.038082633167505264,-0.12116000056266785
29.611000061035156,0.0010000000474974513,0.040890369564294815,-0.11271999776363373
29.617000579833984,0.003980000037699938,0.04037731885910034,-0.10662999749183655
29.62299919128418,0.0040799998678267,0.037538569420576096,-0.1032399982213974
29.628999710083008,0.001560000004246831,0.03584815934300423,-0.10272999852895737
29.635000228881836,0.002850000048056245,0.03655890002846718,-0.10499999672174454
29.641000747680664,0.0036800000816583633,0.036555372178554535,-0.1098100021481514
29.64699935913086,-0.0012799999676644802,0.03405354171991348,-0.11677999794483185
29.652999877929688,-0.0036899999249726534,0.0328683964908123,-0.12535999715328217
29.659000396728516,0.0015800000401213765,0.03425677493214607,-0.13494999706745148
29.665000915527344,0.006390000227838755,0.033221110701560974,-0.14486999809741974
29.67099952697754,0.0026000000070780516,0.024028023704886436,-0.15445999801158905
29.677000045776367,-0.00675999978557229,0.009657965041697025,-0.16314999759197235
29.683000564575195,-0.010870000347495079,-0.001710542943328619,-0.17046000063419342
29.68899917602539,-0.0072200000286102295,-0.0041308170184493065,-0.17601999640464783
29.69499969482422,-0.004540000110864639,-0.0015101834433153272,-0.17966000735759735
29.701000213623047,-0.006390000227838755,0.001991966739296913,-0.18131999671459198
29.707000732421875,-0.00798999983817339,0.007216896396130323,-0.18110999464988708
29.71299934387207,-0.00558000011369586,0.016787193715572357,-0.17924000322818756
29.7189998626709,-0.0004400000034365803,0.02838360145688057,-0.17600999772548676
29.725000381469727,0.0017300000181421638,0.03749444708228111,-0.17186999320983887
29.731000900268555,-0.0010400000028312206,0.04173808917403221,-0.16725000739097595
29.73699951171875,-0.0030700000934302807,0.0427112840116024,-0.16255000233650208
29.743000030517578,0.0003530000103637576,0.04422390088438988,-0.15810999274253845
29.749000549316406,0.006850000005215406,0.047004371881484985,-0.1542000025510788
29.7549991607666,0.008969999849796295,0.051370661705732346,-0.15103000402450562
29.76099967956543,0.004290000069886446,0.05523668974637985,-0.14869999885559082
29.767000198364258,-0.0005339999916031957,0.05686798319220543,-0.14720000326633453
29.773000717163086,-0.002240000059828162,0.05791359394788742,-0.14640000462532043
29.77899932861328,-0.0021299999207258224,0.06341560184955597,-0.14607000350952148
29.78499984741211,0.002090000081807375,0.07988850027322769,-0.1459600031375885
29.791000366210938,0.008369999937713146,0.1043025553226471,-0.14584000408649445
29.797000885009766,0.009189999662339687,0.09815545380115509,-0.14545999467372894
29.80299949645996,0.002090000081807375,-0.0033725968096405268,-0.144569993019104
29.80900001525879,-0.009700000286102295,-0.21650581061840057,-0.14297999441623688
29.815000534057617,-0.018780000507831573,-0.4352220892906189,-0.1406400054693222
29.820999145507812,-0.018950000405311584,-0.5040509104728699,-0.13755999505519867
29.82699966430664,-0.013249999843537807,-0.37284862995147705,-0.13380999863147736
29.83300018310547,-0.0070500001311302185,-0.14993789792060852,-0.1295499950647354
29.839000701904297,-0.0009889999637380242,0.0160138588398695,-0.1249300017952919
29.844999313354492,0.0044200001284480095,0.07143351435661316,-0.12033999711275101
29.85099983215332,0.00559999980032444,0.06831169128417969,-0.11602000147104263
29.85700035095215,-7.970000297063962e-05,0.05789012834429741,-0.1122099980711937
29.863000869750977,-0.006560000125318766,0.05606641247868538,-0.10909999907016754
29.868999481201172,-0.004610000178217888,0.05448489263653755,-0.10678000003099442
29.875,0.0024300001095980406,0.05067385360598564,-0.10546000301837921
29.881000518798828,0.004480000119656324,0.0475386381149292,-0.10507000237703323
29.886999130249023,0.00139999995008111,0.04566638916730881,-0.1054999977350235
29.89299964904785,0.0017099999822676182,0.04199613258242607,-0.10651999711990356
29.89900016784668,0.007849999703466892,0.034305352717638016,-0.10777000337839127
29.905000686645508,0.008729999884963036,0.02501501701772213,-0.10909000039100647
29.910999298095703,-0.00019799999427050352,0.018339885398745537,-0.11007999628782272
29.91699981689453,-0.0029100000392645597,0.012916862964630127,-0.11042000353336334
29.92300033569336,0.006070000119507313,0.008575040847063065,-0.10976999998092651
29.929000854492188,0.008299999870359898,0.008425558917224407,-0.10778000205755234
29.934999465942383,-0.001129999989643693,0.012878150679171085,-0.10442999750375748
29.94099998474121,-0.004670000169426203,0.015591252595186234,-0.099590003490448
29.94700050354004,0.0030799999367445707,0.01021758746355772,-0.09328000247478485
29.952999114990234,0.007819999940693378,-0.0030761330854147673,-0.08557000011205673
29.958999633789062,0.0033400000538676977,-0.016424335539340973,-0.07660999894142151
29.96500015258789,-0.00016199999663513154,-0.025132058188319206,-0.06679999828338623
29.97100067138672,0.0007660000119358301,-0.02935737743973732,-0.056439999490976334
29.976999282836914,-0.000965000013820827,-0.032779913395643234,-0.04583999887108803
29.982999801635742,-0.0038999998942017555,-0.03665624558925629,-0.03537999838590622
29.98900032043457,-0.003659999929368496,-0.04296145215630531,-0.025369999930262566
29.9950008392334,-0.004089999943971634,-0.051090605556964874,-0.016259999945759773
30.000999450683594,-0.005940000060945749,-0.05845209211111069,-0.008229999803006649
30.006999969482422,-0.0049299998208880424,-0.06582216918468475,-0.0014400000218302011
30.01300048828125,-0.001120000029914081,-0.07733427733182907,0.004009999800473452
30.018999099731445,0.0013500000350177288,-0.09216327220201492,0.008089999668300152
30.024999618530273,-0.0010499999625608325,-0.10431032627820969,0.010700000450015068
30.0310001373291,-0.0058200000785291195,-0.10543455928564072,0.012029999867081642
30.03700065612793,-0.00686000008136034,-0.09550442546606064,0.012230000458657742
30.042999267578125,-0.0035600000992417336,-0.08526324480772018,0.011479999870061874
30.048999786376953,0.0001320000010309741,-0.0878971517086029,0.01001999992877245
30.05500030517578,0.00022200000239536166,-0.10524281114339828,0.007910000160336494
30.06100082397461,-0.003229999914765358,-0.12099187076091766,0.005450000055134296
30.066999435424805,-0.003980000037699938,-0.12069534510374069,0.0028299998957663774
30.072999954223633,-0.0002880000101868063,-0.10181928426027298,0.00021899999410379678
30.07900047302246,0.0010600000387057662,-0.08155018836259842,-0.0021800000686198473
30.084999084472656,-0.003530000103637576,-0.0727611631155014,-0.004370000213384628
30.090999603271484,-0.009820000268518925,-0.0747268795967102,-0.0061599998734891415
30.097000122070312,-0.010639999993145466,-0.07302431017160416,-0.007430000230669975
30.10300064086914,-0.004769999999552965,-0.05807484686374664,-0.00810999982059002
30.108999252319336,0.0006949999951757491,-0.031854864209890366,-0.008089999668300152
30.114999771118164,0.00215000007301569,-0.004577693995088339,-0.0073899999260902405
30.121000289916992,0.0005970000056549907,0.016488544642925262,-0.005909999832510948
30.12700080871582,-0.004339999984949827,0.02992306835949421,-0.0036100000143051147
30.132999420166016,-0.006839999929070473,0.03714456036686897,-0.00046400001156143844
30.138999938964844,-0.0005290000117383897,0.03873581066727638,0.003490000031888485
30.145000457763672,0.006670000031590462,0.03680383041501045,0.008150000125169754
30.150999069213867,0.004480000119656324,0.0350068025290966,0.01343000028282404
30.156999588012695,-0.0023300000466406345,0.034493498504161835,0.019169999286532402
30.163000106811523,-0.0020699999295175076,0.03425395488739014,0.025200000032782555
30.16900062561035,0.004720000084489584,0.03452621400356293,0.03125999867916107
30.174999237060547,0.00674000009894371,0.036006633192300797,0.037050001323223114
30.180999755859375,0.0020200000144541264,0.038196757435798645,0.0422700010240078
30.187000274658203,-0.0017999999690800905,0.03915721923112869,0.046640001237392426
30.19300079345703,-0.002360000042244792,0.03889133781194687,0.049880001693964005
30.198999404907227,-0.0005549999768845737,0.03754772990942001,0.051819998770952225
30.204999923706055,0.002739999908953905,0.03469063714146614,0.05222000181674957
30.211000442504883,0.004399999976158142,0.031224552541971207,0.05104999989271164
30.216999053955078,0.0035000001080334187,0.02966836653649807,0.048330001533031464
30.222999572753906,0.001129999989643693,0.031958505511283875,0.044210001826286316
30.229000091552734,-0.0009309999877586961,0.03535374253988266,0.03897000104188919
30.235000610351562,-0.00011300000187475234,0.03648858144879341,0.03288000077009201
30.240999221801758,0.00107999995816499,0.036415841430425644,0.026429999619722366
30.246999740600586,-0.0004949999856762588,0.03738649934530258,0.020090000703930855
30.253000259399414,-0.0012799999676644802,0.039433274418115616,0.014360000379383564
30.259000778198242,0.0013800000306218863,0.039458729326725006,0.009750000201165676
30.264999389648438,0.0055599999614059925,0.037502966821193695,0.006659999955445528
30.270999908447266,0.008609999902546406,0.035766277462244034,0.00546000013127923
30.277000427246094,0.008390000090003014,0.0366431400179863,0.006409999914467335
30.283000946044922,0.00547999981790781,0.03898222744464874,0.009580000303685665
30.288999557495117,0.0020800000056624413,0.04009474068880081,0.014929999597370625
30.295000076293945,-5.0999999075429514e-05,0.040601491928100586,0.022220000624656677
30.301000595092773,0.00037799999699927866,0.04331420734524727,0.03108000010251999
30.30699920654297,0.0018899999558925629,0.047476448118686676,0.041039999574422836
30.312999725341797,0.003819999983534217,0.04798771068453789,0.05153999850153923
30.319000244140625,0.006020000204443932,0.04334922507405281,0.0619099996984005
30.325000762939453,0.003530000103637576,0.03696880117058754,0.07148999720811844
30.33099937438965,-0.0022299999836832285,0.03302188217639923,0.07965999841690063
30.336999893188477,-0.0010499999625608325,0.031098829582333565,0.0859299972653389
30.343000411987305,0.005849999841302633,0.030135132372379303,0.08986999839544296
30.349000930786133,0.006800000090152025,0.029490981251001358,0.09122999757528305
30.354999542236328,0.0003429999924264848,0.030017729848623276,0.0898900032043457
30.361000061035156,-0.003930000122636557,0.03212008997797966,0.08596999943256378
30.367000579833984,-0.002529999939724803,0.036283086985349655,0.0797400027513504
30.37299919128418,-0.0023499999660998583,0.039476603269577026,0.07162000238895416
30.378999710083008,-0.003700000001117587,0.0390511155128479,0.06218000128865242
30.385000228881836,0.000691999972332269,0.03515055030584335,0.05201999843120575
30.391000747680664,0.005890000145882368,0.030171766877174377,0.04185999929904938
30.39699935913086,0.0028099999763071537,0.026958893984556198,0.03235999867320061
30.402999877929688,-0.002369999885559082,0.02509690448641777,0.024140000343322754
30.409000396728516,-0.0013099999632686377,0.022235272452235222,0.017750000581145287
30.415000915527344,0.0017900000093504786,0.020346708595752716,0.01355000026524067
30.42099952697754,-0.00041000000783242285,0.02088935673236847,0.011789999902248383
30.427000045776367,-0.005419999826699495,0.023261157795786858,0.012529999949038029
30.433000564575195,-0.003930000122636557,0.027637921273708344,0.015690000727772713
30.43899917602539,0.0031500000040978193,0.0324154756963253,0.02101000025868416
30.44499969482422,0.004889999981969595,0.035254038870334625,0.02807999961078167
30.451000213623047,-0.0010400000028312206,0.03482076898217201,0.036389999091625214
30.457000732421875,-0.007519999984651804,0.03091256320476532,0.04540000110864639
30.46299934387207,-0.00851999968290329,0.02838681824505329,0.05452999845147133
30.4689998626709,-0.002940000034868717,0.030174704268574715,0.06322000175714493
30.475000381469727,0.003650000086054206,0.03451208397746086,0.07096000015735626
30.481000900268555,0.004509999882429838,0.039611149579286575,0.07733999937772751
30.48699951171875,-0.0009560000034980476,0.04415212199091911,0.0820700004696846
30.493000030517578,-0.006969999987632036,0.04917542263865471,0.0849900022149086
30.499000549316406,-0.006610000040382147,0.054761361330747604,0.08606000244617462
30.5049991607666,-0.001829999964684248,0.05719668045639992,0.08540000021457672
30.51099967956543,0.0005830000154674053,0.05430921912193298,0.0832199975848198
30.517000198364258,0.001879999996162951,0.04956837743520737,0.07982999831438065
30.523000717163086,0.0037799999117851257,0.05034102499485016,0.07556000351905823
30.52899932861328,0.0034099998883903027,0.06523725390434265,0.07079999893903732
30.53499984741211,0.0038900000508874655,0.09237617254257202,0.0659400001168251
30.541000366210938,0.008569999597966671,0.09581395238637924,0.06134000048041344
30.547000885009766,0.010619999840855598,0.017792340368032455,0.05728000029921532
30.55299949645996,0.0021100000012665987,-0.16325221955776215,0.05397000163793564
30.55900001525879,-0.012959999963641167,-0.36349478363990784,0.05152999982237816
30.565000534057617,-0.02020999975502491,-0.44559332728385925,0.049970000982284546
30.570999145507812,-0.013910000212490559,-0.35060784220695496,0.04927999898791313
30.57699966430664,-0.005100000184029341,-0.1586143672466278,0.04932999983429909
30.58300018310547,-0.002630000002682209,-0.0010027847019955516,0.049959998577833176
30.589000701904297,-0.002409999957308173,0.06215298920869827,0.050939999520778656
30.594999313354492,0.0012400000123307109,0.06153450906276703,0.05204999819397926
30.60099983215332,0.005950000137090683,0.04859355092048645,0.05310000106692314
30.60700035095215,0.004819999914616346,0.04423839598894119,0.053929999470710754
30.613000869750977,-0.0003020000003743917,0.04745616763830185,0.054409999400377274
30.618999481201172,-0.00035700001171790063,0.05153050273656845,0.05445000156760216
30.625,0.004230000078678131,0.0516204908490181,0.05406000092625618
30.631000518798828,0.006829999852925539,0.047735098749399185,0.05325999855995178
30.636999130249023,0.006089999806135893,0.04566636681556702,0.052149999886751175
30.64299964904785,0.003909999970346689,0.04917524755001068,0.0508200004696846
30.64900016784668,0.004370000213384628,0.05420977994799614,0.049389999359846115
30.655000686645508,0.009689999744296074,0.05322917178273201,0.04805000126361847
30.660999298095703,0.014120000414550304,0.04471573606133461,0.046870000660419464
30.66699981689453,0.011429999954998493,0.031469374895095825,0.04594999924302101
30.67300033569336,0.003160000080242753,0.018948493525385857,0.04531000182032585
30.679000854492188,-0.0024900001008063555,0.00996759906411171,0.04495999962091446
30.684999465942383,-0.0004689999914262444,0.00588318333029747,0.04487000033259392
30.69099998474121,0.002580000087618828,0.0011907625012099743,0.04495000094175339
30.69700050354004,0.000375000003259629,-0.006415560841560364,0.045079998672008514
30.702999114990234,-0.0028099999763071537,-0.01741860620677471,0.04510999843478203
30.708999633789062,-0.0035699999425560236,-0.03126300871372223,0.04490000009536743
30.71500015258789,-0.003909999970346689,-0.051436468958854675,0.044349998235702515
30.72100067138672,-0.005280000157654285,-0.0775589793920517,0.04332999885082245
30.726999282836914,-0.00687999976798892,-0.10432428121566772,0.04179999977350235
30.732999801635742,-0.006020000204443932,-0.12159693241119385,0.039739999920129776
30.73900032043457,-0.002460000105202198,-0.12604884803295135,0.03719000145792961
30.7450008392334,0.0003499999875202775,-0.12478354573249817,0.03426999971270561
30.750999450683594,-0.0006539999740198255,-0.13061055541038513,0.031120000407099724
30.756999969482422,-0.006949999835342169,-0.14688274264335632,0.027899999171495438
30.76300048828125,-0.013179999776184559,-0.16522826254367828,0.024819999933242798
30.768999099731445,-0.010329999960958958,-0.17611554265022278,0.022089999169111252
30.774999618530273,-0.0025100000202655792,-0.1788911670446396,0.01995999924838543
30.7810001373291,-0.0018400000408291817,-0.17912980914115906,0.018559999763965607
30.78700065612793,-0.009220000356435776,-0.18253770470619202,0.018039999529719353
30.792999267578125,-0.016019999980926514,-0.18739429116249084,0.018449999392032623
30.798999786376953,-0.017100000753998756,-0.18820153176784515,0.01981000043451786
30.80500030517578,-0.015939999371767044,-0.18518637120723724,0.022089999169111252
30.81100082397461,-0.01590999960899353,-0.17873144149780273,0.025140000507235527
30.816999435424805,-0.01351999957114458,-0.16952310502529144,0.028790000826120377
30.822999954223633,-0.00892999954521656,-0.15528874099254608,0.03280999884009361
30.82900047302246,-0.007149999961256981,-0.13291966915130615,0.03691999986767769
30.834999084472656,-0.006899999920278788,-0.10213102400302887,0.040860000997781754
30.840999603271484,-0.00559999980032444,-0.06649438291788101,0.044360000640153885
30.847000122070312,-0.004889999981969595,-0.03332069516181946,0.04715999960899353
30.85300064086914,-0.005470000207424164,-0.007751187309622765,0.049059998244047165
30.858999252319336,-0.006930000148713589,0.009970556013286114,0.04992000013589859
30.864999771118164,-0.008179999887943268,0.023725835606455803,0.04964999854564667
30.871000289916992,-0.007790000177919865,0.035807736217975616,0.048239998519420624
30.87700080871582,-0.005499999970197678,0.04443741589784622,0.04577000066637993
30.882999420166016,-0.0017500000540167093,0.04548456147313118,0.04236999899148941
30.888999938964844,0.00020199999562464654,0.035464003682136536,0.03824999928474426
30.895000457763672,-0.002199999988079071,0.01778465136885643,0.03365999832749367
30.900999069213867,-0.00558000011369586,-0.0026674584951251745,0.02889999933540821
30.906999588012695,-0.00750999990850687,-0.022515779361128807,0.02425999939441681
30.913000106811523,-0.007899999618530273,-0.03849902004003525,0.020029999315738678
30.91900062561035,-0.006200000178068876,-0.0505182258784771,0.01648000068962574
30.924999237060547,-0.006049999967217445,-0.0583345852792263,0.013849999755620956
30.930999755859375,-0.008659999817609787,-0.061340104788541794,0.012299999594688416
30.937000274658203,-0.008460000157356262,-0.05980972573161125,0.011920000426471233
30.94300079345703,-0.00546000013127923,-0.05679183825850487,0.012749999761581421
30.948999404907227,-0.0048500001430511475,-0.0541260652244091,0.014720000326633453
30.954999923706055,-0.006839999929070473,-0.049569398164749146,0.01769999973475933
30.961000442504883,-0.008670000359416008,-0.03516272455453873,0.021469999104738235
30.966999053955078,-0.009569999761879444,-0.008793705143034458,0.025800000876188278
30.972999572753906,-0.01030999980866909,0.019961711019277573,0.030400000512599945
30.979000091552734,-0.010289999656379223,0.03777477517724037,0.0349700003862381
30.985000610351562,-0.0088900001719594,0.04000718891620636,0.03920000046491623
30.990999221801758,-0.007790000177919865,0.03082084283232689,0.04280000180006027
30.996999740600586,-0.006810000166296959,0.018339086323976517,0.04554000124335289
31.003000259399414,-0.007269999943673611,0.00799822062253952,0.04724999889731407
31.009000778198242,-0.012120000086724758,0.0018639835761860013,0.04786999896168709
31.014999389648438,-0.013319999910891056,0.0,0.04733999818563461
31.020999908447266,-0.0050200000405311584,0.0,0.04574999958276749
31.027000427246094,-0.0005949999904260039,0.0,0.043230000883340836
31.033000946044922,-0.006690000183880329,0.0,0.03999999910593033
31.038999557495117,-0.01030999980866909,0.0,0.03637000173330307
31.045000076293945,-0.006909999996423721,0.0,0.03260999917984009
31.051000595092773,-0.0057299998588860035,0.0,0.029069999232888222
31.05699920654297,-0.008200000040233135,0.0,0.02604999952018261
31.062999725341797,-0.00800000037997961,0.0,0.023840000852942467
31.069000244140625,-0.006779999937862158,0.0,0.022709999233484268
31.075000762939453,-0.008949999697506428,0.0,0.022779999300837517
31.08099937438965,-0.008440000005066395,0.0,0.024170000106096268
31.086999893188477,-0.002469999948516488,0.0,0.02686000056564808
31.093000411987305,-0.001290000043809414,0.0,0.03077000007033348
31.099000930786133,-0.007799999788403511,0.0,0.035760000348091125
31.104999542236328,-0.01257999986410141,0.0,0.04152999818325043
31.111000061035156,-0.010940000414848328,0.0,0.04777999967336655
31.117000579833984,-0.007240000180900097,0.0,0.05420000106096268
31.12299919128418,-0.00848000030964613,0.0,0.0604499988257885
31.128999710083008,-0.013030000030994415,0.0,0.06620000302791595
31.135000228881836,-0.011739999987185001,0.0,0.0711200013756752
31.141000747680664,-0.009200000204145908,0.0,0.07498999685049057
31.14699935913086,-0.016750000417232513,0.0,0.07766000181436539
31.152999877929688,-0.024790000170469284,0.0,0.07902999967336655
31.159000396728516,-0.019460000097751617,0.0,0.07910999655723572
31.165000915527344,-0.011549999937415123,0.0,0.07799000293016434
31.17099952697754,-0.014430000446736813,0.0,0.07586999982595444
31.177000045776367,-0.014530000276863575,0.0,0.0729999989271164
31.183000564575195,-0.014589999802410603,0.0,0.06964000314474106
31.18899917602539,-0.014569999650120735,0.0,0.06606999784708023
31.19499969482422,-0.014569999650120735,0.0,0.06261999905109406
31.201000213623047,-0.014569999650120735,0.0,0.05959999933838844
31.207000732421875,-0.014569999650120735,0.0,0.0572500005364418
31.21299934387207,-0.014569999650120735,0.0,0.055720001459121704
31.2189998626709,-0.014569999650120735,0.0,0.055059999227523804
31.225000381469727,-0.014569999650120735,0.0,0.05527999997138977
31.231000900268555,-0.014569999650120735,0.0,0.05632000043988228
31.23699951171875,-0.014569999650120735,0.0,0.05801999941468239
31.243000030517578,-0.014569999650120735,0.0,0.06013999879360199
31.249000549316406,-0.014569999650120735,0.0,0.062380000948905945
31.2549991607666,-0.014569999650120735,0.0,0.064410001039505
31.26099967956543,-0.014569999650120735,0.0,0.06593000143766403
31.267000198364258,-0.014569999650120735,0.0,0.06665000319480896
31.273000717163086,-0.014569999650120735,0.0,0.06633999943733215
31.27899932861328,-0.014569999650120735,0.0,0.06483999639749527
31.28499984741211,-0.014569999650120735,0.0,0.06207000091671944
31.291000366210938,-0.014569999650120735,0.0,0.05803000181913376
31.297000885009766,-0.014569999650120735,0.0,0.05282999947667122
31.30299949645996,-0.014569999650120735,0.0,0.04670000076293945
31.30900001525879,-0.014569999650120735,0.0,0.03999999910593033
31.315000534057617,-0.014569999650120735,0.0,0.03310000151395798
31.320999145507812,-0.014569999650120735,0.0,0.026399999856948853
31.32699966430664,-0.014569999650120735,0.0,0.020339999347925186
31.33300018310547,-0.014569999650120735,0.0,0.015329999849200249
31.339000701904297,-0.014569999650120735,0.0,0.011780000291764736
31.344999313354492,-0.014569999650120735,0.0,0.010040000081062317
31.35099983215332,-0.014569999650120735,0.0,0.010289999656379223
31.35700035095215,-0.014569999650120735,0.0,0.012609999626874924
